exp,Kp,u,t,i
0,1.0,5.0,2.1457672119140625e-06,0.13
0,1.0,5.0,0.006952762603759766,0.15
0,1.0,5.0,0.010985612869262695,0.03
0,1.0,5.0,0.015067815780639648,0.13
0,1.0,5.0,0.019075632095336914,0.16
0,1.0,5.0,0.023113012313842773,0.0
0,1.0,5.0,0.027112960815429688,0.12
0,1.0,5.0,0.031107664108276367,-0.02
0,1.0,5.0,0.035108089447021484,0.16
0,1.0,5.0,0.039525508880615234,0.02
0,1.0,5.0,0.043238162994384766,0.11
0,1.0,5.0,0.04747581481933594,0.06
0,1.0,5.0,0.05129814147949219,0.05
0,1.0,5.0,0.05546855926513672,0.15
0,1.0,5.0,0.05947995185852051,0.02
0,1.0,5.0,0.06347274780273438,-0.08
0,1.0,5.0,0.06752181053161621,0.09
0,1.0,5.0,0.0711519718170166,0.12
0,1.0,5.0,0.0750880241394043,0.09
0,1.0,5.0,0.07893586158752441,0.02
0,1.0,5.0,0.08299374580383301,0.17
0,1.0,5.0,0.08707714080810547,0.03
0,1.0,5.0,0.0910649299621582,0.08
0,1.0,5.0,0.09496164321899414,0.03
0,1.0,5.0,0.09896326065063477,0.0
0,1.0,5.0,0.10299825668334961,0.06
0,1.0,5.0,0.10708856582641602,0.0
0,1.0,5.0,0.11112523078918457,0.32
0,1.0,5.0,0.1151285171508789,0.1
0,1.0,5.0,0.11908149719238281,0.16
0,1.0,5.0,0.12321782112121582,0.1
0,1.0,5.0,0.12733864784240723,-0.03
0,1.0,5.0,0.13150954246520996,-0.11
0,1.0,5.0,0.13551974296569824,0.04
0,1.0,5.0,0.13946890830993652,0.04
0,1.0,5.0,0.14332294464111328,0.13
0,1.0,5.0,0.1471543312072754,-0.08
0,1.0,5.0,0.151292085647583,0.03
0,1.0,5.0,0.15547561645507812,0.06
0,1.0,5.0,0.15947461128234863,0.01
0,1.0,5.0,0.16322779655456543,0.12
0,1.0,5.0,0.16751956939697266,0.04
0,1.0,5.0,0.17127633094787598,0.07
0,1.0,5.0,0.17528605461120605,0.07
0,1.0,5.0,0.17941808700561523,0.1
0,1.0,5.0,0.18348097801208496,0.0
0,1.0,5.0,0.18746733665466309,0.12
0,1.0,5.0,0.19121193885803223,0.12
0,1.0,5.0,0.19493460655212402,0.18
0,1.0,5.0,0.198958158493042,0.09
0,1.0,5.0,0.2030656337738037,-0.01
0,1.0,5.0,0.2074429988861084,0.1
0,1.0,5.0,0.2114570140838623,-0.01
0,1.0,5.0,0.2154543399810791,-0.04
0,1.0,5.0,0.21937179565429688,0.0
0,1.0,5.0,0.22358345985412598,0.18
0,1.0,5.0,0.2282578945159912,0.11
0,1.0,5.0,0.23243188858032227,0.05
0,1.0,5.0,0.23653578758239746,0.17
0,1.0,5.0,0.24045515060424805,0.18
0,1.0,5.0,0.2442009449005127,0.11
0,1.0,5.0,0.2485356330871582,0.07
0,1.0,5.0,0.25252866744995117,0.0
0,1.0,5.0,0.25658154487609863,0.11
0,1.0,5.0,0.261549711227417,0.04
0,1.0,5.0,0.2652602195739746,0.04
0,1.0,5.0,0.26935791969299316,0.15
0,1.0,5.0,0.27337169647216797,0.0
0,1.0,5.0,0.2772204875946045,-0.01
0,1.0,5.0,0.28151488304138184,0.11
0,1.0,5.0,0.28509020805358887,0.08
0,1.0,5.0,0.2889726161956787,0.05
0,1.0,5.0,0.29288196563720703,0.0
0,1.0,5.0,0.2970542907714844,0.16
0,1.0,5.0,0.3010828495025635,0.01
0,1.0,5.0,0.3054666519165039,0.19
0,1.0,5.0,0.3095250129699707,0.13
0,1.0,5.0,0.3135356903076172,0.07
0,1.0,5.0,0.31752681732177734,0.07
0,1.0,5.0,0.32155632972717285,0.01
0,1.0,5.0,0.32555484771728516,-0.05
0,1.0,5.0,0.32921624183654785,0.07
0,1.0,5.0,0.3335304260253906,0.09
0,1.0,5.0,0.337127685546875,0.08
0,1.0,5.0,0.34131312370300293,0.07
0,1.0,5.0,0.3452494144439697,0.09
0,1.0,5.0,0.34955334663391113,0.0
0,1.0,5.0,0.3532717227935791,0.13
0,1.0,5.0,0.35747456550598145,0.17
0,1.0,5.0,0.36138296127319336,0.02
0,1.0,5.0,0.36544132232666016,0.14
0,1.0,5.0,0.3689289093017578,0.09
0,1.0,5.0,0.37294864654541016,0.06
0,1.0,5.0,0.376786470413208,0.0
0,1.0,5.0,0.38071346282958984,0.13
0,1.0,5.0,0.3848586082458496,0.07
0,1.0,5.0,0.38868165016174316,0.07
0,1.0,5.0,0.3917398452758789,0.0
0,1.0,5.0,0.3959846496582031,0.3
0,1.0,5.0,0.3999779224395752,0.0
0,1.0,5.0,0.40410470962524414,0.1
0,1.0,5.0,0.4084897041320801,0.06
0,1.0,5.0,0.41210365295410156,0.22
0,1.0,5.0,0.4164457321166992,0.17
0,1.0,5.0,0.42047786712646484,0.06
0,1.0,5.0,0.42444324493408203,0.25
0,1.0,5.0,0.42844605445861816,0.11
0,1.0,5.0,0.4324216842651367,0.14
0,1.0,5.0,0.43642520904541016,0.14
0,1.0,5.0,0.4404265880584717,0.08
0,1.0,5.0,0.4441819190979004,0.0
0,1.0,5.0,0.4485280513763428,0.05
0,1.0,5.0,0.4522438049316406,0.14
0,1.0,5.0,0.45644521713256836,0.02
0,1.0,5.0,0.46044230461120605,0.05
0,1.0,5.0,0.46416211128234863,0.13
0,1.0,5.0,0.4683692455291748,0.16
0,1.0,5.0,0.47255611419677734,0.04
0,1.0,5.0,0.4761641025543213,0.0
0,1.0,5.0,0.4805777072906494,0.15
0,1.0,5.0,0.4842488765716553,0.24
0,1.0,5.0,0.48810601234436035,0.0
0,1.0,5.0,0.4920830726623535,0.07
0,1.0,5.0,0.49629974365234375,0.1
0,1.0,5.0,0.5003519058227539,0.0
0,1.0,5.0,0.5041661262512207,0.16
0,1.0,5.0,0.5081708431243896,0.18
0,1.0,5.0,0.512160062789917,0.25
0,1.0,5.0,0.5162913799285889,0.1
0,1.0,5.0,0.5202939510345459,0.17
0,1.0,5.0,0.5242788791656494,0.14
0,1.0,5.0,0.528634786605835,0.0
0,1.0,5.0,0.5336010456085205,0.05
0,1.0,5.0,0.5376043319702148,0.09
0,1.0,5.0,0.5411231517791748,-0.04
0,1.0,5.0,0.5456573963165283,0.15
0,1.0,5.0,0.550225019454956,0.02
0,1.0,5.0,0.5546386241912842,0.01
0,1.0,5.0,0.5594747066497803,0.09
0,1.0,5.0,0.5636534690856934,0.15
0,1.0,5.0,0.5683884620666504,0.18
0,1.0,5.0,0.5724127292633057,0.28
0,1.0,5.0,0.5762159824371338,0.08
0,1.0,5.0,0.5806009769439697,0.07
0,1.0,5.0,0.5841116905212402,0.08
0,1.0,5.0,0.5885837078094482,0.03
0,1.0,5.0,0.5921461582183838,0.04
0,1.0,5.0,0.595811128616333,0.32
0,1.0,5.0,0.6000263690948486,0.1
0,1.0,5.0,0.6032676696777344,0.12
0,1.0,5.0,0.6071460247039795,0.07
0,1.0,5.0,0.6114590167999268,0.18
0,1.0,5.0,0.6154429912567139,-0.04
0,1.0,5.0,0.619384765625,0.08
0,1.0,5.0,0.6237003803253174,0.06
0,1.0,5.0,0.6286318302154541,0.05
0,1.0,5.0,0.6331026554107666,0.11
0,1.0,5.0,0.6375701427459717,0.09
0,1.0,5.0,0.641636848449707,0.06
0,1.0,5.0,0.6465024948120117,0.1
0,1.0,5.0,0.6506016254425049,0.16
0,1.0,5.0,0.6542198657989502,0.09
0,1.0,5.0,0.6585638523101807,0.07
0,1.0,5.0,0.6621358394622803,0.34
0,1.0,5.0,0.6662003993988037,0.06
0,1.0,5.0,0.6701381206512451,0.03
0,1.0,5.0,0.6740870475769043,0.06
0,1.0,5.0,0.6782007217407227,0.18
0,1.0,5.0,0.6826131343841553,0.11
0,1.0,5.0,0.6866390705108643,-0.05
0,1.0,5.0,0.691171407699585,0.07
0,1.0,5.0,0.694983959197998,0.03
0,1.0,5.0,0.6989715099334717,0.12
0,1.0,5.0,0.7030644416809082,0.12
0,1.0,5.0,0.7070813179016113,0.12
0,1.0,5.0,0.7113165855407715,0.18
0,1.0,5.0,0.7151322364807129,0.06
0,1.0,5.0,0.719332218170166,0.17
0,1.0,5.0,0.7235932350158691,0.08
0,1.0,5.0,0.7272069454193115,0.09
0,1.0,5.0,0.7310905456542969,0.1
0,1.0,5.0,0.735170841217041,0.02
0,1.0,5.0,0.7391932010650635,0.07
0,1.0,5.0,0.7432622909545898,0.11
0,1.0,5.0,0.747246265411377,0.1
0,1.0,5.0,0.7513010501861572,0.14
0,1.0,5.0,0.7553200721740723,0.11
0,1.0,5.0,0.7593433856964111,0.05
0,1.0,5.0,0.7631261348724365,0.29
0,1.0,5.0,0.7668793201446533,0.08
0,1.0,5.0,0.7709338665008545,0.17
0,1.0,5.0,0.7749745845794678,0.09
0,1.0,5.0,0.7789320945739746,0.0
0,1.0,5.0,0.7829647064208984,0.1
0,1.0,5.0,0.786766529083252,0.17
0,1.0,5.0,0.7909462451934814,0.18
0,1.0,5.0,0.7949247360229492,0.03
0,1.0,5.0,0.7989370822906494,0.0
0,1.0,5.0,0.8029811382293701,0.1
0,1.0,5.0,0.8071467876434326,0.32
0,1.0,5.0,0.8110899925231934,0.07
0,1.0,5.0,0.8154909610748291,0.15
0,1.0,5.0,0.8192451000213623,0.23
0,1.0,5.0,0.823185920715332,-0.05
0,1.0,5.0,0.8272850513458252,0.03
0,1.0,5.0,0.8314626216888428,0.29
0,1.0,5.0,0.8354463577270508,0.09
0,1.0,5.0,0.8392307758331299,0.22
0,1.0,5.0,0.8433699607849121,0.05
0,1.0,5.0,0.8472433090209961,0.09
0,1.0,5.0,0.8511526584625244,0.07
0,1.0,5.0,0.855438232421875,0.17
0,1.0,5.0,0.8594796657562256,0.08
0,1.0,5.0,0.8633792400360107,0.0
0,1.0,5.0,0.8677277565002441,0.01
0,1.0,5.0,0.8726577758789062,-0.03
0,1.0,5.0,0.8772518634796143,0.16
0,1.0,5.0,0.881580114364624,0.31
0,1.0,5.0,0.8851244449615479,0.09
0,1.0,5.0,0.8890857696533203,0.11
0,1.0,5.0,0.8931272029876709,-0.07
0,1.0,5.0,0.8970565795898438,0.03
0,1.0,5.0,0.9009783267974854,0.05
0,1.0,5.0,0.9050464630126953,0.05
0,1.0,5.0,0.9093716144561768,0.1
0,1.0,5.0,0.9133243560791016,0.06
0,1.0,5.0,0.9177539348602295,0.06
0,1.0,5.0,0.922661542892456,0.04
0,1.0,5.0,0.9274141788482666,0.17
0,1.0,5.0,0.9315948486328125,0.04
0,1.0,5.0,0.9348697662353516,0.1
0,1.0,5.0,0.9388091564178467,0.07
0,1.0,5.0,0.9428181648254395,0.01
0,1.0,5.0,0.9468934535980225,0.11
0,1.0,5.0,0.9509735107421875,0.12
0,1.0,5.0,0.954979658126831,0.19
0,1.0,5.0,0.9590027332305908,0.13
0,1.0,5.0,0.9629993438720703,0.21
0,1.0,5.0,0.9669332504272461,0.17
0,1.0,5.0,0.9707901477813721,0.12
0,1.0,5.0,0.9749240875244141,-0.09
0,1.0,5.0,0.9789812564849854,-0.03
0,1.0,5.0,0.9831938743591309,0.15
0,1.0,5.0,0.9874351024627686,0.06
0,1.0,5.0,0.991455078125,0.01
0,1.0,5.0,0.9950385093688965,0.07
0,1.0,5.0,0.998769998550415,0.02
0,1.0,5.0,1.0029220581054688,0.78
0,1.0,5.0,1.0114548206329346,0.73
0,1.0,5.0,1.0154750347137451,0.7000000000000001
0,1.0,5.0,1.019279956817627,0.89
0,1.0,5.0,1.023484706878662,1.03
0,1.0,5.0,1.027282476425171,1.02
0,1.0,5.0,1.0314650535583496,1.01
0,1.0,5.0,1.0354537963867188,1.0
0,1.0,5.0,1.0393943786621094,1.01
0,1.0,5.0,1.04341459274292,1.0
0,1.0,5.0,1.0470976829528809,1.01
0,1.0,5.0,1.0511548519134521,1.0
0,1.0,5.0,1.0553481578826904,0.99
0,1.0,5.0,1.059718370437622,1.01
0,1.0,5.0,1.0646188259124756,0.98
0,1.0,5.0,1.069089412689209,1.01
0,1.0,5.0,1.073056936264038,1.0
0,1.0,5.0,1.0768640041351318,1.01
0,1.0,5.0,1.0810980796813965,0.98
0,1.0,5.0,1.0854833126068115,1.01
0,1.0,5.0,1.089479684829712,1.06
0,1.0,5.0,1.092982530593872,0.99
0,1.0,5.0,1.0968732833862305,1.0
0,1.0,5.0,1.1008713245391846,0.99
0,1.0,5.0,1.104914665222168,1.01
0,1.0,5.0,1.1088051795959473,1.0
0,1.0,5.0,1.1135318279266357,0.98
0,1.0,5.0,1.11696457862854,1.01
0,1.0,5.0,1.121061086654663,1.0
0,1.0,5.0,1.1254799365997314,0.97
0,1.0,5.0,1.1290714740753174,1.01
0,1.0,5.0,1.1329677104949951,0.99
0,1.0,5.0,1.137145757675171,1.0
0,1.0,5.0,1.1414892673492432,1.02
0,1.0,5.0,1.1448993682861328,1.01
0,1.0,5.0,1.149477243423462,0.96
0,1.0,5.0,1.15346360206604,0.99
0,1.0,5.0,1.1574797630310059,1.0
0,1.0,5.0,1.161473274230957,0.98
0,1.0,5.0,1.1654455661773682,1.06
0,1.0,5.0,1.1691272258758545,0.98
0,1.0,5.0,1.173459529876709,1.0
0,1.0,5.0,1.1771659851074219,1.01
0,1.0,5.0,1.1814625263214111,1.01
0,1.0,5.0,1.1851005554199219,1.0
0,1.0,5.0,1.1894266605377197,1.0
0,1.0,5.0,1.1934561729431152,1.01
0,1.0,5.0,1.1967949867248535,1.0
0,1.0,5.0,1.2008392810821533,1.01
0,1.0,5.0,1.2048914432525635,1.01
0,1.0,5.0,1.2089533805847168,1.0
0,1.0,5.0,1.2131764888763428,1.0
0,1.0,5.0,1.2176461219787598,1.02
0,1.0,5.0,1.2225875854492188,1.02
0,1.0,5.0,1.2271063327789307,0.98
0,1.0,5.0,1.230940341949463,1.0
0,1.0,5.0,1.2352333068847656,0.98
0,1.0,5.0,1.2389333248138428,1.0
0,1.0,5.0,1.2430815696716309,0.98
0,1.0,5.0,1.24709153175354,1.0
0,1.0,5.0,1.2511675357818604,1.0
0,1.0,5.0,1.2550408840179443,0.98
0,1.0,5.0,1.2590007781982422,1.01
0,1.0,5.0,1.263153076171875,1.0
0,1.0,5.0,1.2671260833740234,1.0
0,1.0,5.0,1.2711799144744873,1.0
0,1.0,5.0,1.275223731994629,1.02
0,1.0,5.0,1.2790696620941162,1.01
0,1.0,5.0,1.283440351486206,1.01
0,1.0,5.0,1.2868945598602295,1.0
0,1.0,5.0,1.290872573852539,1.0
0,1.0,5.0,1.2948923110961914,1.03
0,1.0,5.0,1.2989225387573242,1.0
0,1.0,5.0,1.3028407096862793,1.02
0,1.0,5.0,1.306929588317871,0.99
0,1.0,5.0,1.3112306594848633,1.01
0,1.0,5.0,1.31541109085083,0.97
0,1.0,5.0,1.3192899227142334,1.0
0,1.0,5.0,1.323073387145996,1.01
0,1.0,5.0,1.3272407054901123,0.97
0,1.0,5.0,1.331505537033081,1.01
0,1.0,5.0,1.3355069160461426,1.0
0,1.0,5.0,1.339486837387085,1.01
0,1.0,5.0,1.3430216312408447,1.01
0,1.0,5.0,1.346982479095459,0.97
0,1.0,5.0,1.3514738082885742,1.01
0,1.0,5.0,1.3549280166625977,1.0
0,1.0,5.0,1.3591580390930176,1.01
0,1.0,5.0,1.3634939193725586,0.99
0,1.0,5.0,1.36714768409729,0.9500000000000001
0,1.0,5.0,1.3709681034088135,0.99
0,1.0,5.0,1.3751554489135742,1.01
0,1.0,5.0,1.3794879913330078,1.01
0,1.0,5.0,1.3832623958587646,0.98
0,1.0,5.0,1.387096643447876,1.01
0,1.0,5.0,1.391089677810669,1.01
0,1.0,5.0,1.3954122066497803,1.01
0,1.0,5.0,1.3990719318389893,1.0
0,1.0,5.0,1.4028949737548828,1.0
0,1.0,5.0,1.4069361686706543,0.99
0,1.0,5.0,1.4110324382781982,0.98
0,1.0,5.0,1.4150605201721191,1.0
0,1.0,5.0,1.4192233085632324,1.01
0,1.0,5.0,1.4234111309051514,0.99
0,1.0,5.0,1.4271867275238037,1.01
0,1.0,5.0,1.4314866065979004,1.02
0,1.0,5.0,1.4354472160339355,1.01
0,1.0,5.0,1.4394869804382324,1.0
0,1.0,5.0,1.4431219100952148,1.0
0,1.0,5.0,1.4471399784088135,1.0
0,1.0,5.0,1.4515509605407715,1.01
0,1.0,5.0,1.4550490379333496,0.98
0,1.0,5.0,1.4589831829071045,0.98
0,1.0,5.0,1.4630565643310547,1.01
0,1.0,5.0,1.4669458866119385,1.01
0,1.0,5.0,1.4710323810577393,1.02
0,1.0,5.0,1.4750862121582031,1.01
0,1.0,5.0,1.4789924621582031,0.97
0,1.0,5.0,1.4828758239746094,1.01
0,1.0,5.0,1.4869239330291748,1.0
0,1.0,5.0,1.4914398193359375,1.01
0,1.0,5.0,1.4949491024017334,1.0
0,1.0,5.0,1.498880386352539,1.02
0,1.0,5.0,1.5028314590454102,1.01
0,1.0,5.0,1.5068714618682861,1.0
0,1.0,5.0,1.510941505432129,1.01
0,1.0,5.0,1.515169382095337,1.02
0,1.0,5.0,1.5192337036132812,0.99
0,1.0,5.0,1.5230803489685059,0.99
0,1.0,5.0,1.5271553993225098,0.9500000000000001
0,1.0,5.0,1.5314767360687256,0.99
0,1.0,5.0,1.5349953174591064,0.98
0,1.0,5.0,1.5391061305999756,0.99
0,1.0,5.0,1.5430049896240234,0.98
0,1.0,5.0,1.5471141338348389,1.01
0,1.0,5.0,1.5514726638793945,1.01
0,1.0,5.0,1.5550336837768555,1.0
0,1.0,5.0,1.5594134330749512,1.0
0,1.0,5.0,1.5634510517120361,1.01
0,1.0,5.0,1.5667955875396729,1.0
0,1.0,5.0,1.5708701610565186,1.0
0,1.0,5.0,1.5749495029449463,0.97
0,1.0,5.0,1.5789344310760498,1.0
0,1.0,5.0,1.5831010341644287,1.01
0,1.0,5.0,1.5869512557983398,1.0
0,1.0,5.0,1.5913593769073486,1.0
0,1.0,5.0,1.5953822135925293,1.01
0,1.0,5.0,1.5990562438964844,1.01
0,1.0,5.0,1.6028006076812744,1.02
0,1.0,5.0,1.606816291809082,0.99
0,1.0,5.0,1.6112451553344727,1.03
0,1.0,5.0,1.6153359413146973,1.0
0,1.0,5.0,1.619185209274292,1.03
0,1.0,5.0,1.6231393814086914,1.0
0,1.0,5.0,1.6272265911102295,1.0
0,1.0,5.0,1.6313605308532715,0.99
0,1.0,5.0,1.6353561878204346,1.0
0,1.0,5.0,1.6393656730651855,1.0
0,1.0,5.0,1.6431281566619873,1.0
0,1.0,5.0,1.6473662853240967,1.02
0,1.0,5.0,1.6511940956115723,0.96
0,1.0,5.0,1.655181646347046,1.0
0,1.0,5.0,1.6596348285675049,0.99
0,1.0,5.0,1.6645731925964355,1.0
0,1.0,5.0,1.6690881252288818,0.98
0,1.0,5.0,1.672987461090088,1.01
0,1.0,5.0,1.6770305633544922,0.99
0,1.0,5.0,1.6810660362243652,0.99
0,1.0,5.0,1.6854503154754639,1.0
0,1.0,5.0,1.689054250717163,0.99
0,1.0,5.0,1.6929781436920166,1.01
0,1.0,5.0,1.6968507766723633,0.99
0,1.0,5.0,1.7009339332580566,0.99
0,1.0,5.0,1.7048382759094238,1.0
0,1.0,5.0,1.7091028690338135,0.99
0,1.0,5.0,1.7129533290863037,1.0
0,1.0,5.0,1.717104434967041,1.0
0,1.0,5.0,1.7210032939910889,1.0
0,1.0,5.0,1.7250356674194336,1.0
0,1.0,5.0,1.7290422916412354,1.0
0,1.0,5.0,1.7329485416412354,1.01
0,1.0,5.0,1.7369084358215332,0.96
0,1.0,5.0,1.7409100532531738,1.0
0,1.0,5.0,1.7449219226837158,1.02
0,1.0,5.0,1.7489418983459473,0.99
0,1.0,5.0,1.7529466152191162,0.99
0,1.0,5.0,1.757359504699707,1.01
0,1.0,5.0,1.7613847255706787,1.0
0,1.0,5.0,1.7653377056121826,1.0
0,1.0,5.0,1.7690701484680176,1.0
0,1.0,5.0,1.7733392715454102,0.98
0,1.0,5.0,1.7771885395050049,1.02
0,1.0,5.0,1.7810399532318115,0.98
0,1.0,5.0,1.7853095531463623,1.01
0,1.0,5.0,1.7888615131378174,0.97
0,1.0,5.0,1.792785406112671,1.0
0,1.0,5.0,1.7968370914459229,1.03
0,1.0,5.0,1.800879955291748,0.99
0,1.0,5.0,1.8047826290130615,0.97
0,1.0,5.0,1.8088436126708984,0.98
0,1.0,5.0,1.812981128692627,1.0
0,1.0,5.0,1.816938877105713,1.0
0,1.0,5.0,1.8209729194641113,1.01
0,1.0,5.0,1.82496976852417,1.01
0,1.0,5.0,1.8293101787567139,1.0
0,1.0,5.0,1.8333659172058105,1.0
0,1.0,5.0,1.837360143661499,1.0
0,1.0,5.0,1.8410890102386475,0.99
0,1.0,5.0,1.8448739051818848,1.02
0,1.0,5.0,1.8489534854888916,1.0
0,1.0,5.0,1.8529982566833496,1.0
0,1.0,5.0,1.8576734066009521,1.01
0,1.0,5.0,1.8625872135162354,1.0
0,1.0,5.0,1.867537260055542,1.0
0,1.0,5.0,1.8714978694915771,0.98
0,1.0,5.0,1.8755486011505127,1.03
0,1.0,5.0,1.87906813621521,1.01
0,1.0,5.0,1.8834936618804932,1.0
0,1.0,5.0,1.8875162601470947,1.01
0,1.0,5.0,1.891526460647583,1.01
0,1.0,5.0,1.8955333232879639,1.01
0,1.0,5.0,1.8995285034179688,1.01
0,1.0,5.0,1.9028041362762451,0.93
0,1.0,5.0,1.9068491458892822,0.98
0,1.0,5.0,1.9113073348999023,0.98
0,1.0,5.0,1.9150831699371338,1.0
0,1.0,5.0,1.9190044403076172,1.02
0,1.0,5.0,1.9230585098266602,0.99
0,1.0,5.0,1.9270431995391846,1.0
0,1.0,5.0,1.9312818050384521,0.99
0,1.0,5.0,1.9350535869598389,1.0
0,1.0,5.0,1.9389595985412598,0.99
0,1.0,5.0,1.9435608386993408,1.01
0,1.0,5.0,1.9478516578674316,0.96
0,1.0,5.0,1.9519281387329102,1.02
0,1.0,5.0,1.9560480117797852,1.0
0,1.0,5.0,1.9603297710418701,1.02
0,1.0,5.0,1.964092493057251,1.01
0,1.0,5.0,1.9681580066680908,1.01
0,1.0,5.0,1.971888542175293,1.0
0,1.0,5.0,1.9758720397949219,1.0
0,1.0,5.0,1.9799485206604004,1.04
0,1.0,5.0,1.9839794635772705,0.9400000000000001
0,1.0,5.0,1.9880588054656982,1.0
0,1.0,5.0,1.9919261932373047,0.99
0,1.0,5.0,1.9959256649017334,0.99
0,1.0,5.0,1.9999876022338867,1.01
1,1.0,7.5,5.4836273193359375e-06,0.16
1,1.0,7.5,0.006840229034423828,0.03
1,1.0,7.5,0.01084446907043457,-0.08
1,1.0,7.5,0.014832258224487305,-0.09
1,1.0,7.5,0.018841981887817383,-0.01
1,1.0,7.5,0.022904157638549805,0.16
1,1.0,7.5,0.026893138885498047,0.19
1,1.0,7.5,0.030977964401245117,0.0
1,1.0,7.5,0.03512239456176758,-0.05
1,1.0,7.5,0.03909564018249512,0.05
1,1.0,7.5,0.043320417404174805,0.01
1,1.0,7.5,0.04709625244140625,0.04
1,1.0,7.5,0.05128169059753418,0.0
1,1.0,7.5,0.055268287658691406,0.0
1,1.0,7.5,0.05920767784118652,0.1
1,1.0,7.5,0.06324958801269531,0.18
1,1.0,7.5,0.06726670265197754,0.05
1,1.0,7.5,0.07077813148498535,0.06
1,1.0,7.5,0.07462048530578613,0.28
1,1.0,7.5,0.07868146896362305,0.16
1,1.0,7.5,0.08277511596679688,0.07
1,1.0,7.5,0.08722519874572754,0.01
1,1.0,7.5,0.09083271026611328,0.05
1,1.0,7.5,0.09491848945617676,0.05
1,1.0,7.5,0.09882855415344238,-0.05
1,1.0,7.5,0.10283446311950684,-0.06
1,1.0,7.5,0.10685253143310547,0.1
1,1.0,7.5,0.1110687255859375,0.15
1,1.0,7.5,0.11493325233459473,0.07
1,1.0,7.5,0.11880278587341309,0.08
1,1.0,7.5,0.12280774116516113,0.1
1,1.0,7.5,0.12700939178466797,0.06
1,1.0,7.5,0.13117432594299316,0.23
1,1.0,7.5,0.1349475383758545,0.06
1,1.0,7.5,0.13901972770690918,0.08
1,1.0,7.5,0.14317727088928223,0.07
1,1.0,7.5,0.14722371101379395,-0.04
1,1.0,7.5,0.15125393867492676,0.06
1,1.0,7.5,0.1549830436706543,0.1
1,1.0,7.5,0.15882515907287598,0.03
1,1.0,7.5,0.16284775733947754,0.08
1,1.0,7.5,0.16730856895446777,0.04
1,1.0,7.5,0.17133450508117676,0.02
1,1.0,7.5,0.17470264434814453,-0.04
1,1.0,7.5,0.17881345748901367,0.13
1,1.0,7.5,0.1831526756286621,0.11
1,1.0,7.5,0.18680882453918457,0.2
1,1.0,7.5,0.19076061248779297,0.03
1,1.0,7.5,0.1947166919708252,0.05
1,1.0,7.5,0.1986370086669922,-0.03
1,1.0,7.5,0.2025761604309082,0.0
1,1.0,7.5,0.20662975311279297,0.08
1,1.0,7.5,0.21067142486572266,0.1
1,1.0,7.5,0.21462106704711914,0.23
1,1.0,7.5,0.21882343292236328,0.03
1,1.0,7.5,0.2227494716644287,0.09
1,1.0,7.5,0.2271885871887207,0.07
1,1.0,7.5,0.23111724853515625,0.26
1,1.0,7.5,0.23525428771972656,0.2
1,1.0,7.5,0.2389075756072998,0.09
1,1.0,7.5,0.2428607940673828,0.13
1,1.0,7.5,0.24729585647583008,0.02
1,1.0,7.5,0.25127434730529785,0.1
1,1.0,7.5,0.25522899627685547,0.0
1,1.0,7.5,0.2586784362792969,0.04
1,1.0,7.5,0.2625608444213867,0.04
1,1.0,7.5,0.2667365074157715,0.11
1,1.0,7.5,0.2708475589752197,0.1
1,1.0,7.5,0.27478647232055664,0.04
1,1.0,7.5,0.2786071300506592,0.0
1,1.0,7.5,0.28272223472595215,0.21
1,1.0,7.5,0.28678297996520996,0.03
1,1.0,7.5,0.2908360958099365,0.16
1,1.0,7.5,0.2948415279388428,0.18
1,1.0,7.5,0.2988467216491699,0.2
1,1.0,7.5,0.30310511589050293,0.05
1,1.0,7.5,0.3070833683013916,-0.01
1,1.0,7.5,0.3113734722137451,0.04
1,1.0,7.5,0.3157360553741455,0.06
1,1.0,7.5,0.31969404220581055,0.08
1,1.0,7.5,0.32416844367980957,0.05
1,1.0,7.5,0.3283512592315674,0.02
1,1.0,7.5,0.3323352336883545,0.05
1,1.0,7.5,0.33590197563171387,0.01
1,1.0,7.5,0.34006357192993164,0.12
1,1.0,7.5,0.3443481922149658,0.17
1,1.0,7.5,0.34807753562927246,0.06
1,1.0,7.5,0.3520162105560303,0.07
1,1.0,7.5,0.3563833236694336,0.14
1,1.0,7.5,0.3597888946533203,0.04
1,1.0,7.5,0.36409497261047363,0.09
1,1.0,7.5,0.36835312843322754,0.06
1,1.0,7.5,0.3724074363708496,0.03
1,1.0,7.5,0.376845121383667,0.16
1,1.0,7.5,0.3806767463684082,0.08
1,1.0,7.5,0.3849942684173584,0.03
1,1.0,7.5,0.38909459114074707,0.1
1,1.0,7.5,0.39336466789245605,-0.01
1,1.0,7.5,0.3981010913848877,0.14
1,1.0,7.5,0.40195703506469727,0.12
1,1.0,7.5,0.40612030029296875,0.02
1,1.0,7.5,0.41031312942504883,0.13
1,1.0,7.5,0.4144301414489746,0.31
1,1.0,7.5,0.41939330101013184,0.0
1,1.0,7.5,0.4230799674987793,0.09
1,1.0,7.5,0.4273693561553955,0.02
1,1.0,7.5,0.43093180656433105,0.14
1,1.0,7.5,0.435016393661499,0.14
1,1.0,7.5,0.43881988525390625,-0.04
1,1.0,7.5,0.4434537887573242,0.07
1,1.0,7.5,0.44800496101379395,0.07
1,1.0,7.5,0.452150821685791,-0.03
1,1.0,7.5,0.4563894271850586,0.11
1,1.0,7.5,0.4604179859161377,0.07
1,1.0,7.5,0.46485424041748047,0.24
1,1.0,7.5,0.46939897537231445,0.13
1,1.0,7.5,0.47394657135009766,0.15
1,1.0,7.5,0.4776146411895752,0.04
1,1.0,7.5,0.4818899631500244,0.1
1,1.0,7.5,0.48595166206359863,0.19
1,1.0,7.5,0.4901251792907715,-0.01
1,1.0,7.5,0.4938373565673828,0.12
1,1.0,7.5,0.49805784225463867,0.1
1,1.0,7.5,0.5024683475494385,0.1
1,1.0,7.5,0.5073888301849365,0.13
1,1.0,7.5,0.5123674869537354,0.04
1,1.0,7.5,0.5158085823059082,0.03
1,1.0,7.5,0.5204317569732666,0.17
1,1.0,7.5,0.5254435539245605,0.0
1,1.0,7.5,0.5298972129821777,0.07
1,1.0,7.5,0.533919095993042,0.08
1,1.0,7.5,0.538388729095459,0.05
1,1.0,7.5,0.5433597564697266,0.11
1,1.0,7.5,0.5473804473876953,0.04
1,1.0,7.5,0.5509459972381592,0.22
1,1.0,7.5,0.5554049015045166,0.08
1,1.0,7.5,0.560410737991333,0.08
1,1.0,7.5,0.5649502277374268,0.19
1,1.0,7.5,0.569404125213623,0.15
1,1.0,7.5,0.5731663703918457,0.15
1,1.0,7.5,0.5767555236816406,0.05
1,1.0,7.5,0.580988883972168,0.12
1,1.0,7.5,0.5852885246276855,-0.01
1,1.0,7.5,0.5891373157501221,0.0
1,1.0,7.5,0.5933773517608643,0.19
1,1.0,7.5,0.5983633995056152,0.13
1,1.0,7.5,0.6032049655914307,0.07
1,1.0,7.5,0.6071395874023438,0.05
1,1.0,7.5,0.6114253997802734,0.25
1,1.0,7.5,0.615816593170166,0.1
1,1.0,7.5,0.619753360748291,-0.04
1,1.0,7.5,0.623908281326294,0.0
1,1.0,7.5,0.6285514831542969,0.02
1,1.0,7.5,0.6334586143493652,0.28
1,1.0,7.5,0.6383695602416992,0.04
1,1.0,7.5,0.6424281597137451,0.05
1,1.0,7.5,0.6474061012268066,0.02
1,1.0,7.5,0.652409553527832,-0.04
1,1.0,7.5,0.657459020614624,0.0
1,1.0,7.5,0.6624298095703125,0.11
1,1.0,7.5,0.6668620109558105,0.04
1,1.0,7.5,0.6708533763885498,0.07
1,1.0,7.5,0.6752796173095703,0.05
1,1.0,7.5,0.678612232208252,0.14
1,1.0,7.5,0.6827800273895264,0.06
1,1.0,7.5,0.686955451965332,0.16
1,1.0,7.5,0.6910066604614258,0.11
1,1.0,7.5,0.6948635578155518,0.09
1,1.0,7.5,0.6989343166351318,0.05
1,1.0,7.5,0.7029283046722412,0.06
1,1.0,7.5,0.7069065570831299,0.24
1,1.0,7.5,0.7110464572906494,0.01
1,1.0,7.5,0.7150285243988037,0.16
1,1.0,7.5,0.7194569110870361,0.18
1,1.0,7.5,0.7239716053009033,0.04
1,1.0,7.5,0.728369951248169,0.04
1,1.0,7.5,0.73240065574646,0.04
1,1.0,7.5,0.7373387813568115,0.15
1,1.0,7.5,0.7407205104827881,0.07
1,1.0,7.5,0.7446250915527344,0.1
1,1.0,7.5,0.7484195232391357,0.2
1,1.0,7.5,0.7514655590057373,0.16
1,1.0,7.5,0.755420446395874,0.26
1,1.0,7.5,0.7584989070892334,0.03
1,1.0,7.5,0.7624697685241699,0.13
1,1.0,7.5,0.7664635181427002,0.17
1,1.0,7.5,0.7704155445098877,0.0
1,1.0,7.5,0.7734730243682861,0.05
1,1.0,7.5,0.777496337890625,0.07
1,1.0,7.5,0.7814338207244873,0.09
1,1.0,7.5,0.7844233512878418,0.2
1,1.0,7.5,0.7873945236206055,0.23
1,1.0,7.5,0.7904207706451416,0.0
1,1.0,7.5,0.7934346199035645,0.04
1,1.0,7.5,0.7964262962341309,0.04
1,1.0,7.5,0.7994258403778076,0.16
1,1.0,7.5,0.802424430847168,0.15
1,1.0,7.5,0.8054437637329102,0.08
1,1.0,7.5,0.8084392547607422,0.07
1,1.0,7.5,0.8117213249206543,0.05
1,1.0,7.5,0.8162839412689209,0.01
1,1.0,7.5,0.8200769424438477,0.13
1,1.0,7.5,0.824251651763916,-0.05
1,1.0,7.5,0.827958345413208,0.34
1,1.0,7.5,0.8322038650512695,0.11
1,1.0,7.5,0.8362524509429932,0.08
1,1.0,7.5,0.8397009372711182,0.11
1,1.0,7.5,0.8435800075531006,0.09
1,1.0,7.5,0.8476688861846924,0.01
1,1.0,7.5,0.8520309925079346,0.1
1,1.0,7.5,0.8563721179962158,-0.02
1,1.0,7.5,0.8607962131500244,0.15
1,1.0,7.5,0.8648386001586914,0.07
1,1.0,7.5,0.8693501949310303,-0.07
1,1.0,7.5,0.8730833530426025,0.02
1,1.0,7.5,0.876725435256958,0.11
1,1.0,7.5,0.8805615901947021,0.04
1,1.0,7.5,0.8847215175628662,0.02
1,1.0,7.5,0.8890881538391113,0.22
1,1.0,7.5,0.8928384780883789,0.08
1,1.0,7.5,0.8969001770019531,0.08
1,1.0,7.5,0.9009883403778076,0.0
1,1.0,7.5,0.904810905456543,0.07
1,1.0,7.5,0.9087426662445068,0.12
1,1.0,7.5,0.9128153324127197,0.02
1,1.0,7.5,0.9168257713317871,0.04
1,1.0,7.5,0.9208168983459473,0.07
1,1.0,7.5,0.9249248504638672,0.13
1,1.0,7.5,0.92873215675354,0.1
1,1.0,7.5,0.9326305389404297,0.23
1,1.0,7.5,0.9365200996398926,0.24
1,1.0,7.5,0.940626859664917,-0.03
1,1.0,7.5,0.9447109699249268,-0.06
1,1.0,7.5,0.9487392902374268,-0.04
1,1.0,7.5,0.953202486038208,0.16
1,1.0,7.5,0.9570369720458984,0.13
1,1.0,7.5,0.9611115455627441,0.13
1,1.0,7.5,0.9648082256317139,0.14
1,1.0,7.5,0.9692206382751465,-0.09
1,1.0,7.5,0.9730772972106934,0.16
1,1.0,7.5,0.9771370887756348,0.13
1,1.0,7.5,0.9807374477386475,0.02
1,1.0,7.5,0.9847173690795898,0.07
1,1.0,7.5,0.9889931678771973,0.02
1,1.0,7.5,0.9933161735534668,0.08
1,1.0,7.5,0.9973206520080566,0.11
1,1.0,7.5,1.0019958019256592,1.6
1,1.0,7.5,1.0099685192108154,1.1400000000000001
1,1.0,7.5,1.0140087604522705,1.93
1,1.0,7.5,1.017862319946289,2.48
1,1.0,7.5,1.0221900939941406,2.46
1,1.0,7.5,1.0263566970825195,2.42
1,1.0,7.5,1.0311877727508545,2.42
1,1.0,7.5,1.0349690914154053,2.43
1,1.0,7.5,1.0389654636383057,2.45
1,1.0,7.5,1.043316125869751,2.44
1,1.0,7.5,1.0468895435333252,2.42
1,1.0,7.5,1.0513250827789307,2.42
1,1.0,7.5,1.0549614429473877,2.43
1,1.0,7.5,1.0593738555908203,2.4
1,1.0,7.5,1.064344882965088,2.42
1,1.0,7.5,1.068739652633667,2.4
1,1.0,7.5,1.072808027267456,2.42
1,1.0,7.5,1.077307939529419,2.43
1,1.0,7.5,1.0805342197418213,2.43
1,1.0,7.5,1.084886074066162,2.44
1,1.0,7.5,1.088965892791748,2.42
1,1.0,7.5,1.092911720275879,2.42
1,1.0,7.5,1.0968587398529053,2.44
1,1.0,7.5,1.1008098125457764,2.43
1,1.0,7.5,1.1048645973205566,2.43
1,1.0,7.5,1.1090936660766602,2.42
1,1.0,7.5,1.1127245426177979,2.43
1,1.0,7.5,1.1167802810668945,2.42
1,1.0,7.5,1.120957851409912,2.42
1,1.0,7.5,1.1252238750457764,2.41
1,1.0,7.5,1.1293039321899414,2.43
1,1.0,7.5,1.1332616806030273,2.43
1,1.0,7.5,1.137235164642334,2.42
1,1.0,7.5,1.1407716274261475,2.42
1,1.0,7.5,1.1452455520629883,2.39
1,1.0,7.5,1.148787498474121,2.43
1,1.0,7.5,1.1527085304260254,2.42
1,1.0,7.5,1.1569750308990479,2.41
1,1.0,7.5,1.160599946975708,2.42
1,1.0,7.5,1.1645903587341309,2.42
1,1.0,7.5,1.168924331665039,2.42
1,1.0,7.5,1.173187017440796,2.42
1,1.0,7.5,1.177283525466919,2.42
1,1.0,7.5,1.180497169494629,2.44
1,1.0,7.5,1.1845190525054932,2.41
1,1.0,7.5,1.1889595985412598,2.42
1,1.0,7.5,1.1930012702941895,2.43
1,1.0,7.5,1.1972784996032715,2.43
1,1.0,7.5,1.2006804943084717,2.43
1,1.0,7.5,1.2048544883728027,2.43
1,1.0,7.5,1.2089455127716064,2.42
1,1.0,7.5,1.2130653858184814,2.44
1,1.0,7.5,1.2166409492492676,2.42
1,1.0,7.5,1.2208456993103027,2.43
1,1.0,7.5,1.2249064445495605,2.42
1,1.0,7.5,1.2290894985198975,2.41
1,1.0,7.5,1.2332618236541748,2.42
1,1.0,7.5,1.2372407913208008,2.42
1,1.0,7.5,1.240727424621582,2.42
1,1.0,7.5,1.2447514533996582,2.41
1,1.0,7.5,1.2487950325012207,2.4
1,1.0,7.5,1.2527942657470703,2.41
1,1.0,7.5,1.2572224140167236,2.42
1,1.0,7.5,1.2606232166290283,2.43
1,1.0,7.5,1.264575481414795,2.43
1,1.0,7.5,1.2686588764190674,2.44
1,1.0,7.5,1.2727105617523193,2.4
1,1.0,7.5,1.2767505645751953,2.42
1,1.0,7.5,1.2807047367095947,2.42
1,1.0,7.5,1.284564733505249,2.41
1,1.0,7.5,1.2886807918548584,2.42
1,1.0,7.5,1.2927727699279785,2.43
1,1.0,7.5,1.296800136566162,2.42
1,1.0,7.5,1.3007481098175049,2.42
1,1.0,7.5,1.3047466278076172,2.42
1,1.0,7.5,1.3087592124938965,2.42
1,1.0,7.5,1.3129913806915283,2.41
1,1.0,7.5,1.3166708946228027,2.41
1,1.0,7.5,1.3208425045013428,2.44
1,1.0,7.5,1.3249855041503906,2.42
1,1.0,7.5,1.329298734664917,2.4
1,1.0,7.5,1.333331823348999,2.4
1,1.0,7.5,1.3369817733764648,2.41
1,1.0,7.5,1.3413383960723877,2.41
1,1.0,7.5,1.3448858261108398,2.41
1,1.0,7.5,1.3487496376037598,2.39
1,1.0,7.5,1.3530735969543457,2.41
1,1.0,7.5,1.3568413257598877,2.43
1,1.0,7.5,1.3612127304077148,2.41
1,1.0,7.5,1.3647105693817139,2.43
1,1.0,7.5,1.3687615394592285,2.45
1,1.0,7.5,1.3728046417236328,2.41
1,1.0,7.5,1.3774864673614502,2.39
1,1.0,7.5,1.3818364143371582,2.42
1,1.0,7.5,1.385617971420288,2.42
1,1.0,7.5,1.3898210525512695,2.43
1,1.0,7.5,1.3939356803894043,2.4
1,1.0,7.5,1.397944450378418,2.4
1,1.0,7.5,1.40201735496521,2.41
1,1.0,7.5,1.405787706375122,2.41
1,1.0,7.5,1.4100775718688965,2.41
1,1.0,7.5,1.4141836166381836,2.42
1,1.0,7.5,1.417715311050415,2.42
1,1.0,7.5,1.4223096370697021,2.42
1,1.0,7.5,1.426419734954834,2.41
1,1.0,7.5,1.4311473369598389,2.42
1,1.0,7.5,1.4348013401031494,2.42
1,1.0,7.5,1.4389121532440186,2.42
1,1.0,7.5,1.443310022354126,2.41
1,1.0,7.5,1.4469568729400635,2.39
1,1.0,7.5,1.4509203433990479,2.42
1,1.0,7.5,1.455169677734375,2.4
1,1.0,7.5,1.458784818649292,2.4
1,1.0,7.5,1.4632985591888428,2.42
1,1.0,7.5,1.4666683673858643,2.42
1,1.0,7.5,1.4707260131835938,2.41
1,1.0,7.5,1.4748022556304932,2.41
1,1.0,7.5,1.4794390201568604,2.43
1,1.0,7.5,1.4837028980255127,2.42
1,1.0,7.5,1.4875750541687012,2.4
1,1.0,7.5,1.4919612407684326,2.41
1,1.0,7.5,1.4960243701934814,2.41
1,1.0,7.5,1.5000841617584229,2.42
1,1.0,7.5,1.504133939743042,2.37
1,1.0,7.5,1.5084574222564697,2.43
1,1.0,7.5,1.5127475261688232,2.42
1,1.0,7.5,1.5167522430419922,2.42
1,1.0,7.5,1.5207791328430176,2.44
1,1.0,7.5,1.5250568389892578,2.42
1,1.0,7.5,1.5288653373718262,2.42
1,1.0,7.5,1.533266544342041,2.42
1,1.0,7.5,1.5372974872589111,2.42
1,1.0,7.5,1.5413246154785156,2.41
1,1.0,7.5,1.546126127243042,2.4
1,1.0,7.5,1.5499048233032227,2.41
1,1.0,7.5,1.5543222427368164,2.44
1,1.0,7.5,1.55885648727417,2.41
1,1.0,7.5,1.562814712524414,2.43
1,1.0,7.5,1.5673511028289795,2.41
1,1.0,7.5,1.5722558498382568,2.42
1,1.0,7.5,1.5757853984832764,2.42
1,1.0,7.5,1.5803377628326416,2.41
1,1.0,7.5,1.5836915969848633,2.42
1,1.0,7.5,1.5875616073608398,2.42
1,1.0,7.5,1.5918121337890625,2.43
1,1.0,7.5,1.595804214477539,2.42
1,1.0,7.5,1.5999765396118164,2.43
1,1.0,7.5,1.6039986610412598,2.41
1,1.0,7.5,1.607849359512329,2.41
1,1.0,7.5,1.6120038032531738,2.43
1,1.0,7.5,1.6158976554870605,2.42
1,1.0,7.5,1.6197078227996826,2.42
1,1.0,7.5,1.6240577697753906,2.42
1,1.0,7.5,1.6283690929412842,2.42
1,1.0,7.5,1.6333096027374268,2.42
1,1.0,7.5,1.6372926235198975,2.41
1,1.0,7.5,1.6409056186676025,2.42
1,1.0,7.5,1.645282506942749,2.41
1,1.0,7.5,1.6487929821014404,2.39
1,1.0,7.5,1.6529085636138916,2.41
1,1.0,7.5,1.6568653583526611,2.4
1,1.0,7.5,1.6613082885742188,2.42
1,1.0,7.5,1.664839267730713,2.4
1,1.0,7.5,1.6686229705810547,2.42
1,1.0,7.5,1.6730971336364746,2.42
1,1.0,7.5,1.6769399642944336,2.42
1,1.0,7.5,1.6810963153839111,2.38
1,1.0,7.5,1.6846721172332764,2.4
1,1.0,7.5,1.688567876815796,2.42
1,1.0,7.5,1.6929619312286377,2.41
1,1.0,7.5,1.6970443725585938,2.43
1,1.0,7.5,1.701089859008789,2.42
1,1.0,7.5,1.7051160335540771,2.43
1,1.0,7.5,1.7094101905822754,2.42
1,1.0,7.5,1.7143323421478271,2.43
1,1.0,7.5,1.7185916900634766,2.43
1,1.0,7.5,1.7227411270141602,2.4
1,1.0,7.5,1.7273991107940674,2.42
1,1.0,7.5,1.7323620319366455,2.43
1,1.0,7.5,1.7373335361480713,2.43
1,1.0,7.5,1.7417588233947754,2.42
1,1.0,7.5,1.7461156845092773,2.42
1,1.0,7.5,1.7502202987670898,2.42
1,1.0,7.5,1.7542917728424072,2.42
1,1.0,7.5,1.7581617832183838,2.42
1,1.0,7.5,1.761650562286377,2.4
1,1.0,7.5,1.7655773162841797,2.41
1,1.0,7.5,1.769697666168213,2.41
1,1.0,7.5,1.773728609085083,2.42
1,1.0,7.5,1.777897596359253,2.4
1,1.0,7.5,1.7820899486541748,2.41
1,1.0,7.5,1.785813331604004,2.41
1,1.0,7.5,1.7895941734313965,2.42
1,1.0,7.5,1.7935023307800293,2.41
1,1.0,7.5,1.797724723815918,2.42
1,1.0,7.5,1.8017842769622803,2.43
1,1.0,7.5,1.8058252334594727,2.43
1,1.0,7.5,1.8097679615020752,2.4
1,1.0,7.5,1.8136777877807617,2.4
1,1.0,7.5,1.817551612854004,2.41
1,1.0,7.5,1.8214006423950195,2.42
1,1.0,7.5,1.8253860473632812,2.37
1,1.0,7.5,1.829385757446289,2.41
1,1.0,7.5,1.8333930969238281,2.41
1,1.0,7.5,1.8374340534210205,2.41
1,1.0,7.5,1.8414242267608643,2.39
1,1.0,7.5,1.8454315662384033,2.41
1,1.0,7.5,1.849942922592163,2.43
1,1.0,7.5,1.853956699371338,2.42
1,1.0,7.5,1.8579599857330322,2.41
1,1.0,7.5,1.8616740703582764,2.4
1,1.0,7.5,1.8655784130096436,2.43
1,1.0,7.5,1.8699853420257568,2.41
1,1.0,7.5,1.8736505508422852,2.41
1,1.0,7.5,1.8775458335876465,2.41
1,1.0,7.5,1.881626844406128,2.41
1,1.0,7.5,1.8856415748596191,2.4
1,1.0,7.5,1.8896369934082031,2.38
1,1.0,7.5,1.8935494422912598,2.41
1,1.0,7.5,1.8975865840911865,2.39
1,1.0,7.5,1.901658058166504,2.4
1,1.0,7.5,1.9056520462036133,2.42
1,1.0,7.5,1.9096770286560059,2.41
1,1.0,7.5,1.9136769771575928,2.41
1,1.0,7.5,1.9181780815124512,2.39
1,1.0,7.5,1.9217290878295898,2.4
1,1.0,7.5,1.926116704940796,2.41
1,1.0,7.5,1.9296650886535645,2.42
1,1.0,7.5,1.934077501296997,2.41
1,1.0,7.5,1.9376940727233887,2.44
1,1.0,7.5,1.9416964054107666,2.41
1,1.0,7.5,1.9456124305725098,2.41
1,1.0,7.5,1.9496800899505615,2.42
1,1.0,7.5,1.9536564350128174,2.41
1,1.0,7.5,1.9576830863952637,2.41
1,1.0,7.5,1.9616773128509521,2.42
1,1.0,7.5,1.9657020568847656,2.41
1,1.0,7.5,1.9697043895721436,2.4
1,1.0,7.5,1.9737370014190674,2.41
1,1.0,7.5,1.9779155254364014,2.41
1,1.0,7.5,1.982323408126831,2.42
1,1.0,7.5,1.987311840057373,2.4
1,1.0,7.5,1.9915351867675781,2.4
1,1.0,7.5,1.9955837726593018,2.4
1,1.0,7.5,1.9997377395629883,2.41
2,1.0,10.0,2.6226043701171875e-06,0.09
2,1.0,10.0,0.006684303283691406,0.04
2,1.0,10.0,0.010485410690307617,0.03
2,1.0,10.0,0.014515876770019531,0.13
2,1.0,10.0,0.01861286163330078,0.0
2,1.0,10.0,0.0225985050201416,0.03
2,1.0,10.0,0.026666641235351562,0.07
2,1.0,10.0,0.030695676803588867,0.15
2,1.0,10.0,0.03473997116088867,0.14
2,1.0,10.0,0.03866314888000488,0.01
2,1.0,10.0,0.04300546646118164,0.07
2,1.0,10.0,0.0471951961517334,0.1
2,1.0,10.0,0.05124044418334961,0.01
2,1.0,10.0,0.05527019500732422,0.09
2,1.0,10.0,0.05868387222290039,0.12
2,1.0,10.0,0.06256699562072754,0.06
2,1.0,10.0,0.06661486625671387,0.01
2,1.0,10.0,0.07084369659423828,0.03
2,1.0,10.0,0.07498669624328613,-0.01
2,1.0,10.0,0.07871365547180176,0.11
2,1.0,10.0,0.08272814750671387,0.08
2,1.0,10.0,0.08670639991760254,0.05
2,1.0,10.0,0.09084844589233398,0.08
2,1.0,10.0,0.09498000144958496,0.0
2,1.0,10.0,0.09898781776428223,0.06
2,1.0,10.0,0.10328006744384766,-0.01
2,1.0,10.0,0.10730648040771484,0.02
2,1.0,10.0,0.11086153984069824,0.05
2,1.0,10.0,0.11483192443847656,0.07
2,1.0,10.0,0.11885428428649902,-0.09
2,1.0,10.0,0.12324762344360352,0.16
2,1.0,10.0,0.12713956832885742,0.09
2,1.0,10.0,0.13072419166564941,0.1
2,1.0,10.0,0.1349186897277832,0.1
2,1.0,10.0,0.13897228240966797,0.06
2,1.0,10.0,0.14312481880187988,0.1
2,1.0,10.0,0.1472795009613037,-0.02
2,1.0,10.0,0.15079307556152344,0.16
2,1.0,10.0,0.15475726127624512,0.06
2,1.0,10.0,0.15883851051330566,0.05
2,1.0,10.0,0.1625661849975586,0.19
2,1.0,10.0,0.1666879653930664,-0.01
2,1.0,10.0,0.17091059684753418,0.09
2,1.0,10.0,0.17487144470214844,0.0
2,1.0,10.0,0.1790778636932373,0.08
2,1.0,10.0,0.18282127380371094,0.06
2,1.0,10.0,0.18691325187683105,0.04
2,1.0,10.0,0.19082975387573242,0.05
2,1.0,10.0,0.19487237930297852,0.0
2,1.0,10.0,0.1993412971496582,0.01
2,1.0,10.0,0.20375633239746094,0.0
2,1.0,10.0,0.2083113193511963,0.08
2,1.0,10.0,0.21222329139709473,0.14
2,1.0,10.0,0.2162303924560547,0.07
2,1.0,10.0,0.22022676467895508,0.11
2,1.0,10.0,0.22421765327453613,0.1
2,1.0,10.0,0.2278156280517578,0.09
2,1.0,10.0,0.2322239875793457,-0.01
2,1.0,10.0,0.2356109619140625,-0.07
2,1.0,10.0,0.2396254539489746,0.02
2,1.0,10.0,0.24364566802978516,0.17
2,1.0,10.0,0.24784564971923828,0.08
2,1.0,10.0,0.25182008743286133,0.07
2,1.0,10.0,0.2560281753540039,0.11
2,1.0,10.0,0.26009225845336914,0.03
2,1.0,10.0,0.26370906829833984,0.03
2,1.0,10.0,0.26764416694641113,0.05
2,1.0,10.0,0.2717299461364746,0.1
2,1.0,10.0,0.2757387161254883,0.05
2,1.0,10.0,0.2798013687133789,0.04
2,1.0,10.0,0.283905029296875,-0.09
2,1.0,10.0,0.2880666255950928,0.11
2,1.0,10.0,0.2920498847961426,0.07
2,1.0,10.0,0.2959623336791992,0.13
2,1.0,10.0,0.3000061511993408,0.04
2,1.0,10.0,0.30407071113586426,0.11
2,1.0,10.0,0.30803966522216797,0.08
2,1.0,10.0,0.31207990646362305,0.04
2,1.0,10.0,0.3160686492919922,0.05
2,1.0,10.0,0.32006335258483887,0.07
2,1.0,10.0,0.32412171363830566,0.08
2,1.0,10.0,0.32792139053344727,0.16
2,1.0,10.0,0.3320128917694092,0.05
2,1.0,10.0,0.33589887619018555,0.11
2,1.0,10.0,0.33980393409729004,0.14
2,1.0,10.0,0.34380316734313965,0.01
2,1.0,10.0,0.3480687141418457,0.08
2,1.0,10.0,0.3522181510925293,0.0
2,1.0,10.0,0.35599613189697266,0.1
2,1.0,10.0,0.3603999614715576,0.1
2,1.0,10.0,0.36464428901672363,0.15
2,1.0,10.0,0.36864638328552246,0.01
2,1.0,10.0,0.372683048248291,0.13
2,1.0,10.0,0.3770427703857422,0.04
2,1.0,10.0,0.3810560703277588,0.1
2,1.0,10.0,0.38506221771240234,0.11
2,1.0,10.0,0.3888700008392334,0.02
2,1.0,10.0,0.39279985427856445,0.08
2,1.0,10.0,0.3970942497253418,0.08
2,1.0,10.0,0.401212215423584,0.01
2,1.0,10.0,0.4047849178314209,-0.06
2,1.0,10.0,0.409257173538208,0.12
2,1.0,10.0,0.4132840633392334,0.02
2,1.0,10.0,0.41727280616760254,0.05
2,1.0,10.0,0.42085790634155273,0.09
2,1.0,10.0,0.4252488613128662,0.03
2,1.0,10.0,0.42924952507019043,0.05
2,1.0,10.0,0.43287014961242676,0.16
2,1.0,10.0,0.4367337226867676,0.18
2,1.0,10.0,0.4412400722503662,0.21
2,1.0,10.0,0.44525599479675293,0.09
2,1.0,10.0,0.44881463050842285,0.07
2,1.0,10.0,0.45322751998901367,0.1
2,1.0,10.0,0.4567110538482666,0.02
2,1.0,10.0,0.4607534408569336,0.0
2,1.0,10.0,0.4645965099334717,0.01
2,1.0,10.0,0.4686274528503418,0.07
2,1.0,10.0,0.4728388786315918,0.01
2,1.0,10.0,0.4770030975341797,0.03
2,1.0,10.0,0.48079419136047363,0.09
2,1.0,10.0,0.48499584197998047,0.13
2,1.0,10.0,0.488844633102417,0.02
2,1.0,10.0,0.4928731918334961,0.08
2,1.0,10.0,0.4970109462738037,0.18
2,1.0,10.0,0.5012421607971191,0.02
2,1.0,10.0,0.5047140121459961,0.12
2,1.0,10.0,0.509274959564209,0.06
2,1.0,10.0,0.5132641792297363,0.06
2,1.0,10.0,0.5166876316070557,-0.02
2,1.0,10.0,0.5207920074462891,0.01
2,1.0,10.0,0.5248219966888428,0.07
2,1.0,10.0,0.5292191505432129,0.04
2,1.0,10.0,0.5329580307006836,0.04
2,1.0,10.0,0.5366294384002686,0.18
2,1.0,10.0,0.5406522750854492,0.05
2,1.0,10.0,0.5447268486022949,0.05
2,1.0,10.0,0.5493869781494141,0.04
2,1.0,10.0,0.5543801784515381,0.04
2,1.0,10.0,0.5593006610870361,0.15
2,1.0,10.0,0.5626778602600098,0.03
2,1.0,10.0,0.5665974617004395,0.2
2,1.0,10.0,0.5707118511199951,0.16
2,1.0,10.0,0.5749607086181641,0.0
2,1.0,10.0,0.5790441036224365,0.06
2,1.0,10.0,0.5829951763153076,0.06
2,1.0,10.0,0.5867419242858887,0.16
2,1.0,10.0,0.5907790660858154,0.16
2,1.0,10.0,0.5954029560089111,0.03
2,1.0,10.0,0.599853515625,0.07
2,1.0,10.0,0.6043379306793213,0.07
2,1.0,10.0,0.609255313873291,0.08
2,1.0,10.0,0.6127240657806396,-0.03
2,1.0,10.0,0.6172473430633545,0.13
2,1.0,10.0,0.6207387447357178,0.02
2,1.0,10.0,0.6246962547302246,0.01
2,1.0,10.0,0.6287739276885986,0.08
2,1.0,10.0,0.632843017578125,0.09
2,1.0,10.0,0.6366715431213379,0.05
2,1.0,10.0,0.6405742168426514,0.01
2,1.0,10.0,0.6446559429168701,0.04
2,1.0,10.0,0.6493244171142578,0.11
2,1.0,10.0,0.6543140411376953,-0.03
2,1.0,10.0,0.6587276458740234,0.19
2,1.0,10.0,0.6626982688903809,0.06
2,1.0,10.0,0.6665778160095215,0.03
2,1.0,10.0,0.670813798904419,0.02
2,1.0,10.0,0.6749565601348877,0.11
2,1.0,10.0,0.6790347099304199,0.02
2,1.0,10.0,0.682854175567627,0.12
2,1.0,10.0,0.6868469715118408,0.13
2,1.0,10.0,0.6907732486724854,0.08
2,1.0,10.0,0.6950106620788574,0.03
2,1.0,10.0,0.6991615295410156,0.18
2,1.0,10.0,0.7033689022064209,0.12
2,1.0,10.0,0.7076547145843506,0.05
2,1.0,10.0,0.7122232913970947,0.09
2,1.0,10.0,0.7156565189361572,0.0
2,1.0,10.0,0.7202415466308594,0.06
2,1.0,10.0,0.7236826419830322,0.11
2,1.0,10.0,0.7276554107666016,0.05
2,1.0,10.0,0.7315866947174072,0.04
2,1.0,10.0,0.7354981899261475,0.15
2,1.0,10.0,0.7394490242004395,0.05
2,1.0,10.0,0.7433950901031494,0.09
2,1.0,10.0,0.7473316192626953,0.06
2,1.0,10.0,0.750370979309082,0.01
2,1.0,10.0,0.7533917427062988,0.04
2,1.0,10.0,0.7573299407958984,0.14
2,1.0,10.0,0.7603912353515625,0.11
2,1.0,10.0,0.7647700309753418,0.12
2,1.0,10.0,0.7685620784759521,0.0
2,1.0,10.0,0.7725162506103516,-0.01
2,1.0,10.0,0.7766063213348389,0.08
2,1.0,10.0,0.7806932926177979,0.13
2,1.0,10.0,0.7847063541412354,0.07
2,1.0,10.0,0.7887105941772461,-0.09
2,1.0,10.0,0.7927281856536865,0.12
2,1.0,10.0,0.7967042922973633,-0.05
2,1.0,10.0,0.8007206916809082,0.14
2,1.0,10.0,0.8052055835723877,0.01
2,1.0,10.0,0.8088803291320801,0.1
2,1.0,10.0,0.8128385543823242,0.02
2,1.0,10.0,0.8171722888946533,0.09
2,1.0,10.0,0.8211555480957031,0.02
2,1.0,10.0,0.8251056671142578,0.02
2,1.0,10.0,0.8287129402160645,0.1
2,1.0,10.0,0.8334264755249023,0.07
2,1.0,10.0,0.8377227783203125,0.12
2,1.0,10.0,0.8418829441070557,0.11
2,1.0,10.0,0.8463344573974609,0.07
2,1.0,10.0,0.8508760929107666,0.13
2,1.0,10.0,0.8552422523498535,0.17
2,1.0,10.0,0.8586757183074951,0.08
2,1.0,10.0,0.8632450103759766,0.03
2,1.0,10.0,0.8665928840637207,0.04
2,1.0,10.0,0.8706941604614258,0.06
2,1.0,10.0,0.8747446537017822,0.08
2,1.0,10.0,0.8790044784545898,0.07
2,1.0,10.0,0.8827981948852539,0.06
2,1.0,10.0,0.8866991996765137,-0.1
2,1.0,10.0,0.8907895088195801,0.1
2,1.0,10.0,0.8950140476226807,0.2
2,1.0,10.0,0.8992118835449219,0.07
2,1.0,10.0,0.9028222560882568,0.06
2,1.0,10.0,0.9066417217254639,0.08
2,1.0,10.0,0.910442590713501,0.02
2,1.0,10.0,0.9144794940948486,-0.01
2,1.0,10.0,0.9184248447418213,-0.04
2,1.0,10.0,0.9231722354888916,0.06
2,1.0,10.0,0.9265916347503662,0.02
2,1.0,10.0,0.9307651519775391,0.09
2,1.0,10.0,0.9351129531860352,0.04
2,1.0,10.0,0.9387009143829346,0.0
2,1.0,10.0,0.9430875778198242,0.04
2,1.0,10.0,0.9470775127410889,-0.01
2,1.0,10.0,0.9511375427246094,0.02
2,1.0,10.0,0.9548420906066895,0.09
2,1.0,10.0,0.9591217041015625,0.05
2,1.0,10.0,0.9627985954284668,0.03
2,1.0,10.0,0.9667098522186279,0.05
2,1.0,10.0,0.970496654510498,0.05
2,1.0,10.0,0.9746034145355225,0.06
2,1.0,10.0,0.9786262512207031,0.04
2,1.0,10.0,0.9827380180358887,0.15
2,1.0,10.0,0.9867699146270752,0.13
2,1.0,10.0,0.9906442165374756,0.1
2,1.0,10.0,0.9946839809417725,0.11
2,1.0,10.0,0.9987399578094482,0.0
2,1.0,10.0,1.0028800964355469,1.76
2,1.0,10.0,1.0122029781341553,1.43
2,1.0,10.0,1.016188144683838,2.99
2,1.0,10.0,1.0196611881256104,3.97
2,1.0,10.0,1.0241641998291016,3.79
2,1.0,10.0,1.0276551246643066,3.71
2,1.0,10.0,1.0322072505950928,3.71
2,1.0,10.0,1.0356407165527344,3.66
2,1.0,10.0,1.0401639938354492,3.65
2,1.0,10.0,1.0437610149383545,3.71
2,1.0,10.0,1.0477323532104492,3.66
2,1.0,10.0,1.0519695281982422,3.59
2,1.0,10.0,1.0562560558319092,3.64
2,1.0,10.0,1.060225248336792,3.65
2,1.0,10.0,1.064192295074463,3.64
2,1.0,10.0,1.0676355361938477,3.62
2,1.0,10.0,1.0714571475982666,3.65
2,1.0,10.0,1.075578212738037,3.72
2,1.0,10.0,1.0796058177947998,3.6
2,1.0,10.0,1.0836801528930664,3.67
2,1.0,10.0,1.0876917839050293,3.68
2,1.0,10.0,1.091731071472168,3.62
2,1.0,10.0,1.0957074165344238,3.6
2,1.0,10.0,1.1001560688018799,3.67
2,1.0,10.0,1.1043362617492676,3.71
2,1.0,10.0,1.1093037128448486,3.69
2,1.0,10.0,1.1142516136169434,3.69
2,1.0,10.0,1.1176445484161377,3.69
2,1.0,10.0,1.1222221851348877,3.65
2,1.0,10.0,1.1262226104736328,3.64
2,1.0,10.0,1.130117654800415,3.65
2,1.0,10.0,1.1336171627044678,3.65
2,1.0,10.0,1.1382451057434082,3.64
2,1.0,10.0,1.1420691013336182,3.71
2,1.0,10.0,1.1461591720581055,3.58
2,1.0,10.0,1.1502268314361572,3.67
2,1.0,10.0,1.1542139053344727,3.68
2,1.0,10.0,1.1582300662994385,3.69
2,1.0,10.0,1.1614773273468018,3.64
2,1.0,10.0,1.1661934852600098,3.73
2,1.0,10.0,1.1696233749389648,3.67
2,1.0,10.0,1.1734905242919922,3.66
2,1.0,10.0,1.1775104999542236,3.68
2,1.0,10.0,1.1817224025726318,3.66
2,1.0,10.0,1.185676097869873,3.65
2,1.0,10.0,1.1897039413452148,3.69
2,1.0,10.0,1.1936872005462646,3.67
2,1.0,10.0,1.1983392238616943,3.68
2,1.0,10.0,1.2032537460327148,3.6
2,1.0,10.0,1.20719313621521,3.65
2,1.0,10.0,1.2111742496490479,3.69
2,1.0,10.0,1.214827537536621,3.54
2,1.0,10.0,1.2188310623168945,3.71
2,1.0,10.0,1.2227911949157715,3.64
2,1.0,10.0,1.226776361465454,3.64
2,1.0,10.0,1.2311005592346191,3.69
2,1.0,10.0,1.2346129417419434,3.58
2,1.0,10.0,1.2385027408599854,3.66
2,1.0,10.0,1.2426316738128662,3.63
2,1.0,10.0,1.246767520904541,3.64
2,1.0,10.0,1.2507984638214111,3.69
2,1.0,10.0,1.2547197341918945,3.63
2,1.0,10.0,1.2593140602111816,3.67
2,1.0,10.0,1.2637126445770264,3.66
2,1.0,10.0,1.268188714981079,3.74
2,1.0,10.0,1.271475076675415,3.69
2,1.0,10.0,1.2756357192993164,3.63
2,1.0,10.0,1.2798278331756592,3.62
2,1.0,10.0,1.283982276916504,3.67
2,1.0,10.0,1.2877118587493896,3.64
2,1.0,10.0,1.2917215824127197,3.58
2,1.0,10.0,1.2957158088684082,3.7
2,1.0,10.0,1.2997431755065918,3.73
2,1.0,10.0,1.3038947582244873,3.65
2,1.0,10.0,1.307906150817871,3.62
2,1.0,10.0,1.3122642040252686,3.73
2,1.0,10.0,1.317213535308838,3.64
2,1.0,10.0,1.3211939334869385,3.67
2,1.0,10.0,1.3246827125549316,3.61
2,1.0,10.0,1.3291845321655273,3.66
2,1.0,10.0,1.3331823348999023,3.66
2,1.0,10.0,1.3366246223449707,3.67
2,1.0,10.0,1.340601921081543,3.65
2,1.0,10.0,1.3446588516235352,3.72
2,1.0,10.0,1.3487584590911865,3.66
2,1.0,10.0,1.353271245956421,3.67
2,1.0,10.0,1.3567285537719727,3.61
2,1.0,10.0,1.3607800006866455,3.7
2,1.0,10.0,1.3646519184112549,3.72
2,1.0,10.0,1.368823528289795,3.65
2,1.0,10.0,1.372518539428711,3.65
2,1.0,10.0,1.3765645027160645,3.7
2,1.0,10.0,1.3807950019836426,3.62
2,1.0,10.0,1.3848793506622314,3.67
2,1.0,10.0,1.3889014720916748,3.65
2,1.0,10.0,1.3927555084228516,3.67
2,1.0,10.0,1.3972387313842773,3.66
2,1.0,10.0,1.401313304901123,3.67
2,1.0,10.0,1.4062774181365967,3.65
2,1.0,10.0,1.4096860885620117,3.73
2,1.0,10.0,1.414247989654541,3.63
2,1.0,10.0,1.4177563190460205,3.65
2,1.0,10.0,1.4218330383300781,3.7800000000000002
2,1.0,10.0,1.4257502555847168,3.72
2,1.0,10.0,1.429879903793335,3.64
2,1.0,10.0,1.4342608451843262,3.68
2,1.0,10.0,1.4377024173736572,3.62
2,1.0,10.0,1.4416992664337158,3.66
2,1.0,10.0,1.4459192752838135,3.7
2,1.0,10.0,1.450310468673706,3.64
2,1.0,10.0,1.4553022384643555,3.65
2,1.0,10.0,1.459887981414795,3.71
2,1.0,10.0,1.4638843536376953,3.73
2,1.0,10.0,1.4681921005249023,3.7
2,1.0,10.0,1.4716577529907227,3.56
2,1.0,10.0,1.4756839275360107,3.64
2,1.0,10.0,1.479712963104248,3.65
2,1.0,10.0,1.483834981918335,3.71
2,1.0,10.0,1.4878425598144531,3.63
2,1.0,10.0,1.4917473793029785,3.69
2,1.0,10.0,1.4957356452941895,3.65
2,1.0,10.0,1.5003573894500732,3.61
2,1.0,10.0,1.505230188369751,3.66
2,1.0,10.0,1.5092580318450928,3.68
2,1.0,10.0,1.5142366886138916,3.58
2,1.0,10.0,1.5177505016326904,3.65
2,1.0,10.0,1.5222651958465576,3.65
2,1.0,10.0,1.527202844619751,3.68
2,1.0,10.0,1.530965805053711,3.62
2,1.0,10.0,1.5348074436187744,3.7
2,1.0,10.0,1.5386507511138916,3.68
2,1.0,10.0,1.5431671142578125,3.66
2,1.0,10.0,1.547285795211792,3.67
2,1.0,10.0,1.5519702434539795,3.68
2,1.0,10.0,1.5558245182037354,3.65
2,1.0,10.0,1.559906005859375,3.62
2,1.0,10.0,1.5642762184143066,3.61
2,1.0,10.0,1.569026231765747,3.62
2,1.0,10.0,1.5726852416992188,3.72
2,1.0,10.0,1.5765964984893799,3.7
2,1.0,10.0,1.5807294845581055,3.71
2,1.0,10.0,1.58475661277771,3.61
2,1.0,10.0,1.589104413986206,3.61
2,1.0,10.0,1.5927813053131104,3.63
2,1.0,10.0,1.597099781036377,3.66
2,1.0,10.0,1.6008739471435547,3.65
2,1.0,10.0,1.605273723602295,3.65
2,1.0,10.0,1.6092720031738281,3.68
2,1.0,10.0,1.6128296852111816,3.67
2,1.0,10.0,1.6172597408294678,3.6
2,1.0,10.0,1.6207754611968994,3.66
2,1.0,10.0,1.624873399734497,3.63
2,1.0,10.0,1.6287236213684082,3.71
2,1.0,10.0,1.6327342987060547,3.68
2,1.0,10.0,1.6366894245147705,3.69
2,1.0,10.0,1.6406300067901611,3.62
2,1.0,10.0,1.6447117328643799,3.66
2,1.0,10.0,1.6493802070617676,3.62
2,1.0,10.0,1.6539831161499023,3.7
2,1.0,10.0,1.6576602458953857,3.65
2,1.0,10.0,1.6622934341430664,3.63
2,1.0,10.0,1.6667985916137695,3.61
2,1.0,10.0,1.6710729598999023,3.65
2,1.0,10.0,1.67447829246521,3.72
2,1.0,10.0,1.6786911487579346,3.65
2,1.0,10.0,1.6827714443206787,3.66
2,1.0,10.0,1.6867527961730957,3.5700000000000003
2,1.0,10.0,1.6907241344451904,3.62
2,1.0,10.0,1.6948802471160889,3.69
2,1.0,10.0,1.6993989944458008,3.64
2,1.0,10.0,1.7042975425720215,3.62
2,1.0,10.0,1.709291934967041,3.73
2,1.0,10.0,1.7142624855041504,3.68
2,1.0,10.0,1.7192261219024658,3.6
2,1.0,10.0,1.7232484817504883,3.5700000000000003
2,1.0,10.0,1.727064847946167,3.67
2,1.0,10.0,1.7312393188476562,3.69
2,1.0,10.0,1.734607458114624,3.64
2,1.0,10.0,1.7384364604949951,3.63
2,1.0,10.0,1.7425885200500488,3.75
2,1.0,10.0,1.746790885925293,3.69
2,1.0,10.0,1.7510154247283936,3.64
2,1.0,10.0,1.7548604011535645,3.69
2,1.0,10.0,1.7587471008300781,3.6
2,1.0,10.0,1.7628281116485596,3.64
2,1.0,10.0,1.7672784328460693,3.74
2,1.0,10.0,1.7716021537780762,3.66
2,1.0,10.0,1.7753827571868896,3.75
2,1.0,10.0,1.7795367240905762,3.65
2,1.0,10.0,1.7835657596588135,3.65
2,1.0,10.0,1.7874233722686768,3.7
2,1.0,10.0,1.791325569152832,3.66
2,1.0,10.0,1.7943265438079834,3.66
2,1.0,10.0,1.797417163848877,3.68
2,1.0,10.0,1.8016924858093262,3.74
2,1.0,10.0,1.8057003021240234,3.65
2,1.0,10.0,1.809706687927246,3.63
2,1.0,10.0,1.8136823177337646,3.66
2,1.0,10.0,1.8175690174102783,3.83
2,1.0,10.0,1.8221096992492676,3.64
2,1.0,10.0,1.826183795928955,3.65
2,1.0,10.0,1.8301827907562256,3.64
2,1.0,10.0,1.8341896533966064,3.62
2,1.0,10.0,1.837522029876709,3.68
2,1.0,10.0,1.8417720794677734,3.69
2,1.0,10.0,1.8461878299713135,3.64
2,1.0,10.0,1.8498153686523438,3.64
2,1.0,10.0,1.8537466526031494,3.64
2,1.0,10.0,1.8577420711517334,3.6
2,1.0,10.0,1.8621540069580078,3.66
2,1.0,10.0,1.8656435012817383,3.65
2,1.0,10.0,1.8696908950805664,3.65
2,1.0,10.0,1.873558759689331,3.65
2,1.0,10.0,1.8775115013122559,3.6
2,1.0,10.0,1.8814826011657715,3.63
2,1.0,10.0,1.8856010437011719,3.68
2,1.0,10.0,1.8896245956420898,3.71
2,1.0,10.0,1.893770694732666,3.67
2,1.0,10.0,1.8978314399719238,3.65
2,1.0,10.0,1.9018785953521729,3.61
2,1.0,10.0,1.9062421321868896,3.67
2,1.0,10.0,1.9112048149108887,3.63
2,1.0,10.0,1.9146523475646973,3.68
2,1.0,10.0,1.9186506271362305,3.7
2,1.0,10.0,1.9226710796356201,3.72
2,1.0,10.0,1.9266483783721924,3.62
2,1.0,10.0,1.930671215057373,3.64
2,1.0,10.0,1.9346165657043457,3.65
2,1.0,10.0,1.9386181831359863,3.66
2,1.0,10.0,1.9426703453063965,3.64
2,1.0,10.0,1.9466404914855957,3.6
2,1.0,10.0,1.9508211612701416,3.61
2,1.0,10.0,1.9548537731170654,3.65
2,1.0,10.0,1.9592807292938232,3.69
2,1.0,10.0,1.9641704559326172,3.61
2,1.0,10.0,1.9677631855010986,3.59
2,1.0,10.0,1.9721298217773438,3.63
2,1.0,10.0,1.97538161277771,3.72
2,1.0,10.0,1.9794931411743164,3.66
2,1.0,10.0,1.983504056930542,3.59
2,1.0,10.0,1.9877197742462158,3.5700000000000003
2,1.0,10.0,1.9916987419128418,3.61
2,1.0,10.0,1.9957561492919922,3.68
2,1.0,10.0,1.9998779296875,3.64
3,1.6666666666666667,5.0,2.86102294921875e-06,0.0
3,1.6666666666666667,5.0,0.0068721771240234375,0.01
3,1.6666666666666667,5.0,0.010871410369873047,-0.04
3,1.6666666666666667,5.0,0.01489114761352539,-0.05
3,1.6666666666666667,5.0,0.018861055374145508,-0.03
3,1.6666666666666667,5.0,0.022705793380737305,-0.03
3,1.6666666666666667,5.0,0.026747941970825195,-0.04
3,1.6666666666666667,5.0,0.0310518741607666,0.0
3,1.6666666666666667,5.0,0.035234689712524414,-0.01
3,1.6666666666666667,5.0,0.03935122489929199,-0.03
3,1.6666666666666667,5.0,0.04336714744567871,-0.05
3,1.6666666666666667,5.0,0.04661965370178223,-0.03
3,1.6666666666666667,5.0,0.050730228424072266,-0.01
3,1.6666666666666667,5.0,0.05480146408081055,0.0
3,1.6666666666666667,5.0,0.05884432792663574,-0.01
3,1.6666666666666667,5.0,0.06301689147949219,-0.01
3,1.6666666666666667,5.0,0.0668630599975586,-0.01
3,1.6666666666666667,5.0,0.07120084762573242,-0.01
3,1.6666666666666667,5.0,0.07551836967468262,-0.02
3,1.6666666666666667,5.0,0.08006858825683594,-0.01
3,1.6666666666666667,5.0,0.08438634872436523,-0.03
3,1.6666666666666667,5.0,0.08782243728637695,-0.03
3,1.6666666666666667,5.0,0.09235382080078125,-0.05
3,1.6666666666666667,5.0,0.09637117385864258,-0.04
3,1.6666666666666667,5.0,0.10032463073730469,-0.04
3,1.6666666666666667,5.0,0.10376882553100586,0.0
3,1.6666666666666667,5.0,0.10778045654296875,-0.02
3,1.6666666666666667,5.0,0.11254119873046875,-0.02
3,1.6666666666666667,5.0,0.11744284629821777,-0.03
3,1.6666666666666667,5.0,0.12187480926513672,-0.01
3,1.6666666666666667,5.0,0.12646055221557617,-0.01
3,1.6666666666666667,5.0,0.13086175918579102,-0.02
3,1.6666666666666667,5.0,0.13544511795043945,-0.02
3,1.6666666666666667,5.0,0.14009761810302734,-0.02
3,1.6666666666666667,5.0,0.1438896656036377,0.0
3,1.6666666666666667,5.0,0.14783668518066406,0.0
3,1.6666666666666667,5.0,0.15178966522216797,0.0
3,1.6666666666666667,5.0,0.1558530330657959,-0.03
3,1.6666666666666667,5.0,0.15988397598266602,-0.02
3,1.6666666666666667,5.0,0.1639401912689209,-0.02
3,1.6666666666666667,5.0,0.16795110702514648,0.0
3,1.6666666666666667,5.0,0.17201685905456543,-0.01
3,1.6666666666666667,5.0,0.17654109001159668,-0.05
3,1.6666666666666667,5.0,0.18146443367004395,0.0
3,1.6666666666666667,5.0,0.18650388717651367,0.0
3,1.6666666666666667,5.0,0.19146132469177246,0.0
3,1.6666666666666667,5.0,0.19646739959716797,-0.03
3,1.6666666666666667,5.0,0.2014319896697998,-0.03
3,1.6666666666666667,5.0,0.2063758373260498,-0.01
3,1.6666666666666667,5.0,0.20964479446411133,-0.01
3,1.6666666666666667,5.0,0.21368098258972168,0.0
3,1.6666666666666667,5.0,0.2178044319152832,0.0
3,1.6666666666666667,5.0,0.22195672988891602,-0.02
3,1.6666666666666667,5.0,0.22601604461669922,-0.01
3,1.6666666666666667,5.0,0.2300257682800293,0.0
3,1.6666666666666667,5.0,0.23408818244934082,-0.01
3,1.6666666666666667,5.0,0.238555908203125,-0.04
3,1.6666666666666667,5.0,0.24343013763427734,-0.05
3,1.6666666666666667,5.0,0.2477703094482422,-0.03
3,1.6666666666666667,5.0,0.2517545223236084,0.0
3,1.6666666666666667,5.0,0.25586891174316406,-0.01
3,1.6666666666666667,5.0,0.2599456310272217,-0.04
3,1.6666666666666667,5.0,0.26394176483154297,0.0
3,1.6666666666666667,5.0,0.2678720951080322,-0.01
3,1.6666666666666667,5.0,0.27181029319763184,-0.01
3,1.6666666666666667,5.0,0.2758965492248535,-0.01
3,1.6666666666666667,5.0,0.2799499034881592,-0.02
3,1.6666666666666667,5.0,0.2840874195098877,0.0
3,1.6666666666666667,5.0,0.28848791122436523,-0.04
3,1.6666666666666667,5.0,0.2934737205505371,-0.01
3,1.6666666666666667,5.0,0.29833459854125977,-0.02
3,1.6666666666666667,5.0,0.3019273281097412,-0.04
3,1.6666666666666667,5.0,0.30589771270751953,-0.03
3,1.6666666666666667,5.0,0.3104257583618164,-0.03
3,1.6666666666666667,5.0,0.3139469623565674,-0.03
3,1.6666666666666667,5.0,0.31792736053466797,-0.03
3,1.6666666666666667,5.0,0.3218216896057129,-0.05
3,1.6666666666666667,5.0,0.32648563385009766,-0.01
3,1.6666666666666667,5.0,0.3314380645751953,0.0
3,1.6666666666666667,5.0,0.3364412784576416,0.0
3,1.6666666666666667,5.0,0.34122180938720703,0.0
3,1.6666666666666667,5.0,0.3454461097717285,0.0
3,1.6666666666666667,5.0,0.349790096282959,0.02
3,1.6666666666666667,5.0,0.35374999046325684,-0.01
3,1.6666666666666667,5.0,0.3579421043395996,-0.02
3,1.6666666666666667,5.0,0.36185646057128906,0.0
3,1.6666666666666667,5.0,0.365997314453125,0.0
3,1.6666666666666667,5.0,0.3699839115142822,-0.03
3,1.6666666666666667,5.0,0.374284029006958,0.02
3,1.6666666666666667,5.0,0.378554105758667,0.0
3,1.6666666666666667,5.0,0.38341355323791504,-0.03
3,1.6666666666666667,5.0,0.3869936466217041,-0.03
3,1.6666666666666667,5.0,0.3913843631744385,-0.03
3,1.6666666666666667,5.0,0.3948936462402344,0.0
3,1.6666666666666667,5.0,0.3989143371582031,-0.02
3,1.6666666666666667,5.0,0.40340089797973633,-0.03
3,1.6666666666666667,5.0,0.4068758487701416,-0.01
3,1.6666666666666667,5.0,0.41083264350891113,-0.03
3,1.6666666666666667,5.0,0.41506171226501465,0.0
3,1.6666666666666667,5.0,0.41894102096557617,-0.06
3,1.6666666666666667,5.0,0.42298293113708496,-0.04
3,1.6666666666666667,5.0,0.4269716739654541,0.0
3,1.6666666666666667,5.0,0.4312419891357422,-0.02
3,1.6666666666666667,5.0,0.4349954128265381,-0.06
3,1.6666666666666667,5.0,0.439023494720459,-0.02
3,1.6666666666666667,5.0,0.4433400630950928,0.0
3,1.6666666666666667,5.0,0.4474449157714844,-0.04
3,1.6666666666666667,5.0,0.4517543315887451,-0.02
3,1.6666666666666667,5.0,0.45586228370666504,0.0
3,1.6666666666666667,5.0,0.45985913276672363,-0.04
3,1.6666666666666667,5.0,0.46395301818847656,0.02
3,1.6666666666666667,5.0,0.46794724464416504,-0.04
3,1.6666666666666667,5.0,0.4720308780670166,0.0
3,1.6666666666666667,5.0,0.47656965255737305,-0.01
3,1.6666666666666667,5.0,0.4810760021209717,0.0
3,1.6666666666666667,5.0,0.48543834686279297,-0.02
3,1.6666666666666667,5.0,0.4900200366973877,0.0
3,1.6666666666666667,5.0,0.49443602561950684,-0.08
3,1.6666666666666667,5.0,0.4988400936126709,0.0
3,1.6666666666666667,5.0,0.5030484199523926,-0.04
3,1.6666666666666667,5.0,0.5069060325622559,-0.03
3,1.6666666666666667,5.0,0.5108184814453125,0.0
3,1.6666666666666667,5.0,0.5148849487304688,0.0
3,1.6666666666666667,5.0,0.5195529460906982,-0.02
3,1.6666666666666667,5.0,0.5244677066802979,0.01
3,1.6666666666666667,5.0,0.529395580291748,0.0
3,1.6666666666666667,5.0,0.5329499244689941,-0.02
3,1.6666666666666667,5.0,0.5369060039520264,-0.03
3,1.6666666666666667,5.0,0.5408980846405029,-0.02
3,1.6666666666666667,5.0,0.5453855991363525,-0.02
3,1.6666666666666667,5.0,0.5487349033355713,-0.02
3,1.6666666666666667,5.0,0.5526494979858398,-0.01
3,1.6666666666666667,5.0,0.5567460060119629,-0.02
3,1.6666666666666667,5.0,0.5608234405517578,-0.01
3,1.6666666666666667,5.0,0.5650753974914551,-0.02
3,1.6666666666666667,5.0,0.5690774917602539,0.0
3,1.6666666666666667,5.0,0.5728821754455566,0.0
3,1.6666666666666667,5.0,0.5770525932312012,0.01
3,1.6666666666666667,5.0,0.5812287330627441,0.0
3,1.6666666666666667,5.0,0.5854787826538086,0.0
3,1.6666666666666667,5.0,0.5903942584991455,-0.01
3,1.6666666666666667,5.0,0.5939760208129883,-0.01
3,1.6666666666666667,5.0,0.5982842445373535,-0.04
3,1.6666666666666667,5.0,0.6019246578216553,-0.03
3,1.6666666666666667,5.0,0.606337308883667,-0.03
3,1.6666666666666667,5.0,0.6097698211669922,-0.02
3,1.6666666666666667,5.0,0.6138346195220947,-0.01
3,1.6666666666666667,5.0,0.6178731918334961,-0.02
3,1.6666666666666667,5.0,0.6225035190582275,-0.01
3,1.6666666666666667,5.0,0.6274795532226562,0.0
3,1.6666666666666667,5.0,0.6320641040802002,-0.01
3,1.6666666666666667,5.0,0.6360383033752441,-0.01
3,1.6666666666666667,5.0,0.6402668952941895,-0.03
3,1.6666666666666667,5.0,0.6439063549041748,-0.04
3,1.6666666666666667,5.0,0.647897481918335,-0.02
3,1.6666666666666667,5.0,0.6516621112823486,-0.03
3,1.6666666666666667,5.0,0.6558945178985596,-0.02
3,1.6666666666666667,5.0,0.6598012447357178,-0.01
3,1.6666666666666667,5.0,0.6638736724853516,-0.05
3,1.6666666666666667,5.0,0.6679763793945312,0.01
3,1.6666666666666667,5.0,0.6724898815155029,-0.01
3,1.6666666666666667,5.0,0.6774330139160156,-0.02
3,1.6666666666666667,5.0,0.6823670864105225,-0.01
3,1.6666666666666667,5.0,0.6859118938446045,-0.01
3,1.6666666666666667,5.0,0.6898515224456787,-0.01
3,1.6666666666666667,5.0,0.6939475536346436,-0.02
3,1.6666666666666667,5.0,0.6978709697723389,-0.01
3,1.6666666666666667,5.0,0.7016458511352539,-0.01
3,1.6666666666666667,5.0,0.7056200504302979,-0.04
3,1.6666666666666667,5.0,0.7095410823822021,-0.01
3,1.6666666666666667,5.0,0.7135312557220459,-0.03
3,1.6666666666666667,5.0,0.7175467014312744,-0.03
3,1.6666666666666667,5.0,0.7215750217437744,0.0
3,1.6666666666666667,5.0,0.7256028652191162,-0.03
3,1.6666666666666667,5.0,0.7296438217163086,-0.02
3,1.6666666666666667,5.0,0.7337074279785156,-0.02
3,1.6666666666666667,5.0,0.7377414703369141,-0.03
3,1.6666666666666667,5.0,0.7417130470275879,-0.01
3,1.6666666666666667,5.0,0.7462327480316162,-0.04
3,1.6666666666666667,5.0,0.7498190402984619,-0.01
3,1.6666666666666667,5.0,0.7536497116088867,0.0
3,1.6666666666666667,5.0,0.7576112747192383,-0.03
3,1.6666666666666667,5.0,0.761674165725708,0.0
3,1.6666666666666667,5.0,0.7657372951507568,-0.01
3,1.6666666666666667,5.0,0.769791841506958,-0.01
3,1.6666666666666667,5.0,0.7739737033843994,0.0
3,1.6666666666666667,5.0,0.7782509326934814,-0.02
3,1.6666666666666667,5.0,0.7823624610900879,-0.02
3,1.6666666666666667,5.0,0.7871212959289551,-0.02
3,1.6666666666666667,5.0,0.7912287712097168,-0.02
3,1.6666666666666667,5.0,0.7952947616577148,-0.01
3,1.6666666666666667,5.0,0.7993459701538086,0.0
3,1.6666666666666667,5.0,0.8030076026916504,-0.02
3,1.6666666666666667,5.0,0.8069062232971191,-0.04
3,1.6666666666666667,5.0,0.8108663558959961,-0.02
3,1.6666666666666667,5.0,0.8149077892303467,-0.02
3,1.6666666666666667,5.0,0.8195512294769287,-0.01
3,1.6666666666666667,5.0,0.824517011642456,-0.03
3,1.6666666666666667,5.0,0.8294374942779541,-0.02
3,1.6666666666666667,5.0,0.8343710899353027,-0.01
3,1.6666666666666667,5.0,0.8379735946655273,-0.01
3,1.6666666666666667,5.0,0.8424057960510254,0.0
3,1.6666666666666667,5.0,0.8468682765960693,0.0
3,1.6666666666666667,5.0,0.850726842880249,-0.03
3,1.6666666666666667,5.0,0.854640007019043,-0.05
3,1.6666666666666667,5.0,0.8588075637817383,0.0
3,1.6666666666666667,5.0,0.8632409572601318,-0.02
3,1.6666666666666667,5.0,0.8670687675476074,0.0
3,1.6666666666666667,5.0,0.8708724975585938,0.0
3,1.6666666666666667,5.0,0.8748462200164795,0.02
3,1.6666666666666667,5.0,0.8786852359771729,-0.07
3,1.6666666666666667,5.0,0.8826048374176025,-0.02
3,1.6666666666666667,5.0,0.8867065906524658,-0.01
3,1.6666666666666667,5.0,0.8907372951507568,-0.04
3,1.6666666666666667,5.0,0.8948218822479248,-0.01
3,1.6666666666666667,5.0,0.8993754386901855,-0.01
3,1.6666666666666667,5.0,0.9042813777923584,0.0
3,1.6666666666666667,5.0,0.9077625274658203,-0.03
3,1.6666666666666667,5.0,0.9117789268493652,0.0
3,1.6666666666666667,5.0,0.9157941341400146,-0.02
3,1.6666666666666667,5.0,0.9199278354644775,0.0
3,1.6666666666666667,5.0,0.9239635467529297,-0.04
3,1.6666666666666667,5.0,0.9283394813537598,0.0
3,1.6666666666666667,5.0,0.932910680770874,-0.03
3,1.6666666666666667,5.0,0.9372680187225342,-0.01
3,1.6666666666666667,5.0,0.9412713050842285,-0.04
3,1.6666666666666667,5.0,0.9453251361846924,-0.03
3,1.6666666666666667,5.0,0.948911190032959,-0.01
3,1.6666666666666667,5.0,0.9527487754821777,-0.02
3,1.6666666666666667,5.0,0.9566588401794434,-0.03
3,1.6666666666666667,5.0,0.9607067108154297,0.0
3,1.6666666666666667,5.0,0.9647653102874756,0.0
3,1.6666666666666667,5.0,0.968858003616333,-0.06
3,1.6666666666666667,5.0,0.972954511642456,-0.01
3,1.6666666666666667,5.0,0.9771037101745605,0.0
3,1.6666666666666667,5.0,0.9814355373382568,-0.03
3,1.6666666666666667,5.0,0.9860837459564209,-0.02
3,1.6666666666666667,5.0,0.9898538589477539,-0.02
3,1.6666666666666667,5.0,0.9938962459564209,0.0
3,1.6666666666666667,5.0,0.9981651306152344,-0.01
3,1.6666666666666667,5.0,1.0019028186798096,1.45
3,1.6666666666666667,5.0,1.0103650093078613,1.01
3,1.6666666666666667,5.0,1.0142133235931396,0.74
3,1.6666666666666667,5.0,1.0183603763580322,0.92
3,1.6666666666666667,5.0,1.022387981414795,2.0
3,1.6666666666666667,5.0,1.027388334274292,2.23
3,1.6666666666666667,5.0,1.031996250152588,2.05
3,1.6666666666666667,5.0,1.0364024639129639,2.05
3,1.6666666666666667,5.0,1.0413963794708252,2.0300000000000002
3,1.6666666666666667,5.0,1.0463883876800537,2.07
3,1.6666666666666667,5.0,1.0510516166687012,2.04
3,1.6666666666666667,5.0,1.0546061992645264,2.06
3,1.6666666666666667,5.0,1.0587036609649658,2.05
3,1.6666666666666667,5.0,1.0628232955932617,2.06
3,1.6666666666666667,5.0,1.066831350326538,2.06
3,1.6666666666666667,5.0,1.0708904266357422,2.06
3,1.6666666666666667,5.0,1.075573444366455,2.05
3,1.6666666666666667,5.0,1.080268383026123,2.08
3,1.6666666666666667,5.0,1.0844697952270508,2.06
3,1.6666666666666667,5.0,1.0894367694854736,2.05
3,1.6666666666666667,5.0,1.0944221019744873,2.08
3,1.6666666666666667,5.0,1.0994188785552979,2.06
3,1.6666666666666667,5.0,1.1038005352020264,2.07
3,1.6666666666666667,5.0,1.107710838317871,2.08
3,1.6666666666666667,5.0,1.1117241382598877,2.06
3,1.6666666666666667,5.0,1.115812063217163,2.04
3,1.6666666666666667,5.0,1.120027780532837,2.04
3,1.6666666666666667,5.0,1.1238198280334473,2.06
3,1.6666666666666667,5.0,1.1283860206604004,2.06
3,1.6666666666666667,5.0,1.1333808898925781,2.07
3,1.6666666666666667,5.0,1.137413740158081,2.06
3,1.6666666666666667,5.0,1.1423935890197754,2.06
3,1.6666666666666667,5.0,1.1473736763000488,2.06
3,1.6666666666666667,5.0,1.1513774394989014,2.0300000000000002
3,1.6666666666666667,5.0,1.1546626091003418,2.07
3,1.6666666666666667,5.0,1.1586477756500244,2.05
3,1.6666666666666667,5.0,1.162682294845581,2.05
3,1.6666666666666667,5.0,1.1667966842651367,2.05
3,1.6666666666666667,5.0,1.1709401607513428,2.06
3,1.6666666666666667,5.0,1.17484712600708,2.06
3,1.6666666666666667,5.0,1.1790621280670166,2.06
3,1.6666666666666667,5.0,1.1834280490875244,2.07
3,1.6666666666666667,5.0,1.187983512878418,2.08
3,1.6666666666666667,5.0,1.1918201446533203,2.06
3,1.6666666666666667,5.0,1.195892095565796,2.07
3,1.6666666666666667,5.0,1.2003190517425537,2.06
3,1.6666666666666667,5.0,1.203995704650879,2.07
3,1.6666666666666667,5.0,1.2076952457427979,2.05
3,1.6666666666666667,5.0,1.2116217613220215,2.06
3,1.6666666666666667,5.0,1.2158026695251465,2.06
3,1.6666666666666667,5.0,1.2198195457458496,2.06
3,1.6666666666666667,5.0,1.223923683166504,2.06
3,1.6666666666666667,5.0,1.2279274463653564,2.07
3,1.6666666666666667,5.0,1.232069969177246,2.06
3,1.6666666666666667,5.0,1.236419916152954,2.05
3,1.6666666666666667,5.0,1.241375207901001,2.04
3,1.6666666666666667,5.0,1.2463667392730713,2.07
3,1.6666666666666667,5.0,1.2513670921325684,2.06
3,1.6666666666666667,5.0,1.2556798458099365,2.06
3,1.6666666666666667,5.0,1.259631633758545,2.06
3,1.6666666666666667,5.0,1.2637040615081787,2.05
3,1.6666666666666667,5.0,1.267789363861084,2.06
3,1.6666666666666667,5.0,1.2718079090118408,2.07
3,1.6666666666666667,5.0,1.275829553604126,2.07
3,1.6666666666666667,5.0,1.2801740169525146,2.06
3,1.6666666666666667,5.0,1.2844398021697998,2.04
3,1.6666666666666667,5.0,1.2893908023834229,2.07
3,1.6666666666666667,5.0,1.294386625289917,2.06
3,1.6666666666666667,5.0,1.297867774963379,2.06
3,1.6666666666666667,5.0,1.3023686408996582,2.07
3,1.6666666666666667,5.0,1.3058760166168213,2.06
3,1.6666666666666667,5.0,1.3098907470703125,2.05
3,1.6666666666666667,5.0,1.313814640045166,2.06
3,1.6666666666666667,5.0,1.317857027053833,2.06
3,1.6666666666666667,5.0,1.322248935699463,2.08
3,1.6666666666666667,5.0,1.3264782428741455,2.05
3,1.6666666666666667,5.0,1.3313796520233154,2.07
3,1.6666666666666667,5.0,1.3363971710205078,2.07
3,1.6666666666666667,5.0,1.3414056301116943,2.06
3,1.6666666666666667,5.0,1.3463921546936035,2.06
3,1.6666666666666667,5.0,1.3513813018798828,2.07
3,1.6666666666666667,5.0,1.3557109832763672,2.05
3,1.6666666666666667,5.0,1.3596560955047607,2.04
3,1.6666666666666667,5.0,1.3637349605560303,2.06
3,1.6666666666666667,5.0,1.3678393363952637,2.04
3,1.6666666666666667,5.0,1.371941089630127,2.07
3,1.6666666666666667,5.0,1.3758976459503174,2.06
3,1.6666666666666667,5.0,1.380467176437378,2.06
3,1.6666666666666667,5.0,1.3854153156280518,2.06
3,1.6666666666666667,5.0,1.3899598121643066,2.06
3,1.6666666666666667,5.0,1.3938302993774414,2.07
3,1.6666666666666667,5.0,1.3978877067565918,2.06
3,1.6666666666666667,5.0,1.4023363590240479,2.05
3,1.6666666666666667,5.0,1.4063448905944824,2.07
3,1.6666666666666667,5.0,1.4097540378570557,2.06
3,1.6666666666666667,5.0,1.4137661457061768,2.06
3,1.6666666666666667,5.0,1.41788911819458,2.04
3,1.6666666666666667,5.0,1.4220507144927979,2.06
3,1.6666666666666667,5.0,1.4263896942138672,2.06
3,1.6666666666666667,5.0,1.431368112564087,2.06
3,1.6666666666666667,5.0,1.4358274936676025,2.06
3,1.6666666666666667,5.0,1.4400339126586914,2.06
3,1.6666666666666667,5.0,1.4443352222442627,2.05
3,1.6666666666666667,5.0,1.4482929706573486,2.06
3,1.6666666666666667,5.0,1.4523396492004395,2.04
3,1.6666666666666667,5.0,1.4557132720947266,2.09
3,1.6666666666666667,5.0,1.4595563411712646,2.06
3,1.6666666666666667,5.0,1.4637811183929443,2.07
3,1.6666666666666667,5.0,1.467872142791748,2.06
3,1.6666666666666667,5.0,1.471867322921753,2.06
3,1.6666666666666667,5.0,1.4758610725402832,2.08
3,1.6666666666666667,5.0,1.4804604053497314,2.06
3,1.6666666666666667,5.0,1.4849319458007812,2.06
3,1.6666666666666667,5.0,1.4893558025360107,2.06
3,1.6666666666666667,5.0,1.4943668842315674,2.06
3,1.6666666666666667,5.0,1.4989476203918457,2.06
3,1.6666666666666667,5.0,1.5028510093688965,2.06
3,1.6666666666666667,5.0,1.5070793628692627,2.06
3,1.6666666666666667,5.0,1.5108599662780762,2.06
3,1.6666666666666667,5.0,1.5148417949676514,2.05
3,1.6666666666666667,5.0,1.5193185806274414,2.05
3,1.6666666666666667,5.0,1.5229778289794922,2.06
3,1.6666666666666667,5.0,1.5273234844207764,2.05
3,1.6666666666666667,5.0,1.5309221744537354,2.06
3,1.6666666666666667,5.0,1.5349400043487549,2.05
3,1.6666666666666667,5.0,1.5392844676971436,2.07
3,1.6666666666666667,5.0,1.5433666706085205,2.05
3,1.6666666666666667,5.0,1.5477197170257568,2.07
3,1.6666666666666667,5.0,1.552370309829712,2.06
3,1.6666666666666667,5.0,1.5567188262939453,2.04
3,1.6666666666666667,5.0,1.5605926513671875,2.05
3,1.6666666666666667,5.0,1.5646891593933105,2.06
3,1.6666666666666667,5.0,1.568760871887207,2.07
3,1.6666666666666667,5.0,1.5728867053985596,2.05
3,1.6666666666666667,5.0,1.5768053531646729,2.06
3,1.6666666666666667,5.0,1.5813896656036377,2.06
3,1.6666666666666667,5.0,1.586388349533081,2.05
3,1.6666666666666667,5.0,1.5909700393676758,2.06
3,1.6666666666666667,5.0,1.5949456691741943,2.07
3,1.6666666666666667,5.0,1.5992095470428467,2.06
3,1.6666666666666667,5.0,1.6033318042755127,2.06
3,1.6666666666666667,5.0,1.6068511009216309,2.06
3,1.6666666666666667,5.0,1.6106934547424316,2.06
3,1.6666666666666667,5.0,1.614933967590332,2.06
3,1.6666666666666667,5.0,1.6189215183258057,2.07
3,1.6666666666666667,5.0,1.6231017112731934,2.06
3,1.6666666666666667,5.0,1.627385139465332,2.06
3,1.6666666666666667,5.0,1.6317965984344482,2.06
3,1.6666666666666667,5.0,1.6363773345947266,2.05
3,1.6666666666666667,5.0,1.6409754753112793,2.08
3,1.6666666666666667,5.0,1.6453680992126465,2.04
3,1.6666666666666667,5.0,1.649951696395874,2.04
3,1.6666666666666667,5.0,1.6541650295257568,2.06
3,1.6666666666666667,5.0,1.657625436782837,2.06
3,1.6666666666666667,5.0,1.6615896224975586,2.06
3,1.6666666666666667,5.0,1.6658234596252441,2.06
3,1.6666666666666667,5.0,1.669825553894043,2.05
3,1.6666666666666667,5.0,1.673856496810913,2.08
3,1.6666666666666667,5.0,1.6778547763824463,2.05
3,1.6666666666666667,5.0,1.6819353103637695,2.05
3,1.6666666666666667,5.0,1.6859288215637207,2.07
3,1.6666666666666667,5.0,1.6903560161590576,2.07
3,1.6666666666666667,5.0,1.694976806640625,2.08
3,1.6666666666666667,5.0,1.6993649005889893,2.02
3,1.6666666666666667,5.0,1.7035572528839111,2.07
3,1.6666666666666667,5.0,1.7074744701385498,2.08
3,1.6666666666666667,5.0,1.7114551067352295,2.06
3,1.6666666666666667,5.0,1.7154216766357422,2.06
3,1.6666666666666667,5.0,1.7194418907165527,2.1
3,1.6666666666666667,5.0,1.7234621047973633,2.05
3,1.6666666666666667,5.0,1.7275068759918213,2.06
3,1.6666666666666667,5.0,1.731642723083496,2.06
3,1.6666666666666667,5.0,1.735663890838623,2.06
3,1.6666666666666667,5.0,1.7397034168243408,2.06
3,1.6666666666666667,5.0,1.7437403202056885,2.05
3,1.6666666666666667,5.0,1.7480313777923584,2.06
3,1.6666666666666667,5.0,1.7519876956939697,2.09
3,1.6666666666666667,5.0,1.7560584545135498,2.07
3,1.6666666666666667,5.0,1.7597079277038574,2.06
3,1.6666666666666667,5.0,1.763573169708252,2.04
3,1.6666666666666667,5.0,1.7675974369049072,2.07
3,1.6666666666666667,5.0,1.7717382907867432,2.07
3,1.6666666666666667,5.0,1.775881052017212,2.06
3,1.6666666666666667,5.0,1.7798538208007812,2.06
3,1.6666666666666667,5.0,1.7840070724487305,2.05
3,1.6666666666666667,5.0,1.7880518436431885,2.07
3,1.6666666666666667,5.0,1.7924916744232178,2.06
3,1.6666666666666667,5.0,1.7968156337738037,2.06
3,1.6666666666666667,5.0,1.8013684749603271,2.07
3,1.6666666666666667,5.0,1.805739402770996,2.06
3,1.6666666666666667,5.0,1.8097164630889893,2.06
3,1.6666666666666667,5.0,1.8139705657958984,2.08
3,1.6666666666666667,5.0,1.8178892135620117,2.07
3,1.6666666666666667,5.0,1.821748971939087,2.06
3,1.6666666666666667,5.0,1.8257970809936523,2.06
3,1.6666666666666667,5.0,1.8303437232971191,2.05
3,1.6666666666666667,5.0,1.8343415260314941,2.06
3,1.6666666666666667,5.0,1.8380484580993652,2.06
3,1.6666666666666667,5.0,1.8423779010772705,2.06
3,1.6666666666666667,5.0,1.8469574451446533,2.06
3,1.6666666666666667,5.0,1.8509466648101807,2.07
3,1.6666666666666667,5.0,1.8553431034088135,2.08
3,1.6666666666666667,5.0,1.8586914539337158,2.06
3,1.6666666666666667,5.0,1.8626141548156738,2.0300000000000002
3,1.6666666666666667,5.0,1.8666858673095703,2.06
3,1.6666666666666667,5.0,1.8707683086395264,2.07
3,1.6666666666666667,5.0,1.8748481273651123,2.07
3,1.6666666666666667,5.0,1.8788504600524902,2.05
3,1.6666666666666667,5.0,1.88285231590271,2.06
3,1.6666666666666667,5.0,1.886732816696167,2.08
3,1.6666666666666667,5.0,1.890791416168213,2.05
3,1.6666666666666667,5.0,1.894819974899292,2.06
3,1.6666666666666667,5.0,1.8988244533538818,2.06
3,1.6666666666666667,5.0,1.9028136730194092,2.07
3,1.6666666666666667,5.0,1.9068470001220703,2.06
3,1.6666666666666667,5.0,1.9108498096466064,2.06
3,1.6666666666666667,5.0,1.9148571491241455,2.07
3,1.6666666666666667,5.0,1.9189813137054443,2.07
3,1.6666666666666667,5.0,1.9230706691741943,2.06
3,1.6666666666666667,5.0,1.926851511001587,2.06
3,1.6666666666666667,5.0,1.9313702583312988,2.12
3,1.6666666666666667,5.0,1.9363420009613037,2.08
3,1.6666666666666667,5.0,1.941330909729004,2.05
3,1.6666666666666667,5.0,1.9463343620300293,2.06
3,1.6666666666666667,5.0,1.9507274627685547,2.07
3,1.6666666666666667,5.0,1.9548404216766357,2.06
3,1.6666666666666667,5.0,1.9586775302886963,2.06
3,1.6666666666666667,5.0,1.9625999927520752,2.07
3,1.6666666666666667,5.0,1.9666993618011475,2.06
3,1.6666666666666667,5.0,1.9707157611846924,2.06
3,1.6666666666666667,5.0,1.9747588634490967,2.04
3,1.6666666666666667,5.0,1.9788000583648682,2.06
3,1.6666666666666667,5.0,1.983412742614746,2.07
3,1.6666666666666667,5.0,1.9879381656646729,2.06
3,1.6666666666666667,5.0,1.991744041442871,2.07
3,1.6666666666666667,5.0,1.996251106262207,2.06
4,1.6666666666666667,7.5,3.337860107421875e-06,0.21
4,1.6666666666666667,7.5,0.006842136383056641,0.05
4,1.6666666666666667,7.5,0.011084318161010742,0.05
4,1.6666666666666667,7.5,0.015079259872436523,0.02
4,1.6666666666666667,7.5,0.019133329391479492,0.06
4,1.6666666666666667,7.5,0.023416996002197266,0.01
4,1.6666666666666667,7.5,0.028535842895507812,0.07
4,1.6666666666666667,7.5,0.03281259536743164,0.17
4,1.6666666666666667,7.5,0.03660440444946289,-0.05
4,1.6666666666666667,7.5,0.040717363357543945,-0.05
4,1.6666666666666667,7.5,0.04472517967224121,0.09
4,1.6666666666666667,7.5,0.04878735542297363,0.04
4,1.6666666666666667,7.5,0.05292153358459473,0.06
4,1.6666666666666667,7.5,0.05687761306762695,0.1
4,1.6666666666666667,7.5,0.060877323150634766,-0.05
4,1.6666666666666667,7.5,0.06509780883789062,0.01
4,1.6666666666666667,7.5,0.06936430931091309,-0.01
4,1.6666666666666667,7.5,0.07352066040039062,0.12
4,1.6666666666666667,7.5,0.07841229438781738,0.09
4,1.6666666666666667,7.5,0.08164310455322266,0.17
4,1.6666666666666667,7.5,0.0857086181640625,0.02
4,1.6666666666666667,7.5,0.08973217010498047,0.03
4,1.6666666666666667,7.5,0.0943765640258789,0.07
4,1.6666666666666667,7.5,0.0979454517364502,0.19
4,1.6666666666666667,7.5,0.10236835479736328,0.14
4,1.6666666666666667,7.5,0.10581207275390625,0.2
4,1.6666666666666667,7.5,0.10978937149047852,0.06
4,1.6666666666666667,7.5,0.11391234397888184,0.02
4,1.6666666666666667,7.5,0.1179056167602539,0.0
4,1.6666666666666667,7.5,0.12193179130554199,0.09
4,1.6666666666666667,7.5,0.12582874298095703,0.17
4,1.6666666666666667,7.5,0.1303548812866211,0.16
4,1.6666666666666667,7.5,0.1337132453918457,0.0
4,1.6666666666666667,7.5,0.1377408504486084,0.14
4,1.6666666666666667,7.5,0.1416928768157959,0.08
4,1.6666666666666667,7.5,0.14578819274902344,0.05
4,1.6666666666666667,7.5,0.14998745918273926,0.06
4,1.6666666666666667,7.5,0.15405583381652832,0.04
4,1.6666666666666667,7.5,0.15858745574951172,0.08
4,1.6666666666666667,7.5,0.16358494758605957,0.01
4,1.6666666666666667,7.5,0.16789531707763672,0.05
4,1.6666666666666667,7.5,0.1721959114074707,0.01
4,1.6666666666666667,7.5,0.17645621299743652,0.03
4,1.6666666666666667,7.5,0.18086695671081543,0.0
4,1.6666666666666667,7.5,0.18471121788024902,0.05
4,1.6666666666666667,7.5,0.18870997428894043,0.0
4,1.6666666666666667,7.5,0.19281554222106934,0.11
4,1.6666666666666667,7.5,0.19693255424499512,0.12
4,1.6666666666666667,7.5,0.20089387893676758,0.02
4,1.6666666666666667,7.5,0.20548081398010254,0.17
4,1.6666666666666667,7.5,0.2104017734527588,0.14
4,1.6666666666666667,7.5,0.2153487205505371,0.0
4,1.6666666666666667,7.5,0.2188727855682373,-0.03
4,1.6666666666666667,7.5,0.22282719612121582,0.04
4,1.6666666666666667,7.5,0.2269582748413086,0.08
4,1.6666666666666667,7.5,0.23082351684570312,0.15
4,1.6666666666666667,7.5,0.23464655876159668,0.05
4,1.6666666666666667,7.5,0.2386324405670166,0.02
4,1.6666666666666667,7.5,0.24271106719970703,0.05
4,1.6666666666666667,7.5,0.24679040908813477,0.03
4,1.6666666666666667,7.5,0.2508277893066406,0.06
4,1.6666666666666667,7.5,0.25484275817871094,0.1
4,1.6666666666666667,7.5,0.25891995429992676,0.15
4,1.6666666666666667,7.5,0.26300740242004395,0.03
4,1.6666666666666667,7.5,0.2671201229095459,0.23
4,1.6666666666666667,7.5,0.27136707305908203,0.09
4,1.6666666666666667,7.5,0.2753641605377197,0.07
4,1.6666666666666667,7.5,0.2793235778808594,0.12
4,1.6666666666666667,7.5,0.282757043838501,0.01
4,1.6666666666666667,7.5,0.28674936294555664,-0.04
4,1.6666666666666667,7.5,0.29079508781433105,0.01
4,1.6666666666666667,7.5,0.2954080104827881,0.24
4,1.6666666666666667,7.5,0.3004450798034668,0.06
4,1.6666666666666667,7.5,0.30534887313842773,0.03
4,1.6666666666666667,7.5,0.3089029788970947,0.12
4,1.6666666666666667,7.5,0.3133227825164795,0.07
4,1.6666666666666667,7.5,0.3167581558227539,0.04
4,1.6666666666666667,7.5,0.3208320140838623,0.06
4,1.6666666666666667,7.5,0.3248558044433594,0.0
4,1.6666666666666667,7.5,0.32913875579833984,0.07
4,1.6666666666666667,7.5,0.33273744583129883,-0.02
4,1.6666666666666667,7.5,0.3366243839263916,0.26
4,1.6666666666666667,7.5,0.34067416191101074,0.02
4,1.6666666666666667,7.5,0.3447589874267578,0.03
4,1.6666666666666667,7.5,0.3488903045654297,0.23
4,1.6666666666666667,7.5,0.3528153896331787,-0.01
4,1.6666666666666667,7.5,0.35686278343200684,0.02
4,1.6666666666666667,7.5,0.36084723472595215,0.07
4,1.6666666666666667,7.5,0.3655393123626709,0.07
4,1.6666666666666667,7.5,0.36992335319519043,0.04
4,1.6666666666666667,7.5,0.37437939643859863,0.01
4,1.6666666666666667,7.5,0.378342866897583,0.07
4,1.6666666666666667,7.5,0.3817598819732666,0.08
4,1.6666666666666667,7.5,0.38567137718200684,0.01
4,1.6666666666666667,7.5,0.3901245594024658,0.02
4,1.6666666666666667,7.5,0.3943760395050049,0.08
4,1.6666666666666667,7.5,0.39834070205688477,0.16
4,1.6666666666666667,7.5,0.40181469917297363,-0.03
4,1.6666666666666667,7.5,0.40566492080688477,0.03
4,1.6666666666666667,7.5,0.4095611572265625,0.0
4,1.6666666666666667,7.5,0.41387152671813965,0.0
4,1.6666666666666667,7.5,0.4183042049407959,0.02
4,1.6666666666666667,7.5,0.4217872619628906,0.03
4,1.6666666666666667,7.5,0.4257242679595947,0.06
4,1.6666666666666667,7.5,0.4297518730163574,0.0
4,1.6666666666666667,7.5,0.43431854248046875,0.05
4,1.6666666666666667,7.5,0.43766021728515625,0.02
4,1.6666666666666667,7.5,0.44163966178894043,0.01
4,1.6666666666666667,7.5,0.4457058906555176,0.13
4,1.6666666666666667,7.5,0.4498889446258545,0.04
4,1.6666666666666667,7.5,0.453812837600708,0.0
4,1.6666666666666667,7.5,0.4579169750213623,-0.04
4,1.6666666666666667,7.5,0.4620051383972168,-0.02
4,1.6666666666666667,7.5,0.46605587005615234,0.07
4,1.6666666666666667,7.5,0.4703562259674072,0.07
4,1.6666666666666667,7.5,0.47389864921569824,-0.02
4,1.6666666666666667,7.5,0.47834038734436035,0.03
4,1.6666666666666667,7.5,0.48172545433044434,0.13
4,1.6666666666666667,7.5,0.48581886291503906,0.05
4,1.6666666666666667,7.5,0.49053502082824707,0.08
4,1.6666666666666667,7.5,0.4951446056365967,0.1
4,1.6666666666666667,7.5,0.49942803382873535,0.02
4,1.6666666666666667,7.5,0.50390625,0.03
4,1.6666666666666667,7.5,0.5082581043243408,0.2
4,1.6666666666666667,7.5,0.5116651058197021,0.12
4,1.6666666666666667,7.5,0.5163233280181885,0.12
4,1.6666666666666667,7.5,0.5198228359222412,-0.09
4,1.6666666666666667,7.5,0.5243520736694336,0.06
4,1.6666666666666667,7.5,0.5281827449798584,0.11
4,1.6666666666666667,7.5,0.5317304134368896,0.09
4,1.6666666666666667,7.5,0.5357651710510254,0.14
4,1.6666666666666667,7.5,0.5395932197570801,0.09
4,1.6666666666666667,7.5,0.5436153411865234,0.16
4,1.6666666666666667,7.5,0.5478432178497314,0.13
4,1.6666666666666667,7.5,0.5517985820770264,0.01
4,1.6666666666666667,7.5,0.5559022426605225,-0.01
4,1.6666666666666667,7.5,0.5599188804626465,0.02
4,1.6666666666666667,7.5,0.5644755363464355,0.04
4,1.6666666666666667,7.5,0.5694994926452637,0.09
4,1.6666666666666667,7.5,0.5739529132843018,0.1
4,1.6666666666666667,7.5,0.5782630443572998,0.01
4,1.6666666666666667,7.5,0.5817768573760986,0.08
4,1.6666666666666667,7.5,0.5863566398620605,0.0
4,1.6666666666666667,7.5,0.5899341106414795,0.09
4,1.6666666666666667,7.5,0.5943336486816406,0.07
4,1.6666666666666667,7.5,0.5979495048522949,0.04
4,1.6666666666666667,7.5,0.6018614768981934,-0.01
4,1.6666666666666667,7.5,0.6058869361877441,0.13
4,1.6666666666666667,7.5,0.610429048538208,0.16
4,1.6666666666666667,7.5,0.6147725582122803,0.01
4,1.6666666666666667,7.5,0.6194310188293457,0.0
4,1.6666666666666667,7.5,0.6243610382080078,0.04
4,1.6666666666666667,7.5,0.6279749870300293,0.05
4,1.6666666666666667,7.5,0.6317384243011475,0.1
4,1.6666666666666667,7.5,0.6357059478759766,0.06
4,1.6666666666666667,7.5,0.6396455764770508,0.05
4,1.6666666666666667,7.5,0.6435513496398926,0.03
4,1.6666666666666667,7.5,0.6478679180145264,0.1
4,1.6666666666666667,7.5,0.6519105434417725,0.04
4,1.6666666666666667,7.5,0.655860424041748,0.12
4,1.6666666666666667,7.5,0.6598312854766846,0.07
4,1.6666666666666667,7.5,0.663952112197876,0.0
4,1.6666666666666667,7.5,0.6679489612579346,0.01
4,1.6666666666666667,7.5,0.6721744537353516,0.1
4,1.6666666666666667,7.5,0.6763370037078857,0.11
4,1.6666666666666667,7.5,0.679577112197876,0.03
4,1.6666666666666667,7.5,0.6835289001464844,0.01
4,1.6666666666666667,7.5,0.6876139640808105,0.07
4,1.6666666666666667,7.5,0.691535472869873,0.02
4,1.6666666666666667,7.5,0.6955342292785645,0.1
4,1.6666666666666667,7.5,0.6996533870697021,0.08
4,1.6666666666666667,7.5,0.7036032676696777,0.11
4,1.6666666666666667,7.5,0.7076809406280518,-0.02
4,1.6666666666666667,7.5,0.7117278575897217,-0.05
4,1.6666666666666667,7.5,0.7157750129699707,0.09
4,1.6666666666666667,7.5,0.720348596572876,0.24
4,1.6666666666666667,7.5,0.7249672412872314,0.01
4,1.6666666666666667,7.5,0.728846549987793,0.07
4,1.6666666666666667,7.5,0.7328639030456543,0.01
4,1.6666666666666667,7.5,0.7368423938751221,0.09
4,1.6666666666666667,7.5,0.7407388687133789,0.05
4,1.6666666666666667,7.5,0.7446680068969727,0.05
4,1.6666666666666667,7.5,0.7486939430236816,0.12
4,1.6666666666666667,7.5,0.7527844905853271,0.01
4,1.6666666666666667,7.5,0.7568907737731934,0.09
4,1.6666666666666667,7.5,0.7608320713043213,0.12
4,1.6666666666666667,7.5,0.7648739814758301,0.13
4,1.6666666666666667,7.5,0.7688717842102051,0.18
4,1.6666666666666667,7.5,0.7728557586669922,0.0
4,1.6666666666666667,7.5,0.7770340442657471,0.1
4,1.6666666666666667,7.5,0.7809522151947021,0.02
4,1.6666666666666667,7.5,0.7849247455596924,0.09
4,1.6666666666666667,7.5,0.7889840602874756,0.01
4,1.6666666666666667,7.5,0.793332576751709,0.08
4,1.6666666666666667,7.5,0.7967729568481445,0.0
4,1.6666666666666667,7.5,0.8009486198425293,0.08
4,1.6666666666666667,7.5,0.8054420948028564,0.16
4,1.6666666666666667,7.5,0.8102035522460938,0.06
4,1.6666666666666667,7.5,0.8137707710266113,0.08
4,1.6666666666666667,7.5,0.8184506893157959,0.03
4,1.6666666666666667,7.5,0.8234233856201172,0.03
4,1.6666666666666667,7.5,0.8284554481506348,0.08
4,1.6666666666666667,7.5,0.8334283828735352,0.07
4,1.6666666666666667,7.5,0.8380832672119141,0.17
4,1.6666666666666667,7.5,0.8415505886077881,0.07
4,1.6666666666666667,7.5,0.845646858215332,0.02
4,1.6666666666666667,7.5,0.8498516082763672,0.04
4,1.6666666666666667,7.5,0.8537428379058838,0.0
4,1.6666666666666667,7.5,0.8576853275299072,0.11
4,1.6666666666666667,7.5,0.861572265625,0.11
4,1.6666666666666667,7.5,0.8656222820281982,0.17
4,1.6666666666666667,7.5,0.8696401119232178,0.0
4,1.6666666666666667,7.5,0.8737003803253174,0.03
4,1.6666666666666667,7.5,0.8777308464050293,0.02
4,1.6666666666666667,7.5,0.8817775249481201,0.13
4,1.6666666666666667,7.5,0.8858001232147217,0.19
4,1.6666666666666667,7.5,0.8899471759796143,-0.03
4,1.6666666666666667,7.5,0.8942844867706299,0.08
4,1.6666666666666667,7.5,0.8982734680175781,0.1
4,1.6666666666666667,7.5,0.9023005962371826,0.09
4,1.6666666666666667,7.5,0.9060087203979492,0.02
4,1.6666666666666667,7.5,0.9102771282196045,0.14
4,1.6666666666666667,7.5,0.9138889312744141,0.07
4,1.6666666666666667,7.5,0.9178469181060791,0.06
4,1.6666666666666667,7.5,0.922086238861084,0.05
4,1.6666666666666667,7.5,0.9258830547332764,0.34
4,1.6666666666666667,7.5,0.9298593997955322,0.05
4,1.6666666666666667,7.5,0.9337818622589111,0.08
4,1.6666666666666667,7.5,0.9378838539123535,0.04
4,1.6666666666666667,7.5,0.9416742324829102,0.04
4,1.6666666666666667,7.5,0.945598840713501,0.01
4,1.6666666666666667,7.5,0.9496424198150635,0.03
4,1.6666666666666667,7.5,0.9536423683166504,0.03
4,1.6666666666666667,7.5,0.9578049182891846,0.07
4,1.6666666666666667,7.5,0.9618287086486816,-0.05
4,1.6666666666666667,7.5,0.9664983749389648,-0.05
4,1.6666666666666667,7.5,0.9713547229766846,-0.02
4,1.6666666666666667,7.5,0.9763412475585938,0.05
4,1.6666666666666667,7.5,0.9798085689544678,0.12
4,1.6666666666666667,7.5,0.9843382835388184,0.02
4,1.6666666666666667,7.5,0.987982988357544,0.04
4,1.6666666666666667,7.5,0.9923000335693359,0.05
4,1.6666666666666667,7.5,0.9957826137542725,0.02
4,1.6666666666666667,7.5,0.999727725982666,0.06
4,1.6666666666666667,7.5,1.0037181377410889,2.32
4,1.6666666666666667,7.5,1.0118467807769775,1.99
4,1.6666666666666667,7.5,1.0157184600830078,3.27
4,1.6666666666666667,7.5,1.01979398727417,4.07
4,1.6666666666666667,7.5,1.0242664813995361,3.7
4,1.6666666666666667,7.5,1.028296709060669,3.72
4,1.6666666666666667,7.5,1.0317082405090332,3.68
4,1.6666666666666667,7.5,1.0363335609436035,3.67
4,1.6666666666666667,7.5,1.0403516292572021,3.68
4,1.6666666666666667,7.5,1.044562578201294,3.7
4,1.6666666666666667,7.5,1.0487213134765625,3.66
4,1.6666666666666667,7.5,1.052729606628418,3.73
4,1.6666666666666667,7.5,1.0567705631256104,3.64
4,1.6666666666666667,7.5,1.0608696937561035,3.65
4,1.6666666666666667,7.5,1.0654699802398682,3.72
4,1.6666666666666667,7.5,1.069880485534668,3.68
4,1.6666666666666667,7.5,1.0743653774261475,3.64
4,1.6666666666666667,7.5,1.0793046951293945,3.72
4,1.6666666666666667,7.5,1.082648515701294,3.69
4,1.6666666666666667,7.5,1.0874300003051758,3.67
4,1.6666666666666667,7.5,1.09242844581604,3.69
4,1.6666666666666667,7.5,1.0969903469085693,3.72
4,1.6666666666666667,7.5,1.1010198593139648,3.68
4,1.6666666666666667,7.5,1.105391263961792,3.7
4,1.6666666666666667,7.5,1.1104092597961426,3.73
4,1.6666666666666667,7.5,1.1148653030395508,3.63
4,1.6666666666666667,7.5,1.1193950176239014,3.6
4,1.6666666666666667,7.5,1.1238574981689453,3.66
4,1.6666666666666667,7.5,1.1278274059295654,3.61
4,1.6666666666666667,7.5,1.1317956447601318,3.67
4,1.6666666666666667,7.5,1.1365604400634766,3.62
4,1.6666666666666667,7.5,1.141462802886963,3.69
4,1.6666666666666667,7.5,1.1456937789916992,3.73
4,1.6666666666666667,7.5,1.1496212482452393,3.66
4,1.6666666666666667,7.5,1.1538596153259277,3.7
4,1.6666666666666667,7.5,1.1579434871673584,3.69
4,1.6666666666666667,7.5,1.1618878841400146,3.61
4,1.6666666666666667,7.5,1.1665303707122803,3.7
4,1.6666666666666667,7.5,1.1708695888519287,3.66
4,1.6666666666666667,7.5,1.174903154373169,3.67
4,1.6666666666666667,7.5,1.1790330410003662,3.69
4,1.6666666666666667,7.5,1.1827220916748047,3.69
4,1.6666666666666667,7.5,1.186626672744751,3.68
4,1.6666666666666667,7.5,1.190657377243042,3.74
4,1.6666666666666667,7.5,1.1949372291564941,3.69
4,1.6666666666666667,7.5,1.198777437210083,3.67
4,1.6666666666666667,7.5,1.2027335166931152,3.65
4,1.6666666666666667,7.5,1.2069265842437744,3.64
4,1.6666666666666667,7.5,1.2108769416809082,3.69
4,1.6666666666666667,7.5,1.2149720191955566,3.66
4,1.6666666666666667,7.5,1.2194840908050537,3.67
4,1.6666666666666667,7.5,1.2243845462799072,3.69
4,1.6666666666666667,7.5,1.2293457984924316,3.73
4,1.6666666666666667,7.5,1.232673168182373,3.67
4,1.6666666666666667,7.5,1.2373948097229004,3.59
4,1.6666666666666667,7.5,1.2423746585845947,3.67
4,1.6666666666666667,7.5,1.2465367317199707,3.69
4,1.6666666666666667,7.5,1.2505671977996826,3.69
4,1.6666666666666667,7.5,1.2548260688781738,3.68
4,1.6666666666666667,7.5,1.2588694095611572,3.69
4,1.6666666666666667,7.5,1.262882947921753,3.68
4,1.6666666666666667,7.5,1.2674999237060547,3.68
4,1.6666666666666667,7.5,1.2722015380859375,3.64
4,1.6666666666666667,7.5,1.2763864994049072,3.7
4,1.6666666666666667,7.5,1.2808871269226074,3.69
4,1.6666666666666667,7.5,1.2846863269805908,3.71
4,1.6666666666666667,7.5,1.2887611389160156,3.65
4,1.6666666666666667,7.5,1.2928392887115479,3.68
4,1.6666666666666667,7.5,1.2971746921539307,3.66
4,1.6666666666666667,7.5,1.3009567260742188,3.7
4,1.6666666666666667,7.5,1.3054022789001465,3.67
4,1.6666666666666667,7.5,1.3103480339050293,3.61
4,1.6666666666666667,7.5,1.3139855861663818,3.74
4,1.6666666666666667,7.5,1.3178489208221436,3.65
4,1.6666666666666667,7.5,1.3218512535095215,3.71
4,1.6666666666666667,7.5,1.3261423110961914,3.67
4,1.6666666666666667,7.5,1.3302114009857178,3.74
4,1.6666666666666667,7.5,1.3337061405181885,3.69
4,1.6666666666666667,7.5,1.3380281925201416,3.73
4,1.6666666666666667,7.5,1.3423984050750732,3.69
4,1.6666666666666667,7.5,1.346590280532837,3.68
4,1.6666666666666667,7.5,1.3507137298583984,3.5700000000000003
4,1.6666666666666667,7.5,1.3548035621643066,3.64
4,1.6666666666666667,7.5,1.3588836193084717,3.75
4,1.6666666666666667,7.5,1.362804651260376,3.65
4,1.6666666666666667,7.5,1.3674798011779785,3.72
4,1.6666666666666667,7.5,1.3721075057983398,3.75
4,1.6666666666666667,7.5,1.376384973526001,3.8000000000000003
4,1.6666666666666667,7.5,1.3807153701782227,3.69
4,1.6666666666666667,7.5,1.3847200870513916,3.67
4,1.6666666666666667,7.5,1.3889992237091064,3.69
4,1.6666666666666667,7.5,1.3929095268249512,3.72
4,1.6666666666666667,7.5,1.3968925476074219,3.68
4,1.6666666666666667,7.5,1.4013943672180176,3.68
4,1.6666666666666667,7.5,1.406362771987915,3.67
4,1.6666666666666667,7.5,1.410703420639038,3.7
4,1.6666666666666667,7.5,1.4145934581756592,3.64
4,1.6666666666666667,7.5,1.4185872077941895,3.68
4,1.6666666666666667,7.5,1.4225609302520752,3.7
4,1.6666666666666667,7.5,1.4265451431274414,3.73
4,1.6666666666666667,7.5,1.4306750297546387,3.74
4,1.6666666666666667,7.5,1.4346747398376465,3.71
4,1.6666666666666667,7.5,1.438673973083496,3.72
4,1.6666666666666667,7.5,1.4427690505981445,3.69
4,1.6666666666666667,7.5,1.4467570781707764,3.7
4,1.6666666666666667,7.5,1.4505767822265625,3.65
4,1.6666666666666667,7.5,1.454571008682251,3.67
4,1.6666666666666667,7.5,1.4585800170898438,3.67
4,1.6666666666666667,7.5,1.4626781940460205,3.7
4,1.6666666666666667,7.5,1.4666893482208252,3.65
4,1.6666666666666667,7.5,1.4708352088928223,3.7
4,1.6666666666666667,7.5,1.474778175354004,3.74
4,1.6666666666666667,7.5,1.4789707660675049,3.6
4,1.6666666666666667,7.5,1.4828011989593506,3.68
4,1.6666666666666667,7.5,1.486680507659912,3.71
4,1.6666666666666667,7.5,1.490739107131958,3.66
4,1.6666666666666667,7.5,1.4949705600738525,3.67
4,1.6666666666666667,7.5,1.4992477893829346,3.71
4,1.6666666666666667,7.5,1.5032165050506592,3.73
4,1.6666666666666667,7.5,1.5068371295928955,3.67
4,1.6666666666666667,7.5,1.5112464427947998,3.61
4,1.6666666666666667,7.5,1.5151541233062744,3.71
4,1.6666666666666667,7.5,1.5187697410583496,3.74
4,1.6666666666666667,7.5,1.522723913192749,3.75
4,1.6666666666666667,7.5,1.5269651412963867,3.67
4,1.6666666666666667,7.5,1.5306191444396973,3.59
4,1.6666666666666667,7.5,1.5346355438232422,3.69
4,1.6666666666666667,7.5,1.5388572216033936,3.7
4,1.6666666666666667,7.5,1.5431158542633057,3.63
4,1.6666666666666667,7.5,1.546750545501709,3.77
4,1.6666666666666667,7.5,1.5505495071411133,3.54
4,1.6666666666666667,7.5,1.554645299911499,3.7
4,1.6666666666666667,7.5,1.5586793422698975,3.75
4,1.6666666666666667,7.5,1.5628132820129395,3.67
4,1.6666666666666667,7.5,1.5666701793670654,3.68
4,1.6666666666666667,7.5,1.5707359313964844,3.7
4,1.6666666666666667,7.5,1.5749313831329346,3.71
4,1.6666666666666667,7.5,1.579148292541504,3.5300000000000002
4,1.6666666666666667,7.5,1.5827112197875977,3.67
4,1.6666666666666667,7.5,1.5868699550628662,3.65
4,1.6666666666666667,7.5,1.5908212661743164,3.7
4,1.6666666666666667,7.5,1.5952098369598389,3.63
4,1.6666666666666667,7.5,1.599151611328125,3.7
4,1.6666666666666667,7.5,1.6031742095947266,3.68
4,1.6666666666666667,7.5,1.6065917015075684,3.71
4,1.6666666666666667,7.5,1.6110966205596924,3.69
4,1.6666666666666667,7.5,1.6153638362884521,3.68
4,1.6666666666666667,7.5,1.620368242263794,3.73
4,1.6666666666666667,7.5,1.6250650882720947,3.77
4,1.6666666666666667,7.5,1.6293284893035889,3.68
4,1.6666666666666667,7.5,1.633350133895874,3.67
4,1.6666666666666667,7.5,1.6379237174987793,3.7
4,1.6666666666666667,7.5,1.6423254013061523,3.5700000000000003
4,1.6666666666666667,7.5,1.6458473205566406,3.71
4,1.6666666666666667,7.5,1.6494791507720947,3.71
4,1.6666666666666667,7.5,1.6536965370178223,3.73
4,1.6666666666666667,7.5,1.6577842235565186,3.66
4,1.6666666666666667,7.5,1.6617844104766846,3.66
4,1.6666666666666667,7.5,1.6658265590667725,3.72
4,1.6666666666666667,7.5,1.6697580814361572,3.74
4,1.6666666666666667,7.5,1.6743767261505127,3.72
4,1.6666666666666667,7.5,1.6793644428253174,3.7
4,1.6666666666666667,7.5,1.6835744380950928,3.5500000000000003
4,1.6666666666666667,7.5,1.6875660419464111,3.66
4,1.6666666666666667,7.5,1.691530704498291,3.75
4,1.6666666666666667,7.5,1.6956243515014648,3.64
4,1.6666666666666667,7.5,1.6998729705810547,3.74
4,1.6666666666666667,7.5,1.7038402557373047,3.69
4,1.6666666666666667,7.5,1.707854986190796,3.71
4,1.6666666666666667,7.5,1.712416410446167,3.7
4,1.6666666666666667,7.5,1.717376470565796,3.73
4,1.6666666666666667,7.5,1.7220256328582764,3.61
4,1.6666666666666667,7.5,1.7258648872375488,3.74
4,1.6666666666666667,7.5,1.7299985885620117,3.69
4,1.6666666666666667,7.5,1.7339577674865723,3.64
4,1.6666666666666667,7.5,1.7378122806549072,3.69
4,1.6666666666666667,7.5,1.7422051429748535,3.64
4,1.6666666666666667,7.5,1.745739221572876,3.68
4,1.6666666666666667,7.5,1.7494909763336182,3.71
4,1.6666666666666667,7.5,1.7536523342132568,3.67
4,1.6666666666666667,7.5,1.757756233215332,3.7600000000000002
4,1.6666666666666667,7.5,1.7618191242218018,3.65
4,1.6666666666666667,7.5,1.765812635421753,3.68
4,1.6666666666666667,7.5,1.7704064846038818,3.65
4,1.6666666666666667,7.5,1.775071620941162,3.7
4,1.6666666666666667,7.5,1.7792696952819824,3.69
4,1.6666666666666667,7.5,1.782639980316162,3.65
4,1.6666666666666667,7.5,1.7868812084197998,3.73
4,1.6666666666666667,7.5,1.7912893295288086,3.63
4,1.6666666666666667,7.5,1.794839859008789,3.69
4,1.6666666666666667,7.5,1.7992699146270752,3.73
4,1.6666666666666667,7.5,1.8026645183563232,3.7
4,1.6666666666666667,7.5,1.807206392288208,3.66
4,1.6666666666666667,7.5,1.8107101917266846,3.61
4,1.6666666666666667,7.5,1.8146491050720215,3.65
4,1.6666666666666667,7.5,1.818692684173584,3.74
4,1.6666666666666667,7.5,1.8226823806762695,3.6
4,1.6666666666666667,7.5,1.8272218704223633,3.69
4,1.6666666666666667,7.5,1.8307242393493652,3.67
4,1.6666666666666667,7.5,1.8345718383789062,3.68
4,1.6666666666666667,7.5,1.8386940956115723,3.67
4,1.6666666666666667,7.5,1.8433575630187988,3.73
4,1.6666666666666667,7.5,1.847670078277588,3.67
4,1.6666666666666667,7.5,1.851588249206543,3.69
4,1.6666666666666667,7.5,1.855699062347412,3.74
4,1.6666666666666667,7.5,1.859757423400879,3.62
4,1.6666666666666667,7.5,1.863785743713379,3.68
4,1.6666666666666667,7.5,1.8678209781646729,3.71
4,1.6666666666666667,7.5,1.8718104362487793,3.72
4,1.6666666666666667,7.5,1.8757615089416504,3.69
4,1.6666666666666667,7.5,1.8797211647033691,3.71
4,1.6666666666666667,7.5,1.8837037086486816,3.74
4,1.6666666666666667,7.5,1.88779878616333,3.6
4,1.6666666666666667,7.5,1.8922874927520752,3.74
4,1.6666666666666667,7.5,1.8962056636810303,3.65
4,1.6666666666666667,7.5,1.9001986980438232,3.75
4,1.6666666666666667,7.5,1.9040944576263428,3.64
4,1.6666666666666667,7.5,1.9077084064483643,3.63
4,1.6666666666666667,7.5,1.9121816158294678,3.69
4,1.6666666666666667,7.5,1.9156806468963623,3.71
4,1.6666666666666667,7.5,1.9202072620391846,3.64
4,1.6666666666666667,7.5,1.9237182140350342,3.66
4,1.6666666666666667,7.5,1.9277949333190918,3.66
4,1.6666666666666667,7.5,1.9317357540130615,3.73
4,1.6666666666666667,7.5,1.9363512992858887,3.5700000000000003
4,1.6666666666666667,7.5,1.9413847923278809,3.68
4,1.6666666666666667,7.5,1.9463391304016113,3.74
4,1.6666666666666667,7.5,1.9505605697631836,3.7600000000000002
4,1.6666666666666667,7.5,1.954653263092041,3.69
4,1.6666666666666667,7.5,1.9588325023651123,3.56
4,1.6666666666666667,7.5,1.9629108905792236,3.7
4,1.6666666666666667,7.5,1.9674928188323975,3.7
4,1.6666666666666667,7.5,1.9721033573150635,3.7
4,1.6666666666666667,7.5,1.9759190082550049,3.68
4,1.6666666666666667,7.5,1.9800758361816406,3.66
4,1.6666666666666667,7.5,1.984062910079956,3.75
4,1.6666666666666667,7.5,1.9877519607543945,3.73
4,1.6666666666666667,7.5,1.9918484687805176,3.65
4,1.6666666666666667,7.5,1.9957776069641113,3.7
4,1.6666666666666667,7.5,1.9997384548187256,3.69
5,1.6666666666666667,10.0,2.384185791015625e-06,0.07
5,1.6666666666666667,10.0,0.007027864456176758,-0.07
5,1.6666666666666667,10.0,0.01129460334777832,-0.06
5,1.6666666666666667,10.0,0.015328407287597656,-0.03
5,1.6666666666666667,10.0,0.01914668083190918,-0.02
5,1.6666666666666667,10.0,0.022766828536987305,0.0
5,1.6666666666666667,10.0,0.026890993118286133,-0.02
5,1.6666666666666667,10.0,0.031090259552001953,0.0
5,1.6666666666666667,10.0,0.03517341613769531,0.0
5,1.6666666666666667,10.0,0.039037227630615234,0.0
5,1.6666666666666667,10.0,0.043219804763793945,-0.03
5,1.6666666666666667,10.0,0.047209978103637695,-0.01
5,1.6666666666666667,10.0,0.051157474517822266,0.0
5,1.6666666666666667,10.0,0.05502486228942871,-0.01
5,1.6666666666666667,10.0,0.059078216552734375,-0.04
5,1.6666666666666667,10.0,0.06353139877319336,-0.02
5,1.6666666666666667,10.0,0.06719350814819336,-0.02
5,1.6666666666666667,10.0,0.07158017158508301,-0.02
5,1.6666666666666667,10.0,0.07551145553588867,0.0
5,1.6666666666666667,10.0,0.07957863807678223,0.0
5,1.6666666666666667,10.0,0.08306121826171875,0.0
5,1.6666666666666667,10.0,0.08703184127807617,-0.03
5,1.6666666666666667,10.0,0.09105491638183594,-0.02
5,1.6666666666666667,10.0,0.09558701515197754,-0.03
5,1.6666666666666667,10.0,0.09903597831726074,-0.01
5,1.6666666666666667,10.0,0.10301947593688965,-0.04
5,1.6666666666666667,10.0,0.10752439498901367,0.0
5,1.6666666666666667,10.0,0.11118507385253906,0.0
5,1.6666666666666667,10.0,0.11558389663696289,0.0
5,1.6666666666666667,10.0,0.11896896362304688,0.0
5,1.6666666666666667,10.0,0.12288737297058105,0.0
5,1.6666666666666667,10.0,0.12705731391906738,0.0
5,1.6666666666666667,10.0,0.1311032772064209,-0.01
5,1.6666666666666667,10.0,0.13511157035827637,-0.01
5,1.6666666666666667,10.0,0.1391162872314453,0.0
5,1.6666666666666667,10.0,0.14318633079528809,0.0
5,1.6666666666666667,10.0,0.14779329299926758,0.0
5,1.6666666666666667,10.0,0.15197157859802246,-0.01
5,1.6666666666666667,10.0,0.15601229667663574,-0.03
5,1.6666666666666667,10.0,0.15983986854553223,0.0
5,1.6666666666666667,10.0,0.16393685340881348,0.0
5,1.6666666666666667,10.0,0.16806697845458984,-0.04
5,1.6666666666666667,10.0,0.1720883846282959,-0.01
5,1.6666666666666667,10.0,0.17607975006103516,0.0
5,1.6666666666666667,10.0,0.18015146255493164,0.0
5,1.6666666666666667,10.0,0.1840958595275879,-0.03
5,1.6666666666666667,10.0,0.18824434280395508,-0.02
5,1.6666666666666667,10.0,0.1921858787536621,-0.04
5,1.6666666666666667,10.0,0.1966855525970459,-0.03
5,1.6666666666666667,10.0,0.2016286849975586,-0.01
5,1.6666666666666667,10.0,0.20651650428771973,-0.02
5,1.6666666666666667,10.0,0.2100837230682373,-0.03
5,1.6666666666666667,10.0,0.21401596069335938,-0.01
5,1.6666666666666667,10.0,0.218292236328125,-0.01
5,1.6666666666666667,10.0,0.22180700302124023,-0.01
5,1.6666666666666667,10.0,0.22595834732055664,-0.03
5,1.6666666666666667,10.0,0.23006081581115723,-0.04
5,1.6666666666666667,10.0,0.2340998649597168,-0.01
5,1.6666666666666667,10.0,0.23814105987548828,0.0
5,1.6666666666666667,10.0,0.24212098121643066,-0.03
5,1.6666666666666667,10.0,0.24647140502929688,0.0
5,1.6666666666666667,10.0,0.2503082752227783,-0.01
5,1.6666666666666667,10.0,0.2540915012359619,-0.01
5,1.6666666666666667,10.0,0.25806403160095215,0.0
5,1.6666666666666667,10.0,0.2621030807495117,0.01
5,1.6666666666666667,10.0,0.26669907569885254,-0.02
5,1.6666666666666667,10.0,0.2717256546020508,-0.02
5,1.6666666666666667,10.0,0.2761721611022949,-0.02
5,1.6666666666666667,10.0,0.28032422065734863,-0.01
5,1.6666666666666667,10.0,0.2842216491699219,0.0
5,1.6666666666666667,10.0,0.2886478900909424,0.0
5,1.6666666666666667,10.0,0.29371213912963867,-0.02
5,1.6666666666666667,10.0,0.2987024784088135,-0.01
5,1.6666666666666667,10.0,0.3036925792694092,0.0
5,1.6666666666666667,10.0,0.3081536293029785,-0.01
5,1.6666666666666667,10.0,0.3126375675201416,0.0
5,1.6666666666666667,10.0,0.31730127334594727,-0.02
5,1.6666666666666667,10.0,0.3210735321044922,0.01
5,1.6666666666666667,10.0,0.3249664306640625,-0.03
5,1.6666666666666667,10.0,0.3291337490081787,0.0
5,1.6666666666666667,10.0,0.3331913948059082,-0.04
5,1.6666666666666667,10.0,0.33725571632385254,-0.03
5,1.6666666666666667,10.0,0.34126806259155273,-0.07
5,1.6666666666666667,10.0,0.34525108337402344,0.0
5,1.6666666666666667,10.0,0.34983110427856445,-0.01
5,1.6666666666666667,10.0,0.35423851013183594,-0.02
5,1.6666666666666667,10.0,0.3581359386444092,0.01
5,1.6666666666666667,10.0,0.36269712448120117,-0.05
5,1.6666666666666667,10.0,0.36768555641174316,0.0
5,1.6666666666666667,10.0,0.372499942779541,0.0
5,1.6666666666666667,10.0,0.3760831356048584,-0.02
5,1.6666666666666667,10.0,0.38064026832580566,-0.03
5,1.6666666666666667,10.0,0.3856344223022461,-0.02
5,1.6666666666666667,10.0,0.3907296657562256,0.0
5,1.6666666666666667,10.0,0.39568161964416504,-0.01
5,1.6666666666666667,10.0,0.4002087116241455,-0.01
5,1.6666666666666667,10.0,0.40396761894226074,0.0
5,1.6666666666666667,10.0,0.4082624912261963,0.0
5,1.6666666666666667,10.0,0.4122326374053955,-0.02
5,1.6666666666666667,10.0,0.41651391983032227,0.01
5,1.6666666666666667,10.0,0.42020201683044434,-0.01
5,1.6666666666666667,10.0,0.42381978034973145,-0.03
5,1.6666666666666667,10.0,0.42798638343811035,0.0
5,1.6666666666666667,10.0,0.43201589584350586,-0.03
5,1.6666666666666667,10.0,0.43610620498657227,-0.03
5,1.6666666666666667,10.0,0.44014573097229004,0.0
5,1.6666666666666667,10.0,0.44420886039733887,0.0
5,1.6666666666666667,10.0,0.4486527442932129,-0.02
5,1.6666666666666667,10.0,0.4529454708099365,0.0
5,1.6666666666666667,10.0,0.4577057361602783,0.0
5,1.6666666666666667,10.0,0.46257972717285156,-0.02
5,1.6666666666666667,10.0,0.4665377140045166,-0.01
5,1.6666666666666667,10.0,0.47052454948425293,0.0
5,1.6666666666666667,10.0,0.47414398193359375,0.0
5,1.6666666666666667,10.0,0.47852063179016113,-0.02
5,1.6666666666666667,10.0,0.48200392723083496,-0.01
5,1.6666666666666667,10.0,0.486102819442749,-0.02
5,1.6666666666666667,10.0,0.4900078773498535,-0.02
5,1.6666666666666667,10.0,0.4945380687713623,-0.02
5,1.6666666666666667,10.0,0.49828076362609863,-0.03
5,1.6666666666666667,10.0,0.501854419708252,-0.05
5,1.6666666666666667,10.0,0.5059092044830322,-0.01
5,1.6666666666666667,10.0,0.510014533996582,0.0
5,1.6666666666666667,10.0,0.5147392749786377,0.0
5,1.6666666666666667,10.0,0.5195755958557129,-0.06
5,1.6666666666666667,10.0,0.5238995552062988,-0.03
5,1.6666666666666667,10.0,0.5279817581176758,-0.03
5,1.6666666666666667,10.0,0.5321581363677979,0.0
5,1.6666666666666667,10.0,0.5361597537994385,-0.01
5,1.6666666666666667,10.0,0.5401484966278076,0.02
5,1.6666666666666667,10.0,0.5443572998046875,-0.01
5,1.6666666666666667,10.0,0.5487446784973145,0.0
5,1.6666666666666667,10.0,0.5530619621276855,0.0
5,1.6666666666666667,10.0,0.557647705078125,0.0
5,1.6666666666666667,10.0,0.5619792938232422,0.01
5,1.6666666666666667,10.0,0.566626787185669,0.0
5,1.6666666666666667,10.0,0.5716428756713867,-0.01
5,1.6666666666666667,10.0,0.5759835243225098,-0.03
5,1.6666666666666667,10.0,0.5802974700927734,-0.02
5,1.6666666666666667,10.0,0.5840926170349121,-0.02
5,1.6666666666666667,10.0,0.5881130695343018,0.0
5,1.6666666666666667,10.0,0.5922152996063232,-0.03
5,1.6666666666666667,10.0,0.5965297222137451,-0.02
5,1.6666666666666667,10.0,0.6000325679779053,0.0
5,1.6666666666666667,10.0,0.6046645641326904,0.0
5,1.6666666666666667,10.0,0.6092085838317871,0.0
5,1.6666666666666667,10.0,0.6133937835693359,-0.01
5,1.6666666666666667,10.0,0.6173396110534668,-0.02
5,1.6666666666666667,10.0,0.6216902732849121,-0.01
5,1.6666666666666667,10.0,0.6257812976837158,0.01
5,1.6666666666666667,10.0,0.6300883293151855,0.0
5,1.6666666666666667,10.0,0.6341776847839355,-0.01
5,1.6666666666666667,10.0,0.6381232738494873,0.0
5,1.6666666666666667,10.0,0.6420133113861084,-0.02
5,1.6666666666666667,10.0,0.6461591720581055,-0.03
5,1.6666666666666667,10.0,0.6503286361694336,-0.01
5,1.6666666666666667,10.0,0.6538841724395752,0.0
5,1.6666666666666667,10.0,0.6577937602996826,-0.02
5,1.6666666666666667,10.0,0.6618106365203857,0.0
5,1.6666666666666667,10.0,0.6658930778503418,0.0
5,1.6666666666666667,10.0,0.669856071472168,-0.02
5,1.6666666666666667,10.0,0.6738293170928955,-0.01
5,1.6666666666666667,10.0,0.677783727645874,-0.01
5,1.6666666666666667,10.0,0.6817998886108398,-0.01
5,1.6666666666666667,10.0,0.6858808994293213,-0.01
5,1.6666666666666667,10.0,0.6899349689483643,0.0
5,1.6666666666666667,10.0,0.6944262981414795,-0.01
5,1.6666666666666667,10.0,0.6981241703033447,-0.04
5,1.6666666666666667,10.0,0.7019250392913818,-0.01
5,1.6666666666666667,10.0,0.7065002918243408,-0.01
5,1.6666666666666667,10.0,0.7102291584014893,-0.02
5,1.6666666666666667,10.0,0.7142002582550049,-0.01
5,1.6666666666666667,10.0,0.7182726860046387,-0.03
5,1.6666666666666667,10.0,0.7223234176635742,-0.01
5,1.6666666666666667,10.0,0.7259395122528076,-0.01
5,1.6666666666666667,10.0,0.7300572395324707,0.01
5,1.6666666666666667,10.0,0.7340903282165527,-0.01
5,1.6666666666666667,10.0,0.7381000518798828,0.0
5,1.6666666666666667,10.0,0.7420902252197266,-0.02
5,1.6666666666666667,10.0,0.7460916042327881,0.0
5,1.6666666666666667,10.0,0.7501518726348877,-0.01
5,1.6666666666666667,10.0,0.7540895938873291,-0.02
5,1.6666666666666667,10.0,0.7581310272216797,-0.02
5,1.6666666666666667,10.0,0.7619838714599609,-0.01
5,1.6666666666666667,10.0,0.766047477722168,-0.01
5,1.6666666666666667,10.0,0.7700998783111572,-0.03
5,1.6666666666666667,10.0,0.7740495204925537,-0.03
5,1.6666666666666667,10.0,0.7781205177307129,-0.03
5,1.6666666666666667,10.0,0.7820687294006348,-0.01
5,1.6666666666666667,10.0,0.7863795757293701,-0.02
5,1.6666666666666667,10.0,0.7906725406646729,0.0
5,1.6666666666666667,10.0,0.7949280738830566,-0.02
5,1.6666666666666667,10.0,0.7989993095397949,-0.01
5,1.6666666666666667,10.0,0.802985668182373,0.0
5,1.6666666666666667,10.0,0.8076963424682617,0.0
5,1.6666666666666667,10.0,0.8119649887084961,0.0
5,1.6666666666666667,10.0,0.8160290718078613,0.0
5,1.6666666666666667,10.0,0.820098876953125,-0.03
5,1.6666666666666667,10.0,0.8239057064056396,0.0
5,1.6666666666666667,10.0,0.8278717994689941,0.0
5,1.6666666666666667,10.0,0.8318605422973633,-0.01
5,1.6666666666666667,10.0,0.8358533382415771,0.0
5,1.6666666666666667,10.0,0.8398571014404297,-0.02
5,1.6666666666666667,10.0,0.8439023494720459,-0.04
5,1.6666666666666667,10.0,0.8482403755187988,-0.01
5,1.6666666666666667,10.0,0.852137565612793,-0.02
5,1.6666666666666667,10.0,0.8562874794006348,0.0
5,1.6666666666666667,10.0,0.8602488040924072,-0.04
5,1.6666666666666667,10.0,0.8642778396606445,-0.04
5,1.6666666666666667,10.0,0.8682544231414795,0.0
5,1.6666666666666667,10.0,0.872255802154541,-0.02
5,1.6666666666666667,10.0,0.8761725425720215,-0.03
5,1.6666666666666667,10.0,0.8801765441894531,-0.01
5,1.6666666666666667,10.0,0.8842644691467285,0.0
5,1.6666666666666667,10.0,0.888216495513916,-0.01
5,1.6666666666666667,10.0,0.8922863006591797,-0.02
5,1.6666666666666667,10.0,0.8963191509246826,-0.03
5,1.6666666666666667,10.0,0.9003140926361084,0.01
5,1.6666666666666667,10.0,0.904038667678833,-0.04
5,1.6666666666666667,10.0,0.9082839488983154,-0.01
5,1.6666666666666667,10.0,0.9121980667114258,-0.03
5,1.6666666666666667,10.0,0.9162845611572266,-0.04
5,1.6666666666666667,10.0,0.9202911853790283,-0.02
5,1.6666666666666667,10.0,0.9242134094238281,-0.01
5,1.6666666666666667,10.0,0.9279313087463379,-0.01
5,1.6666666666666667,10.0,0.9319717884063721,-0.02
5,1.6666666666666667,10.0,0.9360756874084473,0.0
5,1.6666666666666667,10.0,0.9402005672454834,0.0
5,1.6666666666666667,10.0,0.9441776275634766,-0.05
5,1.6666666666666667,10.0,0.9480924606323242,-0.01
5,1.6666666666666667,10.0,0.9521491527557373,-0.02
5,1.6666666666666667,10.0,0.9563190937042236,-0.04
5,1.6666666666666667,10.0,0.9601237773895264,-0.01
5,1.6666666666666667,10.0,0.9646697044372559,-0.02
5,1.6666666666666667,10.0,0.9689717292785645,-0.02
5,1.6666666666666667,10.0,0.9732017517089844,0.0
5,1.6666666666666667,10.0,0.9770591259002686,0.0
5,1.6666666666666667,10.0,0.9811699390411377,-0.01
5,1.6666666666666667,10.0,0.9855620861053467,-0.02
5,1.6666666666666667,10.0,0.9900681972503662,-0.01
5,1.6666666666666667,10.0,0.994593620300293,-0.01
5,1.6666666666666667,10.0,0.9995930194854736,-0.01
5,1.6666666666666667,10.0,1.0039241313934326,3.36
5,1.6666666666666667,10.0,1.012619972229004,2.65
5,1.6666666666666667,10.0,1.0175848007202148,5.89
5,1.6666666666666667,10.0,1.022132158279419,5.95
5,1.6666666666666667,10.0,1.0259075164794922,5.43
5,1.6666666666666667,10.0,1.0298669338226318,5.54
5,1.6666666666666667,10.0,1.0339128971099854,5.45
5,1.6666666666666667,10.0,1.0379958152770996,5.54
5,1.6666666666666667,10.0,1.0420422554016113,5.54
5,1.6666666666666667,10.0,1.0461316108703613,5.5
5,1.6666666666666667,10.0,1.050034523010254,5.43
5,1.6666666666666667,10.0,1.0540039539337158,5.5
5,1.6666666666666667,10.0,1.0579636096954346,5.65
5,1.6666666666666667,10.0,1.0618336200714111,5.5600000000000005
5,1.6666666666666667,10.0,1.0659136772155762,5.61
5,1.6666666666666667,10.0,1.069972276687622,5.5
5,1.6666666666666667,10.0,1.0740432739257812,5.62
5,1.6666666666666667,10.0,1.0777921676635742,5.54
5,1.6666666666666667,10.0,1.0824646949768066,5.55
5,1.6666666666666667,10.0,1.086470603942871,5.58
5,1.6666666666666667,10.0,1.0900027751922607,5.57
5,1.6666666666666667,10.0,1.0944693088531494,5.57
5,1.6666666666666667,10.0,1.0984609127044678,5.47
5,1.6666666666666667,10.0,1.101924180984497,5.54
5,1.6666666666666667,10.0,1.1058547496795654,5.53
5,1.6666666666666667,10.0,1.1100566387176514,5.53
5,1.6666666666666667,10.0,1.114614725112915,5.5600000000000005
5,1.6666666666666667,10.0,1.1190624237060547,5.48
5,1.6666666666666667,10.0,1.1235318183898926,5.5
5,1.6666666666666667,10.0,1.127756118774414,5.5600000000000005
5,1.6666666666666667,10.0,1.1319608688354492,5.58
5,1.6666666666666667,10.0,1.1360681056976318,5.5200000000000005
5,1.6666666666666667,10.0,1.1401045322418213,5.5
5,1.6666666666666667,10.0,1.1440389156341553,5.57
5,1.6666666666666667,10.0,1.1480062007904053,5.58
5,1.6666666666666667,10.0,1.1520042419433594,5.46
5,1.6666666666666667,10.0,1.1559505462646484,5.47
5,1.6666666666666667,10.0,1.1598551273345947,5.54
5,1.6666666666666667,10.0,1.1637797355651855,5.43
5,1.6666666666666667,10.0,1.1678752899169922,5.55
5,1.6666666666666667,10.0,1.1719529628753662,5.55
5,1.6666666666666667,10.0,1.1759822368621826,5.51
5,1.6666666666666667,10.0,1.1799836158752441,5.6000000000000005
5,1.6666666666666667,10.0,1.1840319633483887,5.5600000000000005
5,1.6666666666666667,10.0,1.1880826950073242,5.5
5,1.6666666666666667,10.0,1.1921091079711914,5.61
5,1.6666666666666667,10.0,1.1960065364837646,5.5200000000000005
5,1.6666666666666667,10.0,1.2001895904541016,5.53
5,1.6666666666666667,10.0,1.2040255069732666,5.51
5,1.6666666666666667,10.0,1.208141803741455,5.5600000000000005
5,1.6666666666666667,10.0,1.2125279903411865,5.45
5,1.6666666666666667,10.0,1.2171032428741455,5.49
5,1.6666666666666667,10.0,1.2215991020202637,5.54
5,1.6666666666666667,10.0,1.225933313369751,5.55
5,1.6666666666666667,10.0,1.2297532558441162,5.49
5,1.6666666666666667,10.0,1.2340526580810547,5.5600000000000005
5,1.6666666666666667,10.0,1.2381219863891602,5.5
5,1.6666666666666667,10.0,1.2421355247497559,5.55
5,1.6666666666666667,10.0,1.2461130619049072,5.53
5,1.6666666666666667,10.0,1.250128984451294,5.46
5,1.6666666666666667,10.0,1.2539629936218262,5.5200000000000005
5,1.6666666666666667,10.0,1.2580163478851318,5.5200000000000005
5,1.6666666666666667,10.0,1.2620313167572021,5.57
5,1.6666666666666667,10.0,1.26605224609375,5.6000000000000005
5,1.6666666666666667,10.0,1.2703075408935547,5.51
5,1.6666666666666667,10.0,1.2746236324310303,5.54
5,1.6666666666666667,10.0,1.279052972793579,5.55
5,1.6666666666666667,10.0,1.2836027145385742,5.53
5,1.6666666666666667,10.0,1.2885844707489014,5.5200000000000005
5,1.6666666666666667,10.0,1.2935707569122314,5.63
5,1.6666666666666667,10.0,1.298600673675537,5.5200000000000005
5,1.6666666666666667,10.0,1.3035829067230225,5.61
5,1.6666666666666667,10.0,1.3086280822753906,5.59
5,1.6666666666666667,10.0,1.313615083694458,5.5
5,1.6666666666666667,10.0,1.3183064460754395,5.57
5,1.6666666666666667,10.0,1.3222086429595947,5.55
5,1.6666666666666667,10.0,1.3259468078613281,5.53
5,1.6666666666666667,10.0,1.3298060894012451,5.51
5,1.6666666666666667,10.0,1.3341012001037598,5.53
5,1.6666666666666667,10.0,1.3380587100982666,5.55
5,1.6666666666666667,10.0,1.342221975326538,5.51
5,1.6666666666666667,10.0,1.346101999282837,5.5200000000000005
5,1.6666666666666667,10.0,1.3501784801483154,5.67
5,1.6666666666666667,10.0,1.354006052017212,5.55
5,1.6666666666666667,10.0,1.3581340312957764,5.45
5,1.6666666666666667,10.0,1.3623521327972412,5.5600000000000005
5,1.6666666666666667,10.0,1.3666789531707764,5.47
5,1.6666666666666667,10.0,1.3716135025024414,5.48
5,1.6666666666666667,10.0,1.3765971660614014,5.43
5,1.6666666666666667,10.0,1.3810503482818604,5.59
5,1.6666666666666667,10.0,1.3854701519012451,5.37
5,1.6666666666666667,10.0,1.389589786529541,5.54
5,1.6666666666666667,10.0,1.39457368850708,5.44
5,1.6666666666666667,10.0,1.3995614051818848,5.53
5,1.6666666666666667,10.0,1.4039952754974365,5.63
5,1.6666666666666667,10.0,1.408153772354126,5.54
5,1.6666666666666667,10.0,1.4126057624816895,5.6000000000000005
5,1.6666666666666667,10.0,1.4176180362701416,5.5
5,1.6666666666666667,10.0,1.4220576286315918,5.5600000000000005
5,1.6666666666666667,10.0,1.4260149002075195,5.5600000000000005
5,1.6666666666666667,10.0,1.4298145771026611,5.54
5,1.6666666666666667,10.0,1.4339642524719238,5.6000000000000005
5,1.6666666666666667,10.0,1.438110589981079,5.54
5,1.6666666666666667,10.0,1.4421212673187256,5.5200000000000005
5,1.6666666666666667,10.0,1.446131706237793,5.51
5,1.6666666666666667,10.0,1.4501821994781494,5.5600000000000005
5,1.6666666666666667,10.0,1.4539687633514404,5.5
5,1.6666666666666667,10.0,1.4580695629119873,5.53
5,1.6666666666666667,10.0,1.4622931480407715,5.5200000000000005
5,1.6666666666666667,10.0,1.4666883945465088,5.5
5,1.6666666666666667,10.0,1.4716215133666992,5.51
5,1.6666666666666667,10.0,1.4766123294830322,5.5600000000000005
5,1.6666666666666667,10.0,1.481576681137085,5.53
5,1.6666666666666667,10.0,1.4865870475769043,5.5
5,1.6666666666666667,10.0,1.491274118423462,5.5200000000000005
5,1.6666666666666667,10.0,1.4956247806549072,5.49
5,1.6666666666666667,10.0,1.5003588199615479,5.57
5,1.6666666666666667,10.0,1.5039963722229004,5.54
5,1.6666666666666667,10.0,1.5086627006530762,5.54
5,1.6666666666666667,10.0,1.5136852264404297,5.55
5,1.6666666666666667,10.0,1.518071174621582,5.46
5,1.6666666666666667,10.0,1.522087812423706,5.5600000000000005
5,1.6666666666666667,10.0,1.5263192653656006,5.5200000000000005
5,1.6666666666666667,10.0,1.5298690795898438,5.55
5,1.6666666666666667,10.0,1.5338528156280518,5.47
5,1.6666666666666667,10.0,1.5380475521087646,5.53
5,1.6666666666666667,10.0,1.5421466827392578,5.46
5,1.6666666666666667,10.0,1.5461435317993164,5.54
5,1.6666666666666667,10.0,1.550213098526001,5.58
5,1.6666666666666667,10.0,1.5541110038757324,5.5600000000000005
5,1.6666666666666667,10.0,1.5586974620819092,5.5200000000000005
5,1.6666666666666667,10.0,1.5628588199615479,5.5
5,1.6666666666666667,10.0,1.5676000118255615,5.43
5,1.6666666666666667,10.0,1.5725789070129395,5.46
5,1.6666666666666667,10.0,1.5776026248931885,5.5200000000000005
5,1.6666666666666667,10.0,1.5820415019989014,5.54
5,1.6666666666666667,10.0,1.586181879043579,5.61
5,1.6666666666666667,10.0,1.5905802249908447,5.55
5,1.6666666666666667,10.0,1.5956199169158936,5.6000000000000005
5,1.6666666666666667,10.0,1.6001782417297363,5.55
5,1.6666666666666667,10.0,1.6039388179779053,5.54
5,1.6666666666666667,10.0,1.6086280345916748,5.55
5,1.6666666666666667,10.0,1.6135950088500977,5.6000000000000005
5,1.6666666666666667,10.0,1.617936372756958,5.5200000000000005
5,1.6666666666666667,10.0,1.6220686435699463,5.54
5,1.6666666666666667,10.0,1.626075029373169,5.49
5,1.6666666666666667,10.0,1.6299667358398438,5.51
5,1.6666666666666667,10.0,1.6339221000671387,5.5
5,1.6666666666666667,10.0,1.6380054950714111,5.57
5,1.6666666666666667,10.0,1.6421880722045898,5.48
5,1.6666666666666667,10.0,1.6460461616516113,5.51
5,1.6666666666666667,10.0,1.6501939296722412,5.5200000000000005
5,1.6666666666666667,10.0,1.6539826393127441,5.54
5,1.6666666666666667,10.0,1.6580307483673096,5.55
5,1.6666666666666667,10.0,1.6618986129760742,5.5200000000000005
5,1.6666666666666667,10.0,1.6659564971923828,5.53
5,1.6666666666666667,10.0,1.6699788570404053,5.48
5,1.6666666666666667,10.0,1.6741752624511719,5.51
5,1.6666666666666667,10.0,1.6779966354370117,5.49
5,1.6666666666666667,10.0,1.6821675300598145,5.55
5,1.6666666666666667,10.0,1.6860606670379639,5.57
5,1.6666666666666667,10.0,1.6902153491973877,5.59
5,1.6666666666666667,10.0,1.6945033073425293,5.5200000000000005
5,1.6666666666666667,10.0,1.69938063621521,5.5200000000000005
5,1.6666666666666667,10.0,1.703580379486084,5.5200000000000005
5,1.6666666666666667,10.0,1.7085955142974854,5.53
5,1.6666666666666667,10.0,1.713568925857544,5.62
5,1.6666666666666667,10.0,1.7185962200164795,5.55
5,1.6666666666666667,10.0,1.7236061096191406,5.51
5,1.6666666666666667,10.0,1.7280442714691162,5.55
5,1.6666666666666667,10.0,1.7319073677062988,5.54
5,1.6666666666666667,10.0,1.7360038757324219,5.53
5,1.6666666666666667,10.0,1.7400624752044678,5.5
5,1.6666666666666667,10.0,1.7441508769989014,5.5600000000000005
5,1.6666666666666667,10.0,1.7481884956359863,5.51
5,1.6666666666666667,10.0,1.7520930767059326,5.5200000000000005
5,1.6666666666666667,10.0,1.7566497325897217,5.51
5,1.6666666666666667,10.0,1.761460542678833,5.53
5,1.6666666666666667,10.0,1.765622854232788,5.53
5,1.6666666666666667,10.0,1.770155906677246,5.49
5,1.6666666666666667,10.0,1.7746167182922363,5.58
5,1.6666666666666667,10.0,1.7795732021331787,5.5200000000000005
5,1.6666666666666667,10.0,1.7845828533172607,5.55
5,1.6666666666666667,10.0,1.78961181640625,5.54
5,1.6666666666666667,10.0,1.7939496040344238,5.53
5,1.6666666666666667,10.0,1.7986178398132324,5.49
5,1.6666666666666667,10.0,1.8035871982574463,5.5200000000000005
5,1.6666666666666667,10.0,1.8083434104919434,5.51
5,1.6666666666666667,10.0,1.8122429847717285,5.53
5,1.6666666666666667,10.0,1.8165922164916992,5.55
5,1.6666666666666667,10.0,1.8211462497711182,5.51
5,1.6666666666666667,10.0,1.8254363536834717,5.44
5,1.6666666666666667,10.0,1.828946828842163,5.54
5,1.6666666666666667,10.0,1.832892656326294,5.5200000000000005
5,1.6666666666666667,10.0,1.83681321144104,5.58
5,1.6666666666666667,10.0,1.8410968780517578,5.51
5,1.6666666666666667,10.0,1.8451237678527832,5.5
5,1.6666666666666667,10.0,1.8491299152374268,5.53
5,1.6666666666666667,10.0,1.8530757427215576,5.53
5,1.6666666666666667,10.0,1.8570964336395264,5.54
5,1.6666666666666667,10.0,1.8610360622406006,5.49
5,1.6666666666666667,10.0,1.86503267288208,5.57
5,1.6666666666666667,10.0,1.8691210746765137,5.53
5,1.6666666666666667,10.0,1.873121738433838,5.5200000000000005
5,1.6666666666666667,10.0,1.8772718906402588,5.5600000000000005
5,1.6666666666666667,10.0,1.8815009593963623,5.58
5,1.6666666666666667,10.0,1.8862335681915283,5.63
5,1.6666666666666667,10.0,1.8904786109924316,5.55
5,1.6666666666666667,10.0,1.8954968452453613,5.51
5,1.6666666666666667,10.0,1.900256633758545,5.67
5,1.6666666666666667,10.0,1.904477596282959,5.54
5,1.6666666666666667,10.0,1.9094953536987305,5.5200000000000005
5,1.6666666666666667,10.0,1.9144761562347412,5.5600000000000005
5,1.6666666666666667,10.0,1.9195270538330078,5.5
5,1.6666666666666667,10.0,1.9245021343231201,5.5200000000000005
5,1.6666666666666667,10.0,1.9295060634613037,5.54
5,1.6666666666666667,10.0,1.933863639831543,5.55
5,1.6666666666666667,10.0,1.9378721714019775,5.51
5,1.6666666666666667,10.0,1.9420478343963623,5.5600000000000005
5,1.6666666666666667,10.0,1.946190595626831,5.5600000000000005
5,1.6666666666666667,10.0,1.950047254562378,5.54
5,1.6666666666666667,10.0,1.9541864395141602,5.55
5,1.6666666666666667,10.0,1.9580857753753662,5.5
5,1.6666666666666667,10.0,1.962533950805664,5.5200000000000005
5,1.6666666666666667,10.0,1.9671859741210938,5.53
5,1.6666666666666667,10.0,1.9714701175689697,5.5600000000000005
5,1.6666666666666667,10.0,1.9749855995178223,5.5200000000000005
5,1.6666666666666667,10.0,1.9794719219207764,5.32
5,1.6666666666666667,10.0,1.9830117225646973,5.42
5,1.6666666666666667,10.0,1.9871323108673096,5.51
5,1.6666666666666667,10.0,1.991091251373291,5.51
5,1.6666666666666667,10.0,1.9955065250396729,5.53
6,5.0,5.0,1.9073486328125e-06,0.05
6,5.0,5.0,0.0070879459381103516,-0.14
6,5.0,5.0,0.010807514190673828,-0.15
6,5.0,5.0,0.014795541763305664,-0.05
6,5.0,5.0,0.018803834915161133,-0.06
6,5.0,5.0,0.02308201789855957,-0.05
6,5.0,5.0,0.02704143524169922,-0.04
6,5.0,5.0,0.031064748764038086,0.0
6,5.0,5.0,0.03496909141540527,-0.02
6,5.0,5.0,0.03898882865905762,-0.02
6,5.0,5.0,0.043285369873046875,-0.01
6,5.0,5.0,0.047609567642211914,-0.04
6,5.0,5.0,0.0523524284362793,-0.04
6,5.0,5.0,0.056340932846069336,0.0
6,5.0,5.0,0.060388803482055664,-0.02
6,5.0,5.0,0.06400942802429199,-0.01
6,5.0,5.0,0.06826066970825195,0.0
6,5.0,5.0,0.07248067855834961,-0.01
6,5.0,5.0,0.07695817947387695,-0.01
6,5.0,5.0,0.08139514923095703,-0.02
6,5.0,5.0,0.08540725708007812,0.0
6,5.0,5.0,0.0894310474395752,0.01
6,5.0,5.0,0.0929555892944336,0.0
6,5.0,5.0,0.09743857383728027,-0.01
6,5.0,5.0,0.10113883018493652,-0.03
6,5.0,5.0,0.10515332221984863,-0.02
6,5.0,5.0,0.10893678665161133,0.0
6,5.0,5.0,0.11272001266479492,0.0
6,5.0,5.0,0.11671280860900879,-0.02
6,5.0,5.0,0.12108039855957031,-0.02
6,5.0,5.0,0.12518954277038574,0.0
6,5.0,5.0,0.12881851196289062,-0.01
6,5.0,5.0,0.13275480270385742,-0.04
6,5.0,5.0,0.1367952823638916,-0.01
6,5.0,5.0,0.14076709747314453,0.0
6,5.0,5.0,0.14483857154846191,-0.02
6,5.0,5.0,0.14911866188049316,-0.01
6,5.0,5.0,0.15312719345092773,0.02
6,5.0,5.0,0.15712332725524902,-0.01
6,5.0,5.0,0.1610126495361328,-0.03
6,5.0,5.0,0.16503572463989258,0.0
6,5.0,5.0,0.16920804977416992,0.0
6,5.0,5.0,0.17350125312805176,-0.01
6,5.0,5.0,0.17790555953979492,0.0
6,5.0,5.0,0.18214845657348633,-0.05
6,5.0,5.0,0.18649935722351074,-0.02
6,5.0,5.0,0.1914844512939453,-0.05
6,5.0,5.0,0.19647789001464844,-0.02
6,5.0,5.0,0.20000553131103516,0.0
6,5.0,5.0,0.20449471473693848,-0.05
6,5.0,5.0,0.20878887176513672,-0.03
6,5.0,5.0,0.2128281593322754,-0.03
6,5.0,5.0,0.2167651653289795,0.0
6,5.0,5.0,0.22090864181518555,-0.01
6,5.0,5.0,0.22497272491455078,0.0
6,5.0,5.0,0.2289447784423828,0.0
6,5.0,5.0,0.23297810554504395,-0.03
6,5.0,5.0,0.23704195022583008,-0.04
6,5.0,5.0,0.24140238761901855,-0.02
6,5.0,5.0,0.24541091918945312,-0.03
6,5.0,5.0,0.2494044303894043,0.0
6,5.0,5.0,0.25340795516967773,-0.04
6,5.0,5.0,0.2573740482330322,-0.02
6,5.0,5.0,0.2613334655761719,-0.05
6,5.0,5.0,0.2653682231903076,-0.01
6,5.0,5.0,0.26918745040893555,-0.02
6,5.0,5.0,0.2734365463256836,0.01
6,5.0,5.0,0.27802491188049316,0.0
6,5.0,5.0,0.2823636531829834,-0.02
6,5.0,5.0,0.2860226631164551,-0.04
6,5.0,5.0,0.28984594345092773,0.0
6,5.0,5.0,0.293703556060791,-0.01
6,5.0,5.0,0.2977333068847656,0.0
6,5.0,5.0,0.3024098873138428,-0.02
6,5.0,5.0,0.3064131736755371,-0.01
6,5.0,5.0,0.30985450744628906,-0.01
6,5.0,5.0,0.31373095512390137,-0.01
6,5.0,5.0,0.317960262298584,-0.01
6,5.0,5.0,0.32201147079467773,0.01
6,5.0,5.0,0.32605504989624023,-0.01
6,5.0,5.0,0.32999682426452637,-0.01
6,5.0,5.0,0.3342723846435547,-0.01
6,5.0,5.0,0.33861494064331055,-0.03
6,5.0,5.0,0.34334349632263184,-0.05
6,5.0,5.0,0.3474740982055664,-0.02
6,5.0,5.0,0.35148119926452637,-0.07
6,5.0,5.0,0.35495448112487793,-0.03
6,5.0,5.0,0.35941553115844727,-0.01
6,5.0,5.0,0.3630099296569824,-0.02
6,5.0,5.0,0.36708760261535645,0.02
6,5.0,5.0,0.37139415740966797,0.0
6,5.0,5.0,0.37506818771362305,0.0
6,5.0,5.0,0.3788280487060547,0.0
6,5.0,5.0,0.3829004764556885,-0.07
6,5.0,5.0,0.3868598937988281,-0.02
6,5.0,5.0,0.39168858528137207,-0.01
6,5.0,5.0,0.3964710235595703,-0.01
6,5.0,5.0,0.4014861583709717,-0.03
6,5.0,5.0,0.4064755439758301,0.01
6,5.0,5.0,0.40990304946899414,-0.01
6,5.0,5.0,0.41382861137390137,0.02
6,5.0,5.0,0.4178743362426758,0.01
6,5.0,5.0,0.42207813262939453,-0.01
6,5.0,5.0,0.4259798526763916,0.0
6,5.0,5.0,0.42996954917907715,0.0
6,5.0,5.0,0.4342803955078125,-0.01
6,5.0,5.0,0.4382023811340332,-0.03
6,5.0,5.0,0.4423072338104248,-0.01
6,5.0,5.0,0.44629693031311035,-0.02
6,5.0,5.0,0.4503476619720459,0.0
6,5.0,5.0,0.45435094833374023,0.0
6,5.0,5.0,0.4583556652069092,0.02
6,5.0,5.0,0.46233248710632324,0.0
6,5.0,5.0,0.4661397933959961,-0.01
6,5.0,5.0,0.4703092575073242,0.0
6,5.0,5.0,0.4739823341369629,0.0
6,5.0,5.0,0.47795963287353516,-0.03
6,5.0,5.0,0.4818580150604248,-0.01
6,5.0,5.0,0.4858732223510742,0.01
6,5.0,5.0,0.490109920501709,-0.02
6,5.0,5.0,0.4940943717956543,-0.01
6,5.0,5.0,0.49823999404907227,0.01
6,5.0,5.0,0.5023481845855713,-0.01
6,5.0,5.0,0.5063745975494385,-0.01
6,5.0,5.0,0.5099132061004639,-0.01
6,5.0,5.0,0.5138978958129883,-0.01
6,5.0,5.0,0.5177602767944336,0.0
6,5.0,5.0,0.5217926502227783,0.0
6,5.0,5.0,0.5258727073669434,-0.06
6,5.0,5.0,0.529900312423706,-0.03
6,5.0,5.0,0.5341482162475586,-0.05
6,5.0,5.0,0.5384068489074707,0.0
6,5.0,5.0,0.5425353050231934,-0.01
6,5.0,5.0,0.5469882488250732,-0.04
6,5.0,5.0,0.55104660987854,-0.03
6,5.0,5.0,0.55550217628479,-0.02
6,5.0,5.0,0.5604987144470215,0.0
6,5.0,5.0,0.5654027462005615,-0.02
6,5.0,5.0,0.5693840980529785,-0.02
6,5.0,5.0,0.5735135078430176,0.0
6,5.0,5.0,0.5778830051422119,0.0
6,5.0,5.0,0.5819003582000732,0.01
6,5.0,5.0,0.5864005088806152,0.0
6,5.0,5.0,0.5906097888946533,0.0
6,5.0,5.0,0.595508337020874,0.01
6,5.0,5.0,0.5999851226806641,-0.03
6,5.0,5.0,0.6044471263885498,0.0
6,5.0,5.0,0.6079349517822266,0.0
6,5.0,5.0,0.6118340492248535,0.0
6,5.0,5.0,0.6157584190368652,0.0
6,5.0,5.0,0.6198446750640869,0.0
6,5.0,5.0,0.6240329742431641,0.01
6,5.0,5.0,0.6278402805328369,0.0
6,5.0,5.0,0.6318924427032471,0.0
6,5.0,5.0,0.6358506679534912,0.01
6,5.0,5.0,0.6397061347961426,0.0
6,5.0,5.0,0.643653392791748,-0.02
6,5.0,5.0,0.6475834846496582,-0.01
6,5.0,5.0,0.651599645614624,-0.02
6,5.0,5.0,0.6555538177490234,-0.01
6,5.0,5.0,0.6597127914428711,-0.04
6,5.0,5.0,0.6636996269226074,-0.03
6,5.0,5.0,0.667576789855957,-0.04
6,5.0,5.0,0.6716721057891846,0.01
6,5.0,5.0,0.6756582260131836,0.01
6,5.0,5.0,0.679649829864502,0.0
6,5.0,5.0,0.6839337348937988,-0.04
6,5.0,5.0,0.6882200241088867,-0.06
6,5.0,5.0,0.6922552585601807,-0.02
6,5.0,5.0,0.695885419845581,0.0
6,5.0,5.0,0.6998918056488037,-0.01
6,5.0,5.0,0.7037584781646729,0.0
6,5.0,5.0,0.7081434726715088,0.0
6,5.0,5.0,0.7117836475372314,-0.02
6,5.0,5.0,0.7156538963317871,-0.01
6,5.0,5.0,0.7196934223175049,-0.04
6,5.0,5.0,0.7237610816955566,0.0
6,5.0,5.0,0.7279911041259766,0.0
6,5.0,5.0,0.7318820953369141,0.0
6,5.0,5.0,0.7358400821685791,0.0
6,5.0,5.0,0.7400205135345459,-0.01
6,5.0,5.0,0.7439732551574707,-0.03
6,5.0,5.0,0.7480998039245605,-0.04
6,5.0,5.0,0.7526028156280518,0.01
6,5.0,5.0,0.7570371627807617,-0.02
6,5.0,5.0,0.7614693641662598,-0.01
6,5.0,5.0,0.7660942077636719,-0.02
6,5.0,5.0,0.7698118686676025,-0.02
6,5.0,5.0,0.7737891674041748,-0.02
6,5.0,5.0,0.7778432369232178,-0.02
6,5.0,5.0,0.7820048332214355,0.0
6,5.0,5.0,0.7860836982727051,-0.02
6,5.0,5.0,0.7900781631469727,-0.01
6,5.0,5.0,0.7940943241119385,0.0
6,5.0,5.0,0.7980670928955078,-0.01
6,5.0,5.0,0.8019583225250244,0.0
6,5.0,5.0,0.8061540126800537,-0.02
6,5.0,5.0,0.8101162910461426,-0.05
6,5.0,5.0,0.8140196800231934,-0.02
6,5.0,5.0,0.8179976940155029,-0.06
6,5.0,5.0,0.821819543838501,0.0
6,5.0,5.0,0.8258421421051025,0.0
6,5.0,5.0,0.8297200202941895,-0.01
6,5.0,5.0,0.8336071968078613,-0.01
6,5.0,5.0,0.837608814239502,0.0
6,5.0,5.0,0.8417246341705322,0.0
6,5.0,5.0,0.8457751274108887,-0.07
6,5.0,5.0,0.8498680591583252,-0.03
6,5.0,5.0,0.8538494110107422,-0.01
6,5.0,5.0,0.8579657077789307,-0.03
6,5.0,5.0,0.8620798587799072,-0.02
6,5.0,5.0,0.8661231994628906,-0.01
6,5.0,5.0,0.8702950477600098,0.0
6,5.0,5.0,0.874229907989502,-0.03
6,5.0,5.0,0.8779253959655762,-0.02
6,5.0,5.0,0.8818678855895996,-0.01
6,5.0,5.0,0.8859076499938965,-0.03
6,5.0,5.0,0.889847993850708,0.0
6,5.0,5.0,0.8938694000244141,-0.01
6,5.0,5.0,0.8978466987609863,-0.05
6,5.0,5.0,0.9023356437683105,-0.01
6,5.0,5.0,0.9062860012054443,-0.02
6,5.0,5.0,0.9102864265441895,0.0
6,5.0,5.0,0.9137904644012451,-0.01
6,5.0,5.0,0.9176449775695801,-0.03
6,5.0,5.0,0.92171311378479,0.0
6,5.0,5.0,0.9257612228393555,-0.03
6,5.0,5.0,0.9298515319824219,-0.01
6,5.0,5.0,0.9338533878326416,0.0
6,5.0,5.0,0.9378385543823242,0.0
6,5.0,5.0,0.9418277740478516,0.0
6,5.0,5.0,0.9458963871002197,-0.01
6,5.0,5.0,0.9498229026794434,0.0
6,5.0,5.0,0.954113245010376,0.0
6,5.0,5.0,0.9578638076782227,0.0
6,5.0,5.0,0.9619836807250977,0.0
6,5.0,5.0,0.9661023616790771,0.0
6,5.0,5.0,0.97041916847229,-0.01
6,5.0,5.0,0.9743595123291016,-0.02
6,5.0,5.0,0.9778568744659424,-0.02
6,5.0,5.0,0.9817602634429932,-0.03
6,5.0,5.0,0.9864397048950195,-0.06
6,5.0,5.0,0.9909887313842773,0.0
6,5.0,5.0,0.9953913688659668,-0.01
6,5.0,5.0,0.9993495941162109,-0.03
6,5.0,5.0,1.003382921218872,2.99
6,5.0,5.0,1.0113415718078613,2.81
6,5.0,5.0,1.0147666931152344,2.94
6,5.0,5.0,1.0186448097229004,4.2
6,5.0,5.0,1.0227746963500977,3.84
6,5.0,5.0,1.0269207954406738,3.73
6,5.0,5.0,1.0308704376220703,3.69
6,5.0,5.0,1.0347778797149658,3.68
6,5.0,5.0,1.038705587387085,3.67
6,5.0,5.0,1.0427207946777344,3.72
6,5.0,5.0,1.0469582080841064,3.68
6,5.0,5.0,1.0513601303100586,3.73
6,5.0,5.0,1.0553572177886963,3.73
6,5.0,5.0,1.059363603591919,3.7
6,5.0,5.0,1.0628480911254883,3.67
6,5.0,5.0,1.0668542385101318,3.68
6,5.0,5.0,1.0707788467407227,3.73
6,5.0,5.0,1.074871301651001,3.65
6,5.0,5.0,1.0788688659667969,3.67
6,5.0,5.0,1.0829052925109863,3.7
6,5.0,5.0,1.0870656967163086,3.7800000000000002
6,5.0,5.0,1.0914270877838135,3.7
6,5.0,5.0,1.0964162349700928,3.72
6,5.0,5.0,1.1002211570739746,3.71
6,5.0,5.0,1.104374885559082,3.56
6,5.0,5.0,1.1082420349121094,3.7600000000000002
6,5.0,5.0,1.1123664379119873,3.7600000000000002
6,5.0,5.0,1.115743637084961,3.8000000000000003
6,5.0,5.0,1.1197028160095215,3.7
6,5.0,5.0,1.1238837242126465,3.74
6,5.0,5.0,1.1278963088989258,3.72
6,5.0,5.0,1.1318254470825195,3.7
6,5.0,5.0,1.1358323097229004,3.7600000000000002
6,5.0,5.0,1.1397135257720947,3.79
6,5.0,5.0,1.1436488628387451,3.7600000000000002
6,5.0,5.0,1.1477577686309814,3.73
6,5.0,5.0,1.151815414428711,3.68
6,5.0,5.0,1.1558284759521484,3.84
6,5.0,5.0,1.1598689556121826,3.7
6,5.0,5.0,1.1638619899749756,3.71
6,5.0,5.0,1.1678667068481445,3.74
6,5.0,5.0,1.172492265701294,3.79
6,5.0,5.0,1.1767687797546387,3.73
6,5.0,5.0,1.1810286045074463,3.7600000000000002
6,5.0,5.0,1.1853621006011963,3.73
6,5.0,5.0,1.189361810684204,3.72
6,5.0,5.0,1.1933422088623047,3.69
6,5.0,5.0,1.19677734375,3.71
6,5.0,5.0,1.2013282775878906,3.81
6,5.0,5.0,1.2049384117126465,3.7
6,5.0,5.0,1.2090587615966797,3.74
6,5.0,5.0,1.2133166790008545,3.63
6,5.0,5.0,1.2167065143585205,3.69
6,5.0,5.0,1.2206525802612305,3.73
6,5.0,5.0,1.224820852279663,3.64
6,5.0,5.0,1.2287235260009766,3.7600000000000002
6,5.0,5.0,1.2328999042510986,3.63
6,5.0,5.0,1.236840009689331,3.66
6,5.0,5.0,1.240828037261963,3.77
6,5.0,5.0,1.245492935180664,3.68
6,5.0,5.0,1.2502079010009766,3.67
6,5.0,5.0,1.2543580532073975,3.69
6,5.0,5.0,1.2581932544708252,3.69
6,5.0,5.0,1.262343168258667,3.68
6,5.0,5.0,1.2659566402435303,3.65
6,5.0,5.0,1.2703416347503662,3.75
6,5.0,5.0,1.2743556499481201,3.81
6,5.0,5.0,1.27781343460083,3.79
6,5.0,5.0,1.2817440032958984,3.73
6,5.0,5.0,1.285813331604004,3.7
6,5.0,5.0,1.2904596328735352,3.71
6,5.0,5.0,1.2954776287078857,3.72
6,5.0,5.0,1.3002042770385742,3.7
6,5.0,5.0,1.3043429851531982,3.84
6,5.0,5.0,1.3079848289489746,3.74
6,5.0,5.0,1.3119804859161377,3.77
6,5.0,5.0,1.3159255981445312,3.8000000000000003
6,5.0,5.0,1.3196005821228027,3.71
6,5.0,5.0,1.3237097263336182,3.69
6,5.0,5.0,1.3278589248657227,3.79
6,5.0,5.0,1.3318312168121338,3.75
6,5.0,5.0,1.336026906967163,3.69
6,5.0,5.0,1.3400180339813232,3.71
6,5.0,5.0,1.344125509262085,3.7600000000000002
6,5.0,5.0,1.3484971523284912,3.66
6,5.0,5.0,1.3530044555664062,3.73
6,5.0,5.0,1.3573355674743652,3.81
6,5.0,5.0,1.3608672618865967,3.7
6,5.0,5.0,1.3649280071258545,3.75
6,5.0,5.0,1.3693549633026123,3.71
6,5.0,5.0,1.3734266757965088,3.7
6,5.0,5.0,1.3768424987792969,3.74
6,5.0,5.0,1.3813540935516357,3.7600000000000002
6,5.0,5.0,1.3848838806152344,3.7
6,5.0,5.0,1.389324426651001,3.7
6,5.0,5.0,1.3933355808258057,3.72
6,5.0,5.0,1.3973228931427002,3.85
6,5.0,5.0,1.4013524055480957,3.73
6,5.0,5.0,1.4053547382354736,3.75
6,5.0,5.0,1.4093620777130127,3.74
6,5.0,5.0,1.4133105278015137,3.66
6,5.0,5.0,1.4168779850006104,3.73
6,5.0,5.0,1.4207525253295898,3.7
6,5.0,5.0,1.4248995780944824,3.7600000000000002
6,5.0,5.0,1.428973913192749,3.72
6,5.0,5.0,1.433213710784912,3.71
6,5.0,5.0,1.435927391052246,3.69
6,5.0,5.0,1.4398396015167236,3.74
6,5.0,5.0,1.4441094398498535,3.83
6,5.0,5.0,1.448319673538208,3.8000000000000003
6,5.0,5.0,1.4524445533752441,3.72
6,5.0,5.0,1.4568796157836914,3.64
6,5.0,5.0,1.4608535766601562,3.7800000000000002
6,5.0,5.0,1.4653639793395996,3.68
6,5.0,5.0,1.4688494205474854,3.75
6,5.0,5.0,1.4733302593231201,3.68
6,5.0,5.0,1.4767894744873047,3.79
6,5.0,5.0,1.4809315204620361,3.69
6,5.0,5.0,1.4853143692016602,3.74
6,5.0,5.0,1.4893159866333008,3.73
6,5.0,5.0,1.4929442405700684,3.74
6,5.0,5.0,1.4973208904266357,3.72
6,5.0,5.0,1.5007922649383545,3.72
6,5.0,5.0,1.5049049854278564,3.68
6,5.0,5.0,1.508817434310913,3.69
6,5.0,5.0,1.512922763824463,3.67
6,5.0,5.0,1.5167779922485352,3.7
6,5.0,5.0,1.5206291675567627,3.77
6,5.0,5.0,1.5248029232025146,3.67
6,5.0,5.0,1.5288448333740234,3.73
6,5.0,5.0,1.5328707695007324,3.68
6,5.0,5.0,1.536870002746582,3.72
6,5.0,5.0,1.5408360958099365,3.7800000000000002
6,5.0,5.0,1.5447981357574463,3.68
6,5.0,5.0,1.5488355159759521,3.72
6,5.0,5.0,1.553520679473877,3.71
6,5.0,5.0,1.5582764148712158,3.7
6,5.0,5.0,1.5623602867126465,3.75
6,5.0,5.0,1.5658316612243652,3.72
6,5.0,5.0,1.5703256130218506,3.74
6,5.0,5.0,1.5743234157562256,3.7800000000000002
6,5.0,5.0,1.5777888298034668,3.68
6,5.0,5.0,1.5816478729248047,3.5700000000000003
6,5.0,5.0,1.5855586528778076,3.71
6,5.0,5.0,1.5896737575531006,3.8000000000000003
6,5.0,5.0,1.5936264991760254,3.72
6,5.0,5.0,1.5983023643493652,3.77
6,5.0,5.0,1.6019213199615479,3.7600000000000002
6,5.0,5.0,1.606318712234497,3.73
6,5.0,5.0,1.6096911430358887,3.67
6,5.0,5.0,1.6142826080322266,3.72
6,5.0,5.0,1.6179883480072021,3.73
6,5.0,5.0,1.6215624809265137,3.74
6,5.0,5.0,1.6256837844848633,3.64
6,5.0,5.0,1.6297640800476074,3.74
6,5.0,5.0,1.6338303089141846,3.7
6,5.0,5.0,1.6377668380737305,3.7600000000000002
6,5.0,5.0,1.6416144371032715,3.73
6,5.0,5.0,1.6457319259643555,3.68
6,5.0,5.0,1.649871826171875,3.64
6,5.0,5.0,1.6538076400756836,3.71
6,5.0,5.0,1.6578309535980225,3.73
6,5.0,5.0,1.661869764328003,3.73
6,5.0,5.0,1.6658406257629395,3.74
6,5.0,5.0,1.6704232692718506,3.73
6,5.0,5.0,1.674941062927246,3.66
6,5.0,5.0,1.6787700653076172,3.77
6,5.0,5.0,1.6827855110168457,3.77
6,5.0,5.0,1.6868984699249268,3.7800000000000002
6,5.0,5.0,1.6911470890045166,3.71
6,5.0,5.0,1.695307731628418,3.72
6,5.0,5.0,1.6992855072021484,3.7600000000000002
6,5.0,5.0,1.7032890319824219,3.69
6,5.0,5.0,1.706772804260254,3.8000000000000003
6,5.0,5.0,1.711289882659912,3.75
6,5.0,5.0,1.7147867679595947,3.74
6,5.0,5.0,1.718874454498291,3.7
6,5.0,5.0,1.7225382328033447,3.66
6,5.0,5.0,1.7266266345977783,3.7600000000000002
6,5.0,5.0,1.7308614253997803,3.68
6,5.0,5.0,1.7347326278686523,3.74
6,5.0,5.0,1.7389366626739502,3.75
6,5.0,5.0,1.7428216934204102,3.7800000000000002
6,5.0,5.0,1.7471539974212646,3.63
6,5.0,5.0,1.7513749599456787,3.7
6,5.0,5.0,1.7561330795288086,3.69
6,5.0,5.0,1.7603003978729248,3.66
6,5.0,5.0,1.7642784118652344,3.77
6,5.0,5.0,1.7678077220916748,3.69
6,5.0,5.0,1.771805763244629,3.65
6,5.0,5.0,1.775785207748413,3.77
6,5.0,5.0,1.7796988487243652,3.75
6,5.0,5.0,1.7837493419647217,3.75
6,5.0,5.0,1.788451910018921,3.8000000000000003
6,5.0,5.0,1.7934236526489258,3.75
6,5.0,5.0,1.798067331314087,3.74
6,5.0,5.0,1.8018231391906738,3.75
6,5.0,5.0,1.8058462142944336,3.62
6,5.0,5.0,1.8101913928985596,3.75
6,5.0,5.0,1.8143303394317627,3.69
6,5.0,5.0,1.8183314800262451,3.75
6,5.0,5.0,1.8217482566833496,3.7800000000000002
6,5.0,5.0,1.8256609439849854,3.71
6,5.0,5.0,1.8297069072723389,3.62
6,5.0,5.0,1.8337948322296143,3.67
6,5.0,5.0,1.8380000591278076,3.8000000000000003
6,5.0,5.0,1.8418729305267334,3.65
6,5.0,5.0,1.8458702564239502,3.7
6,5.0,5.0,1.8498759269714355,3.72
6,5.0,5.0,1.8538455963134766,3.75
6,5.0,5.0,1.8578097820281982,3.7800000000000002
6,5.0,5.0,1.8618979454040527,3.77
6,5.0,5.0,1.8658232688903809,3.74
6,5.0,5.0,1.8698344230651855,3.74
6,5.0,5.0,1.8737614154815674,3.73
6,5.0,5.0,1.8778226375579834,3.74
6,5.0,5.0,1.8819057941436768,3.7
6,5.0,5.0,1.8858447074890137,3.71
6,5.0,5.0,1.8899669647216797,3.71
6,5.0,5.0,1.8944213390350342,3.71
6,5.0,5.0,1.8993470668792725,3.61
6,5.0,5.0,1.9043090343475342,3.69
6,5.0,5.0,1.9079055786132812,3.73
6,5.0,5.0,1.912292242050171,3.77
6,5.0,5.0,1.9157767295837402,3.8000000000000003
6,5.0,5.0,1.9198567867279053,3.69
6,5.0,5.0,1.923581600189209,3.73
6,5.0,5.0,1.9275848865509033,3.73
6,5.0,5.0,1.9317021369934082,3.71
6,5.0,5.0,1.935762643814087,3.8000000000000003
6,5.0,5.0,1.9399113655090332,3.62
6,5.0,5.0,1.944467544555664,3.73
6,5.0,5.0,1.9493324756622314,3.7
6,5.0,5.0,1.9543299674987793,3.71
6,5.0,5.0,1.9589619636535645,3.72
6,5.0,5.0,1.9632747173309326,3.67
6,5.0,5.0,1.966867446899414,3.67
6,5.0,5.0,1.9707601070404053,3.73
6,5.0,5.0,1.974881649017334,3.64
6,5.0,5.0,1.978668212890625,3.71
6,5.0,5.0,1.9828128814697266,3.63
6,5.0,5.0,1.9873006343841553,3.7
6,5.0,5.0,1.9910273551940918,3.74
6,5.0,5.0,1.9952983856201172,3.72
6,5.0,5.0,1.9993138313293457,3.7
7,5.0,7.5,1.430511474609375e-06,0.04
7,5.0,7.5,0.00696253776550293,0.0
7,5.0,7.5,0.011090517044067383,-0.04
7,5.0,7.5,0.01523900032043457,-0.02
7,5.0,7.5,0.019215106964111328,-0.01
7,5.0,7.5,0.023342132568359375,0.0
7,5.0,7.5,0.026938438415527344,0.0
7,5.0,7.5,0.0316314697265625,0.0
7,5.0,7.5,0.03509259223937988,0.0
7,5.0,7.5,0.039133548736572266,0.0
7,5.0,7.5,0.04321122169494629,0.0
7,5.0,7.5,0.04722905158996582,0.0
7,5.0,7.5,0.05163836479187012,0.0
7,5.0,7.5,0.056629180908203125,0.01
7,5.0,7.5,0.06156349182128906,0.0
7,5.0,7.5,0.06518936157226562,0.0
7,5.0,7.5,0.06911778450012207,0.0
7,5.0,7.5,0.07333016395568848,0.0
7,5.0,7.5,0.07763528823852539,0.0
7,5.0,7.5,0.08221745491027832,0.0
7,5.0,7.5,0.08662128448486328,0.0
7,5.0,7.5,0.09061551094055176,0.0
7,5.0,7.5,0.09461426734924316,0.0
7,5.0,7.5,0.09786701202392578,0.0
7,5.0,7.5,0.10197758674621582,0.0
7,5.0,7.5,0.10606527328491211,0.0
7,5.0,7.5,0.11008501052856445,0.0
7,5.0,7.5,0.11392903327941895,0.0
7,5.0,7.5,0.11793875694274902,0.0
7,5.0,7.5,0.12206554412841797,0.0
7,5.0,7.5,0.12622570991516113,0.0
7,5.0,7.5,0.13025164604187012,0.0
7,5.0,7.5,0.13414764404296875,0.0
7,5.0,7.5,0.13816332817077637,0.0
7,5.0,7.5,0.14260244369506836,0.0
7,5.0,7.5,0.14614391326904297,0.0
7,5.0,7.5,0.15000247955322266,0.0
7,5.0,7.5,0.1544487476348877,0.0
7,5.0,7.5,0.15859603881835938,-0.01
7,5.0,7.5,0.1622467041015625,0.0
7,5.0,7.5,0.1665952205657959,0.0
7,5.0,7.5,0.1704096794128418,0.01
7,5.0,7.5,0.17443108558654785,0.0
7,5.0,7.5,0.1783735752105713,0.0
7,5.0,7.5,0.18259215354919434,0.0
7,5.0,7.5,0.18655014038085938,0.0
7,5.0,7.5,0.19058871269226074,0.0
7,5.0,7.5,0.1945803165435791,0.0
7,5.0,7.5,0.19793176651000977,0.0
7,5.0,7.5,0.20208191871643066,0.0
7,5.0,7.5,0.20604681968688965,0.0
7,5.0,7.5,0.21015334129333496,0.0
7,5.0,7.5,0.21417713165283203,0.0
7,5.0,7.5,0.21819758415222168,0.0
7,5.0,7.5,0.22242403030395508,0.01
7,5.0,7.5,0.22635626792907715,0.0
7,5.0,7.5,0.23067975044250488,0.0
7,5.0,7.5,0.2357008457183838,0.0
7,5.0,7.5,0.24013376235961914,0.0
7,5.0,7.5,0.24468278884887695,0.0
7,5.0,7.5,0.24911928176879883,0.0
7,5.0,7.5,0.2530503273010254,0.0
7,5.0,7.5,0.2572300434112549,0.0
7,5.0,7.5,0.2617685794830322,0.0
7,5.0,7.5,0.26677894592285156,0.0
7,5.0,7.5,0.2714426517486572,0.0
7,5.0,7.5,0.27529406547546387,0.0
7,5.0,7.5,0.2797245979309082,0.0
7,5.0,7.5,0.28470945358276367,0.01
7,5.0,7.5,0.28930115699768066,0.0
7,5.0,7.5,0.2937304973602295,0.0
7,5.0,7.5,0.29805898666381836,0.0
7,5.0,7.5,0.3019444942474365,0.0
7,5.0,7.5,0.3060743808746338,0.0
7,5.0,7.5,0.3101792335510254,0.0
7,5.0,7.5,0.31433558464050293,0.0
7,5.0,7.5,0.3182964324951172,0.0
7,5.0,7.5,0.3224527835845947,0.0
7,5.0,7.5,0.32657551765441895,0.0
7,5.0,7.5,0.33060336112976074,0.0
7,5.0,7.5,0.3357274532318115,0.0
7,5.0,7.5,0.340177059173584,0.0
7,5.0,7.5,0.34471750259399414,0.0
7,5.0,7.5,0.3491506576538086,0.0
7,5.0,7.5,0.3537108898162842,0.0
7,5.0,7.5,0.3586595058441162,0.0
7,5.0,7.5,0.3632361888885498,0.0
7,5.0,7.5,0.36769890785217285,0.0
7,5.0,7.5,0.37250685691833496,0.0
7,5.0,7.5,0.3766932487487793,0.0
7,5.0,7.5,0.3817014694213867,0.0
7,5.0,7.5,0.3867058753967285,0.0
7,5.0,7.5,0.39171314239501953,0.0
7,5.0,7.5,0.3966701030731201,0.0
7,5.0,7.5,0.4010155200958252,0.0
7,5.0,7.5,0.405043363571167,0.0
7,5.0,7.5,0.40819334983825684,0.0
7,5.0,7.5,0.41234564781188965,0.0
7,5.0,7.5,0.4163472652435303,0.0
7,5.0,7.5,0.4202613830566406,0.0
7,5.0,7.5,0.42423295974731445,0.0
7,5.0,7.5,0.42842817306518555,0.0
7,5.0,7.5,0.43259453773498535,0.0
7,5.0,7.5,0.4366037845611572,0.01
7,5.0,7.5,0.4405536651611328,0.01
7,5.0,7.5,0.44456934928894043,0.0
7,5.0,7.5,0.4481472969055176,0.0
7,5.0,7.5,0.45195698738098145,0.01
7,5.0,7.5,0.45664358139038086,0.0
7,5.0,7.5,0.46146225929260254,0.0
7,5.0,7.5,0.46562933921813965,0.0
7,5.0,7.5,0.4705784320831299,0.0
7,5.0,7.5,0.47455525398254395,0.0
7,5.0,7.5,0.47857069969177246,0.0
7,5.0,7.5,0.48256587982177734,0.0
7,5.0,7.5,0.486553430557251,0.0
7,5.0,7.5,0.49054932594299316,0.0
7,5.0,7.5,0.49455881118774414,0.0
7,5.0,7.5,0.4979522228240967,0.0
7,5.0,7.5,0.5019736289978027,0.0
7,5.0,7.5,0.5061497688293457,0.0
7,5.0,7.5,0.5102648735046387,0.0
7,5.0,7.5,0.5143473148345947,0.0
7,5.0,7.5,0.5182836055755615,0.0
7,5.0,7.5,0.5225417613983154,0.0
7,5.0,7.5,0.5266427993774414,0.0
7,5.0,7.5,0.5317320823669434,0.0
7,5.0,7.5,0.5365357398986816,0.0
7,5.0,7.5,0.5403940677642822,0.0
7,5.0,7.5,0.5448062419891357,0.0
7,5.0,7.5,0.549182653427124,0.0
7,5.0,7.5,0.5532429218292236,0.01
7,5.0,7.5,0.5571920871734619,0.0
7,5.0,7.5,0.561345100402832,0.0
7,5.0,7.5,0.5654056072235107,0.0
7,5.0,7.5,0.5697026252746582,0.0
7,5.0,7.5,0.5742454528808594,0.0
7,5.0,7.5,0.5787327289581299,0.0
7,5.0,7.5,0.583686351776123,-0.01
7,5.0,7.5,0.588367223739624,0.0
7,5.0,7.5,0.5927314758300781,0.0
7,5.0,7.5,0.5971636772155762,0.0
7,5.0,7.5,0.601111888885498,0.0
7,5.0,7.5,0.6051344871520996,0.0
7,5.0,7.5,0.6092867851257324,0.01
7,5.0,7.5,0.6130337715148926,0.0
7,5.0,7.5,0.6170251369476318,0.0
7,5.0,7.5,0.6211459636688232,0.0
7,5.0,7.5,0.6252591609954834,0.0
7,5.0,7.5,0.6290428638458252,0.0
7,5.0,7.5,0.632880687713623,0.01
7,5.0,7.5,0.6369757652282715,0.0
7,5.0,7.5,0.64103102684021,0.0
7,5.0,7.5,0.645183801651001,0.0
7,5.0,7.5,0.648970365524292,0.0
7,5.0,7.5,0.6529803276062012,0.0
7,5.0,7.5,0.6572937965393066,0.0
7,5.0,7.5,0.6614358425140381,0.0
7,5.0,7.5,0.6654665470123291,0.0
7,5.0,7.5,0.6694920063018799,0.0
7,5.0,7.5,0.6735029220581055,0.0
7,5.0,7.5,0.6774859428405762,0.0
7,5.0,7.5,0.6814942359924316,0.0
7,5.0,7.5,0.6855103969573975,0.0
7,5.0,7.5,0.6893036365509033,0.0
7,5.0,7.5,0.6935133934020996,0.0
7,5.0,7.5,0.6973316669464111,0.0
7,5.0,7.5,0.7011117935180664,0.0
7,5.0,7.5,0.7048807144165039,0.0
7,5.0,7.5,0.7090380191802979,0.0
7,5.0,7.5,0.7129406929016113,0.0
7,5.0,7.5,0.7171337604522705,0.0
7,5.0,7.5,0.7211484909057617,0.0
7,5.0,7.5,0.7251749038696289,0.0
7,5.0,7.5,0.7290761470794678,0.0
7,5.0,7.5,0.7332503795623779,0.0
7,5.0,7.5,0.7377326488494873,0.0
7,5.0,7.5,0.7420146465301514,0.0
7,5.0,7.5,0.7459962368011475,0.0
7,5.0,7.5,0.7499485015869141,0.0
7,5.0,7.5,0.7538950443267822,0.0
7,5.0,7.5,0.7579007148742676,0.0
7,5.0,7.5,0.7619025707244873,0.0
7,5.0,7.5,0.7658383846282959,0.0
7,5.0,7.5,0.7698416709899902,0.0
7,5.0,7.5,0.773822546005249,0.0
7,5.0,7.5,0.7778143882751465,0.0
7,5.0,7.5,0.7818102836608887,0.0
7,5.0,7.5,0.7858169078826904,0.0
7,5.0,7.5,0.7899363040924072,0.0
7,5.0,7.5,0.793921947479248,0.0
7,5.0,7.5,0.7979328632354736,0.0
7,5.0,7.5,0.8017513751983643,0.0
7,5.0,7.5,0.8059306144714355,0.01
7,5.0,7.5,0.8099236488342285,0.0
7,5.0,7.5,0.8139379024505615,0.0
7,5.0,7.5,0.8179361820220947,0.0
7,5.0,7.5,0.8219187259674072,0.0
7,5.0,7.5,0.8259031772613525,0.0
7,5.0,7.5,0.8299129009246826,0.0
7,5.0,7.5,0.8339202404022217,0.0
7,5.0,7.5,0.8377935886383057,0.0
7,5.0,7.5,0.8419191837310791,0.0
7,5.0,7.5,0.8459267616271973,0.0
7,5.0,7.5,0.8499279022216797,0.0
7,5.0,7.5,0.8538761138916016,0.0
7,5.0,7.5,0.8578739166259766,0.0
7,5.0,7.5,0.8619256019592285,0.0
7,5.0,7.5,0.8658933639526367,0.0
7,5.0,7.5,0.8698856830596924,0.0
7,5.0,7.5,0.8738827705383301,0.01
7,5.0,7.5,0.8778867721557617,0.0
7,5.0,7.5,0.8818929195404053,0.0
7,5.0,7.5,0.8858354091644287,0.0
7,5.0,7.5,0.8898911476135254,0.0
7,5.0,7.5,0.8937757015228271,0.0
7,5.0,7.5,0.8978595733642578,0.0
7,5.0,7.5,0.9017841815948486,0.01
7,5.0,7.5,0.9058797359466553,0.0
7,5.0,7.5,0.9099245071411133,0.0
7,5.0,7.5,0.9137547016143799,0.0
7,5.0,7.5,0.9179184436798096,0.0
7,5.0,7.5,0.9219095706939697,0.0
7,5.0,7.5,0.9266161918640137,0.0
7,5.0,7.5,0.9303035736083984,0.0
7,5.0,7.5,0.9342567920684814,0.0
7,5.0,7.5,0.9381933212280273,0.0
7,5.0,7.5,0.9421472549438477,0.0
7,5.0,7.5,0.9465494155883789,0.0
7,5.0,7.5,0.9499814510345459,0.0
7,5.0,7.5,0.9539628028869629,0.0
7,5.0,7.5,0.95853590965271,0.0
7,5.0,7.5,0.9625744819641113,0.0
7,5.0,7.5,0.9661877155303955,0.0
7,5.0,7.5,0.9705638885498047,0.0
7,5.0,7.5,0.974217414855957,0.0
7,5.0,7.5,0.9785864353179932,0.0
7,5.0,7.5,0.9821205139160156,0.0
7,5.0,7.5,0.9861891269683838,0.0
7,5.0,7.5,0.9901008605957031,0.01
7,5.0,7.5,0.9945681095123291,0.0
7,5.0,7.5,0.9982140064239502,0.0
7,5.0,7.5,1.0021071434020996,4.92
7,5.0,7.5,1.0099451541900635,4.23
7,5.0,7.5,1.014143466949463,6.38
7,5.0,7.5,1.0181870460510254,6.2
7,5.0,7.5,1.0220866203308105,5.76
7,5.0,7.5,1.0267181396484375,5.99
7,5.0,7.5,1.0311710834503174,5.94
7,5.0,7.5,1.035064458847046,5.96
7,5.0,7.5,1.0391573905944824,5.95
7,5.0,7.5,1.043562412261963,5.91
7,5.0,7.5,1.047372579574585,5.86
7,5.0,7.5,1.0515506267547607,5.84
7,5.0,7.5,1.0555713176727295,6.0
7,5.0,7.5,1.0590381622314453,5.92
7,5.0,7.5,1.0635778903961182,5.95
7,5.0,7.5,1.0671594142913818,5.93
7,5.0,7.5,1.0711641311645508,5.83
7,5.0,7.5,1.0750596523284912,5.94
7,5.0,7.5,1.0791800022125244,6.04
7,5.0,7.5,1.0830798149108887,5.93
7,5.0,7.5,1.0871524810791016,5.92
7,5.0,7.5,1.091050386428833,5.94
7,5.0,7.5,1.0951406955718994,5.95
7,5.0,7.5,1.0990197658538818,5.92
7,5.0,7.5,1.103020191192627,5.95
7,5.0,7.5,1.1068484783172607,5.87
7,5.0,7.5,1.1109259128570557,5.98
7,5.0,7.5,1.1149787902832031,5.93
7,5.0,7.5,1.1190061569213867,6.0
7,5.0,7.5,1.1230885982513428,5.7700000000000005
7,5.0,7.5,1.1272170543670654,5.98
7,5.0,7.5,1.1312124729156494,5.93
7,5.0,7.5,1.135221004486084,6.0
7,5.0,7.5,1.139113187789917,5.91
7,5.0,7.5,1.1433260440826416,5.94
7,5.0,7.5,1.1470386981964111,5.94
7,5.0,7.5,1.1511273384094238,5.98
7,5.0,7.5,1.1550683975219727,6.0
7,5.0,7.5,1.1590964794158936,5.96
7,5.0,7.5,1.1635284423828125,5.93
7,5.0,7.5,1.167543888092041,5.96
7,5.0,7.5,1.1714484691619873,6.08
7,5.0,7.5,1.1755356788635254,5.99
7,5.0,7.5,1.1791253089904785,5.93
7,5.0,7.5,1.1835501194000244,5.97
7,5.0,7.5,1.1871602535247803,5.98
7,5.0,7.5,1.191042423248291,5.92
7,5.0,7.5,1.195063591003418,6.0200000000000005
7,5.0,7.5,1.1990339756011963,5.92
7,5.0,7.5,1.203552484512329,5.87
7,5.0,7.5,1.2067687511444092,5.97
7,5.0,7.5,1.2109403610229492,5.96
7,5.0,7.5,1.2149126529693604,5.96
7,5.0,7.5,1.2196884155273438,6.01
7,5.0,7.5,1.2246391773223877,5.98
7,5.0,7.5,1.229586124420166,6.04
7,5.0,7.5,1.2345590591430664,5.92
7,5.0,7.5,1.2382235527038574,5.93
7,5.0,7.5,1.2423360347747803,5.89
7,5.0,7.5,1.2465412616729736,5.94
7,5.0,7.5,1.2499415874481201,5.96
7,5.0,7.5,1.2545421123504639,5.91
7,5.0,7.5,1.2580196857452393,5.97
7,5.0,7.5,1.2625935077667236,5.96
7,5.0,7.5,1.2665562629699707,5.92
7,5.0,7.5,1.2705862522125244,6.0
7,5.0,7.5,1.2740700244903564,6.0600000000000005
7,5.0,7.5,1.2785708904266357,5.9
7,5.0,7.5,1.2825603485107422,5.94
7,5.0,7.5,1.2865700721740723,5.88
7,5.0,7.5,1.2905783653259277,6.0
7,5.0,7.5,1.2945582866668701,5.91
7,5.0,7.5,1.2985732555389404,5.97
7,5.0,7.5,1.3025498390197754,6.04
7,5.0,7.5,1.3059439659118652,5.83
7,5.0,7.5,1.3099606037139893,5.8500000000000005
7,5.0,7.5,1.3140132427215576,5.99
7,5.0,7.5,1.3181195259094238,5.92
7,5.0,7.5,1.3220970630645752,5.93
7,5.0,7.5,1.3261117935180664,5.76
7,5.0,7.5,1.3306102752685547,5.92
7,5.0,7.5,1.335665225982666,5.89
7,5.0,7.5,1.3406493663787842,5.94
7,5.0,7.5,1.345543384552002,5.94
7,5.0,7.5,1.34906005859375,5.9
7,5.0,7.5,1.3535754680633545,5.92
7,5.0,7.5,1.3575518131256104,5.94
7,5.0,7.5,1.3615388870239258,5.87
7,5.0,7.5,1.3655626773834229,5.98
7,5.0,7.5,1.3695595264434814,5.9
7,5.0,7.5,1.3735294342041016,5.9
7,5.0,7.5,1.377556324005127,5.93
7,5.0,7.5,1.381542444229126,5.92
7,5.0,7.5,1.3855407238006592,5.91
7,5.0,7.5,1.3891322612762451,5.87
7,5.0,7.5,1.3930761814117432,5.98
7,5.0,7.5,1.3971531391143799,5.92
7,5.0,7.5,1.4010186195373535,5.96
7,5.0,7.5,1.4056329727172852,5.88
7,5.0,7.5,1.4098491668701172,5.95
7,5.0,7.5,1.4141438007354736,5.98
7,5.0,7.5,1.4181029796600342,5.93
7,5.0,7.5,1.4223153591156006,6.01
7,5.0,7.5,1.426321029663086,6.01
7,5.0,7.5,1.4302029609680176,5.96
7,5.0,7.5,1.434250831604004,5.95
7,5.0,7.5,1.438244104385376,5.93
7,5.0,7.5,1.4425618648529053,5.95
7,5.0,7.5,1.4465117454528809,5.89
7,5.0,7.5,1.450561285018921,5.95
7,5.0,7.5,1.4545540809631348,6.01
7,5.0,7.5,1.4585390090942383,5.97
7,5.0,7.5,1.462085485458374,5.95
7,5.0,7.5,1.4665184020996094,5.96
7,5.0,7.5,1.4701294898986816,5.99
7,5.0,7.5,1.4744911193847656,5.8500000000000005
7,5.0,7.5,1.4780168533325195,6.0
7,5.0,7.5,1.4820833206176758,6.01
7,5.0,7.5,1.486022710800171,5.97
7,5.0,7.5,1.4901304244995117,6.0200000000000005
7,5.0,7.5,1.4940381050109863,5.92
7,5.0,7.5,1.4980247020721436,5.9
7,5.0,7.5,1.5019447803497314,6.01
7,5.0,7.5,1.505913496017456,6.0
7,5.0,7.5,1.5097575187683105,5.94
7,5.0,7.5,1.5139579772949219,5.89
7,5.0,7.5,1.5180609226226807,5.92
7,5.0,7.5,1.5220770835876465,5.91
7,5.0,7.5,1.5261693000793457,6.04
7,5.0,7.5,1.5301847457885742,5.9
7,5.0,7.5,1.5343506336212158,5.91
7,5.0,7.5,1.5381884574890137,5.92
7,5.0,7.5,1.542553186416626,5.92
7,5.0,7.5,1.5459468364715576,5.95
7,5.0,7.5,1.5500271320343018,5.97
7,5.0,7.5,1.5539710521697998,5.9
7,5.0,7.5,1.5581881999969482,5.97
7,5.0,7.5,1.5626575946807861,5.91
7,5.0,7.5,1.5675997734069824,5.83
7,5.0,7.5,1.5722293853759766,5.89
7,5.0,7.5,1.57613205909729,6.01
7,5.0,7.5,1.5802066326141357,5.98
7,5.0,7.5,1.584045171737671,5.97
7,5.0,7.5,1.5881578922271729,5.91
7,5.0,7.5,1.5920472145080566,5.97
7,5.0,7.5,1.5959482192993164,5.98
7,5.0,7.5,1.600511074066162,5.94
7,5.0,7.5,1.604118824005127,5.92
7,5.0,7.5,1.6078987121582031,5.9
7,5.0,7.5,1.6117019653320312,5.92
7,5.0,7.5,1.6158442497253418,5.93
7,5.0,7.5,1.619870662689209,5.94
7,5.0,7.5,1.623939037322998,5.99
7,5.0,7.5,1.6280817985534668,5.91
7,5.0,7.5,1.632047414779663,5.93
7,5.0,7.5,1.6362125873565674,6.0
7,5.0,7.5,1.6405959129333496,5.93
7,5.0,7.5,1.645552635192871,5.92
7,5.0,7.5,1.6490395069122314,5.97
7,5.0,7.5,1.6531610488891602,5.94
7,5.0,7.5,1.6575109958648682,5.8500000000000005
7,5.0,7.5,1.6615121364593506,5.98
7,5.0,7.5,1.6650471687316895,5.87
7,5.0,7.5,1.669036626815796,5.82
7,5.0,7.5,1.6735329627990723,5.96
7,5.0,7.5,1.677380084991455,5.92
7,5.0,7.5,1.6815383434295654,5.93
7,5.0,7.5,1.6850194931030273,5.94
7,5.0,7.5,1.689023494720459,5.97
7,5.0,7.5,1.693103313446045,5.91
7,5.0,7.5,1.6969985961914062,5.99
7,5.0,7.5,1.7009501457214355,5.93
7,5.0,7.5,1.7051053047180176,5.92
7,5.0,7.5,1.7090175151824951,6.0200000000000005
7,5.0,7.5,1.7127089500427246,5.89
7,5.0,7.5,1.716785192489624,6.0200000000000005
7,5.0,7.5,1.720978021621704,5.87
7,5.0,7.5,1.7250516414642334,5.93
7,5.0,7.5,1.7290854454040527,5.92
7,5.0,7.5,1.7330284118652344,5.94
7,5.0,7.5,1.7372446060180664,5.91
7,5.0,7.5,1.7410356998443604,5.87
7,5.0,7.5,1.7449219226837158,5.99
7,5.0,7.5,1.7488126754760742,5.94
7,5.0,7.5,1.7527859210968018,5.86
7,5.0,7.5,1.757066249847412,5.95
7,5.0,7.5,1.7608749866485596,5.95
7,5.0,7.5,1.764817237854004,5.95
7,5.0,7.5,1.7688627243041992,5.93
7,5.0,7.5,1.7729871273040771,5.97
7,5.0,7.5,1.777021884918213,5.97
7,5.0,7.5,1.7809288501739502,5.92
7,5.0,7.5,1.7850680351257324,5.95
7,5.0,7.5,1.7890441417694092,5.94
7,5.0,7.5,1.793041706085205,5.86
7,5.0,7.5,1.7971537113189697,5.99
7,5.0,7.5,1.8009414672851562,5.72
7,5.0,7.5,1.8047192096710205,5.92
7,5.0,7.5,1.80869460105896,5.88
7,5.0,7.5,1.8128623962402344,5.94
7,5.0,7.5,1.8168716430664062,5.93
7,5.0,7.5,1.820932149887085,5.92
7,5.0,7.5,1.8249781131744385,5.94
7,5.0,7.5,1.8290653228759766,5.98
7,5.0,7.5,1.833043098449707,5.96
7,5.0,7.5,1.8370838165283203,5.94
7,5.0,7.5,1.840986967086792,5.93
7,5.0,7.5,1.8449747562408447,5.97
7,5.0,7.5,1.8488740921020508,5.97
7,5.0,7.5,1.8527116775512695,6.03
7,5.0,7.5,1.8570492267608643,5.93
7,5.0,7.5,1.860999584197998,5.94
7,5.0,7.5,1.8650479316711426,5.91
7,5.0,7.5,1.8691530227661133,5.89
7,5.0,7.5,1.8733665943145752,5.95
7,5.0,7.5,1.8775222301483154,6.0
7,5.0,7.5,1.8814496994018555,5.95
7,5.0,7.5,1.885432481765747,5.95
7,5.0,7.5,1.8890576362609863,5.95
7,5.0,7.5,1.8934438228607178,5.9
7,5.0,7.5,1.896944284439087,5.97
7,5.0,7.5,1.9010891914367676,5.89
7,5.0,7.5,1.9049558639526367,5.94
7,5.0,7.5,1.9089007377624512,5.92
7,5.0,7.5,1.9127812385559082,5.94
7,5.0,7.5,1.916846752166748,5.93
7,5.0,7.5,1.9210071563720703,5.95
7,5.0,7.5,1.924988031387329,5.86
7,5.0,7.5,1.9289884567260742,5.9
7,5.0,7.5,1.9331755638122559,5.97
7,5.0,7.5,1.937147617340088,6.01
7,5.0,7.5,1.9412031173706055,5.88
7,5.0,7.5,1.9451971054077148,5.92
7,5.0,7.5,1.94901704788208,5.98
7,5.0,7.5,1.9531457424163818,5.91
7,5.0,7.5,1.9572029113769531,5.96
7,5.0,7.5,1.961148738861084,5.97
7,5.0,7.5,1.9651987552642822,5.97
7,5.0,7.5,1.9691455364227295,5.96
7,5.0,7.5,1.97316575050354,5.96
7,5.0,7.5,1.9772017002105713,5.89
7,5.0,7.5,1.981198787689209,5.95
7,5.0,7.5,1.9851977825164795,5.94
7,5.0,7.5,1.989173412322998,5.97
7,5.0,7.5,1.9935879707336426,5.76
7,5.0,7.5,1.998584508895874,5.89
8,5.0,10.0,2.384185791015625e-06,0.14
8,5.0,10.0,0.006967782974243164,-0.08
8,5.0,10.0,0.010986566543579102,-0.09
8,5.0,10.0,0.015075445175170898,-0.15
8,5.0,10.0,0.01911783218383789,-0.09
8,5.0,10.0,0.022983074188232422,-0.04
8,5.0,10.0,0.026964187622070312,-0.05
8,5.0,10.0,0.03157925605773926,0.0
8,5.0,10.0,0.0359959602355957,0.01
8,5.0,10.0,0.0404362678527832,0.0
8,5.0,10.0,0.04406881332397461,0.0
8,5.0,10.0,0.04843330383300781,-0.04
8,5.0,10.0,0.05196046829223633,0.0
8,5.0,10.0,0.0561063289642334,0.0
8,5.0,10.0,0.0599370002746582,-0.02
8,5.0,10.0,0.0644373893737793,0.0
8,5.0,10.0,0.0678870677947998,0.0
8,5.0,10.0,0.07183122634887695,0.0
8,5.0,10.0,0.07580733299255371,0.0
8,5.0,10.0,0.07975339889526367,-0.01
8,5.0,10.0,0.08365821838378906,-0.02
8,5.0,10.0,0.08785295486450195,-0.02
8,5.0,10.0,0.09192323684692383,-0.02
8,5.0,10.0,0.09636211395263672,-0.02
8,5.0,10.0,0.10036134719848633,-0.03
8,5.0,10.0,0.10437464714050293,-0.01
8,5.0,10.0,0.1083378791809082,-0.02
8,5.0,10.0,0.11238813400268555,0.0
8,5.0,10.0,0.11641287803649902,-0.03
8,5.0,10.0,0.1199030876159668,0.0
8,5.0,10.0,0.12384676933288574,-0.01
8,5.0,10.0,0.12786602973937988,-0.01
8,5.0,10.0,0.13252878189086914,-0.02
8,5.0,10.0,0.13744068145751953,-0.01
8,5.0,10.0,0.14085936546325684,0.01
8,5.0,10.0,0.14509201049804688,0.01
8,5.0,10.0,0.14894318580627441,0.0
8,5.0,10.0,0.15296626091003418,0.0
8,5.0,10.0,0.1569352149963379,0.0
8,5.0,10.0,0.16089272499084473,0.0
8,5.0,10.0,0.1648719310760498,0.0
8,5.0,10.0,0.16909480094909668,-0.02
8,5.0,10.0,0.1734311580657959,-0.02
8,5.0,10.0,0.1773836612701416,0.01
8,5.0,10.0,0.18146586418151855,-0.01
8,5.0,10.0,0.18482494354248047,0.0
8,5.0,10.0,0.18878865242004395,-0.02
8,5.0,10.0,0.19307327270507812,-0.02
8,5.0,10.0,0.19714641571044922,0.0
8,5.0,10.0,0.20122146606445312,0.0
8,5.0,10.0,0.2052140235900879,-0.01
8,5.0,10.0,0.2094717025756836,0.0
8,5.0,10.0,0.21435976028442383,-0.05
8,5.0,10.0,0.21842718124389648,-0.02
8,5.0,10.0,0.22187352180480957,-0.04
8,5.0,10.0,0.22652578353881836,0.0
8,5.0,10.0,0.2314896583557129,0.0
8,5.0,10.0,0.23543095588684082,0.0
8,5.0,10.0,0.23906874656677246,-0.02
8,5.0,10.0,0.24323320388793945,-0.02
8,5.0,10.0,0.24690747261047363,-0.03
8,5.0,10.0,0.25144124031066895,0.02
8,5.0,10.0,0.2550032138824463,0.0
8,5.0,10.0,0.2589385509490967,-0.01
8,5.0,10.0,0.26309823989868164,0.0
8,5.0,10.0,0.26746439933776855,-0.03
8,5.0,10.0,0.2708709239959717,-0.01
8,5.0,10.0,0.2748563289642334,-0.03
8,5.0,10.0,0.27893972396850586,-0.03
8,5.0,10.0,0.28307676315307617,-0.02
8,5.0,10.0,0.28684115409851074,-0.02
8,5.0,10.0,0.29082751274108887,0.01
8,5.0,10.0,0.29511404037475586,-0.01
8,5.0,10.0,0.2990591526031494,-0.01
8,5.0,10.0,0.3035707473754883,-0.03
8,5.0,10.0,0.30858540534973145,0.01
8,5.0,10.0,0.31301355361938477,-0.02
8,5.0,10.0,0.31705164909362793,0.0
8,5.0,10.0,0.32090282440185547,-0.03
8,5.0,10.0,0.3249626159667969,0.0
8,5.0,10.0,0.3294222354888916,0.0
8,5.0,10.0,0.3329300880432129,-0.01
8,5.0,10.0,0.33702802658081055,-0.02
8,5.0,10.0,0.34094810485839844,-0.01
8,5.0,10.0,0.3454289436340332,0.01
8,5.0,10.0,0.34923458099365234,0.0
8,5.0,10.0,0.35334348678588867,-0.02
8,5.0,10.0,0.35744333267211914,0.0
8,5.0,10.0,0.36147046089172363,0.0
8,5.0,10.0,0.3649122714996338,0.0
8,5.0,10.0,0.3694291114807129,-0.01
8,5.0,10.0,0.3728044033050537,0.0
8,5.0,10.0,0.3769035339355469,-0.01
8,5.0,10.0,0.3807404041290283,0.01
8,5.0,10.0,0.3849208354949951,-0.01
8,5.0,10.0,0.38874244689941406,-0.03
8,5.0,10.0,0.3930802345275879,-0.02
8,5.0,10.0,0.39716506004333496,0.0
8,5.0,10.0,0.4012179374694824,-0.02
8,5.0,10.0,0.40518832206726074,0.0
8,5.0,10.0,0.4095754623413086,-0.01
8,5.0,10.0,0.41416120529174805,-0.04
8,5.0,10.0,0.41843223571777344,-0.01
8,5.0,10.0,0.4218745231628418,-0.01
8,5.0,10.0,0.4258084297180176,-0.01
8,5.0,10.0,0.43041539192199707,-0.01
8,5.0,10.0,0.43442273139953613,-0.02
8,5.0,10.0,0.43841075897216797,0.0
8,5.0,10.0,0.44198131561279297,0.01
8,5.0,10.0,0.44639015197753906,-0.04
8,5.0,10.0,0.44991278648376465,-0.02
8,5.0,10.0,0.4539797306060791,-0.01
8,5.0,10.0,0.4580361843109131,-0.04
8,5.0,10.0,0.4618804454803467,0.0
8,5.0,10.0,0.46595215797424316,-0.01
8,5.0,10.0,0.46999168395996094,-0.02
8,5.0,10.0,0.4737887382507324,0.0
8,5.0,10.0,0.4778330326080322,0.0
8,5.0,10.0,0.4824957847595215,0.0
8,5.0,10.0,0.48673367500305176,-0.01
8,5.0,10.0,0.4909348487854004,-0.01
8,5.0,10.0,0.4951329231262207,-0.02
8,5.0,10.0,0.49921655654907227,-0.02
8,5.0,10.0,0.5032899379730225,0.0
8,5.0,10.0,0.5071029663085938,-0.01
8,5.0,10.0,0.511061429977417,0.02
8,5.0,10.0,0.5154345035552979,0.0
8,5.0,10.0,0.5190000534057617,-0.03
8,5.0,10.0,0.5227499008178711,0.01
8,5.0,10.0,0.5269157886505127,-0.02
8,5.0,10.0,0.5314412117004395,-0.02
8,5.0,10.0,0.5354099273681641,-0.06
8,5.0,10.0,0.5394346714019775,0.0
8,5.0,10.0,0.5428791046142578,-0.01
8,5.0,10.0,0.5473842620849609,-0.04
8,5.0,10.0,0.5509858131408691,-0.04
8,5.0,10.0,0.5547993183135986,0.0
8,5.0,10.0,0.5589394569396973,0.0
8,5.0,10.0,0.5630130767822266,0.0
8,5.0,10.0,0.5669045448303223,-0.02
8,5.0,10.0,0.5708692073822021,-0.01
8,5.0,10.0,0.5748944282531738,-0.05
8,5.0,10.0,0.5793206691741943,-0.01
8,5.0,10.0,0.5830938816070557,0.0
8,5.0,10.0,0.5868196487426758,0.0
8,5.0,10.0,0.5907127857208252,-0.05
8,5.0,10.0,0.594728946685791,-0.02
8,5.0,10.0,0.5988168716430664,-0.03
8,5.0,10.0,0.6027555465698242,0.0
8,5.0,10.0,0.6066780090332031,0.0
8,5.0,10.0,0.6108188629150391,-0.03
8,5.0,10.0,0.6147809028625488,0.0
8,5.0,10.0,0.6188156604766846,-0.01
8,5.0,10.0,0.623084545135498,-0.06
8,5.0,10.0,0.6268253326416016,-0.04
8,5.0,10.0,0.6308588981628418,0.0
8,5.0,10.0,0.6348896026611328,-0.04
8,5.0,10.0,0.6388788223266602,0.03
8,5.0,10.0,0.6429140567779541,-0.06
8,5.0,10.0,0.6471049785614014,-0.01
8,5.0,10.0,0.6513309478759766,0.0
8,5.0,10.0,0.6553287506103516,0.0
8,5.0,10.0,0.6593360900878906,0.0
8,5.0,10.0,0.6633563041687012,0.0
8,5.0,10.0,0.6673612594604492,-0.01
8,5.0,10.0,0.670872688293457,-0.03
8,5.0,10.0,0.6748692989349365,-0.03
8,5.0,10.0,0.6787867546081543,-0.02
8,5.0,10.0,0.6832151412963867,0.0
8,5.0,10.0,0.6867983341217041,-0.01
8,5.0,10.0,0.6906883716583252,-0.03
8,5.0,10.0,0.6946768760681152,0.0
8,5.0,10.0,0.6987459659576416,0.0
8,5.0,10.0,0.7029914855957031,-0.02
8,5.0,10.0,0.706946611404419,0.0
8,5.0,10.0,0.710956335067749,-0.05
8,5.0,10.0,0.71482253074646,0.0
8,5.0,10.0,0.718815803527832,-0.01
8,5.0,10.0,0.7226653099060059,-0.02
8,5.0,10.0,0.7268176078796387,-0.02
8,5.0,10.0,0.7309451103210449,0.0
8,5.0,10.0,0.7349379062652588,-0.01
8,5.0,10.0,0.7389397621154785,0.0
8,5.0,10.0,0.7429497241973877,-0.01
8,5.0,10.0,0.7469463348388672,-0.04
8,5.0,10.0,0.7510762214660645,0.0
8,5.0,10.0,0.7551870346069336,0.02
8,5.0,10.0,0.7589073181152344,-0.05
8,5.0,10.0,0.7633540630340576,-0.05
8,5.0,10.0,0.7672433853149414,0.0
8,5.0,10.0,0.7709782123565674,-0.01
8,5.0,10.0,0.7746820449829102,-0.05
8,5.0,10.0,0.7785840034484863,-0.01
8,5.0,10.0,0.7827160358428955,-0.01
8,5.0,10.0,0.7866227626800537,-0.01
8,5.0,10.0,0.7907137870788574,-0.02
8,5.0,10.0,0.794710636138916,-0.01
8,5.0,10.0,0.7987420558929443,-0.01
8,5.0,10.0,0.8029110431671143,-0.01
8,5.0,10.0,0.8071694374084473,-0.03
8,5.0,10.0,0.8111157417297363,-0.02
8,5.0,10.0,0.8149716854095459,0.0
8,5.0,10.0,0.8190760612487793,-0.05
8,5.0,10.0,0.8228180408477783,0.0
8,5.0,10.0,0.8273251056671143,0.0
8,5.0,10.0,0.8310186862945557,-0.02
8,5.0,10.0,0.8352842330932617,-0.06
8,5.0,10.0,0.8393025398254395,-0.01
8,5.0,10.0,0.8431990146636963,-0.03
8,5.0,10.0,0.847027063369751,-0.03
8,5.0,10.0,0.8513453006744385,-0.06
8,5.0,10.0,0.8550307750701904,-0.05
8,5.0,10.0,0.8589920997619629,0.01
8,5.0,10.0,0.8630506992340088,0.0
8,5.0,10.0,0.8670938014984131,-0.01
8,5.0,10.0,0.8710098266601562,-0.02
8,5.0,10.0,0.8751187324523926,0.0
8,5.0,10.0,0.8789589405059814,0.0
8,5.0,10.0,0.8829793930053711,0.0
8,5.0,10.0,0.8873918056488037,-0.04
8,5.0,10.0,0.8908357620239258,-0.02
8,5.0,10.0,0.8947203159332275,-0.01
8,5.0,10.0,0.8990688323974609,-0.02
8,5.0,10.0,0.9031550884246826,0.0
8,5.0,10.0,0.9072060585021973,-0.02
8,5.0,10.0,0.9111135005950928,-0.05
8,5.0,10.0,0.9150731563568115,-0.01
8,5.0,10.0,0.9191675186157227,-0.01
8,5.0,10.0,0.9230039119720459,0.0
8,5.0,10.0,0.927321195602417,0.0
8,5.0,10.0,0.9313938617706299,-0.02
8,5.0,10.0,0.9353468418121338,0.0
8,5.0,10.0,0.9393815994262695,-0.01
8,5.0,10.0,0.9428911209106445,-0.03
8,5.0,10.0,0.9473698139190674,0.01
8,5.0,10.0,0.9509270191192627,0.0
8,5.0,10.0,0.9548227787017822,0.01
8,5.0,10.0,0.9593536853790283,0.0
8,5.0,10.0,0.9633774757385254,-0.01
8,5.0,10.0,0.9673552513122559,-0.03
8,5.0,10.0,0.9708516597747803,0.0
8,5.0,10.0,0.9747130870819092,-0.02
8,5.0,10.0,0.9788005352020264,-0.01
8,5.0,10.0,0.983410120010376,-0.01
8,5.0,10.0,0.9874200820922852,-0.03
8,5.0,10.0,0.9908668994903564,0.01
8,5.0,10.0,0.9946794509887695,-0.03
8,5.0,10.0,0.9989700317382812,0.0
8,5.0,10.0,1.003084659576416,6.7700000000000005
8,5.0,10.0,1.010922908782959,6.25
8,5.0,10.0,1.0148334503173828,8.77
8,5.0,10.0,1.018890380859375,8.36
8,5.0,10.0,1.022947072982788,7.96
8,5.0,10.0,1.0269052982330322,8.11
8,5.0,10.0,1.031069278717041,7.87
8,5.0,10.0,1.035071611404419,8.02
8,5.0,10.0,1.039405345916748,8.06
8,5.0,10.0,1.0431885719299316,8.05
8,5.0,10.0,1.0474097728729248,8.09
8,5.0,10.0,1.0513768196105957,8.21
8,5.0,10.0,1.0549607276916504,7.91
8,5.0,10.0,1.0593597888946533,7.86
8,5.0,10.0,1.0628540515899658,8.11
8,5.0,10.0,1.0669293403625488,8.1
8,5.0,10.0,1.0707941055297852,8.15
8,5.0,10.0,1.074713945388794,8.1
8,5.0,10.0,1.0791494846343994,7.99
8,5.0,10.0,1.082899808883667,8.0
8,5.0,10.0,1.0866997241973877,8.05
8,5.0,10.0,1.090691328048706,7.9
8,5.0,10.0,1.094682216644287,8.17
8,5.0,10.0,1.098682165145874,7.97
8,5.0,10.0,1.102759599685669,7.92
8,5.0,10.0,1.1068699359893799,8.07
8,5.0,10.0,1.1109020709991455,8.06
8,5.0,10.0,1.1148974895477295,8.01
8,5.0,10.0,1.1190855503082275,7.91
8,5.0,10.0,1.12276029586792,8.06
8,5.0,10.0,1.1268694400787354,8.0
8,5.0,10.0,1.1308834552764893,8.08
8,5.0,10.0,1.1350452899932861,8.07
8,5.0,10.0,1.1394402980804443,8.040000000000001
8,5.0,10.0,1.1439974308013916,7.97
8,5.0,10.0,1.1483545303344727,8.0
8,5.0,10.0,1.1521201133728027,7.930000000000001
8,5.0,10.0,1.1563642024993896,8.0
8,5.0,10.0,1.159782886505127,8.02
8,5.0,10.0,1.1643080711364746,7.86
8,5.0,10.0,1.168313980102539,7.87
8,5.0,10.0,1.1723356246948242,8.040000000000001
8,5.0,10.0,1.1763014793395996,7.98
8,5.0,10.0,1.1797893047332764,7.97
8,5.0,10.0,1.1837143898010254,8.040000000000001
8,5.0,10.0,1.1883292198181152,7.92
8,5.0,10.0,1.1920032501220703,8.13
8,5.0,10.0,1.1955585479736328,7.88
8,5.0,10.0,1.1996488571166992,8.19
8,5.0,10.0,1.2037136554718018,8.01
8,5.0,10.0,1.2078557014465332,8.01
8,5.0,10.0,1.211974859237671,8.06
8,5.0,10.0,1.2157866954803467,8.0
8,5.0,10.0,1.2198445796966553,8.040000000000001
8,5.0,10.0,1.2238123416900635,7.94
8,5.0,10.0,1.2278485298156738,8.09
8,5.0,10.0,1.2322449684143066,8.01
8,5.0,10.0,1.2363934516906738,8.040000000000001
8,5.0,10.0,1.2403326034545898,8.11
8,5.0,10.0,1.2439372539520264,7.97
8,5.0,10.0,1.2482929229736328,8.05
8,5.0,10.0,1.2518572807312012,7.95
8,5.0,10.0,1.2563447952270508,7.8500000000000005
8,5.0,10.0,1.2598841190338135,7.890000000000001
8,5.0,10.0,1.2637956142425537,8.02
8,5.0,10.0,1.2678017616271973,7.890000000000001
8,5.0,10.0,1.2723405361175537,8.01
8,5.0,10.0,1.276240587234497,8.01
8,5.0,10.0,1.280085802078247,8.1
8,5.0,10.0,1.2843585014343262,8.05
8,5.0,10.0,1.2882869243621826,8.1
8,5.0,10.0,1.2923693656921387,8.040000000000001
8,5.0,10.0,1.2956123352050781,7.94
8,5.0,10.0,1.2996811866760254,7.890000000000001
8,5.0,10.0,1.3037359714508057,8.040000000000001
8,5.0,10.0,1.307976245880127,8.0
8,5.0,10.0,1.311997652053833,7.97
8,5.0,10.0,1.3165040016174316,7.930000000000001
8,5.0,10.0,1.3210115432739258,7.99
8,5.0,10.0,1.3250691890716553,8.01
8,5.0,10.0,1.329355239868164,7.95
8,5.0,10.0,1.3328595161437988,7.92
8,5.0,10.0,1.3373236656188965,8.16
8,5.0,10.0,1.3408622741699219,8.08
8,5.0,10.0,1.3453197479248047,7.97
8,5.0,10.0,1.3493540287017822,8.06
8,5.0,10.0,1.352952003479004,8.11
8,5.0,10.0,1.3572959899902344,8.05
8,5.0,10.0,1.360783576965332,8.040000000000001
8,5.0,10.0,1.3647980690002441,8.14
8,5.0,10.0,1.3689110279083252,8.01
8,5.0,10.0,1.3726811408996582,8.01
8,5.0,10.0,1.3767945766448975,8.07
8,5.0,10.0,1.3803691864013672,8.08
8,5.0,10.0,1.3839282989501953,8.19
8,5.0,10.0,1.388380765914917,7.890000000000001
8,5.0,10.0,1.391934871673584,8.120000000000001
8,5.0,10.0,1.3956613540649414,8.06
8,5.0,10.0,1.3996641635894775,7.97
8,5.0,10.0,1.4037110805511475,7.96
8,5.0,10.0,1.4079689979553223,8.06
8,5.0,10.0,1.4124279022216797,8.08
8,5.0,10.0,1.4173436164855957,7.95
8,5.0,10.0,1.4207839965820312,8.01
8,5.0,10.0,1.4253065586090088,8.02
8,5.0,10.0,1.4288454055786133,7.96
8,5.0,10.0,1.4333012104034424,8.1
8,5.0,10.0,1.4368393421173096,8.02
8,5.0,10.0,1.4413070678710938,8.07
8,5.0,10.0,1.4448492527008057,7.98
8,5.0,10.0,1.4488544464111328,8.01
8,5.0,10.0,1.452747106552124,7.95
8,5.0,10.0,1.4568824768066406,7.96
8,5.0,10.0,1.461306095123291,8.040000000000001
8,5.0,10.0,1.4653089046478271,7.8500000000000005
8,5.0,10.0,1.4693288803100586,8.01
8,5.0,10.0,1.4726202487945557,8.07
8,5.0,10.0,1.4773097038269043,8.040000000000001
8,5.0,10.0,1.4813930988311768,7.930000000000001
8,5.0,10.0,1.485365867614746,8.01
8,5.0,10.0,1.4887044429779053,8.06
8,5.0,10.0,1.4931557178497314,8.07
8,5.0,10.0,1.4966332912445068,8.02
8,5.0,10.0,1.50071120262146,8.02
8,5.0,10.0,1.5048370361328125,8.02
8,5.0,10.0,1.5091784000396729,8.11
8,5.0,10.0,1.512976884841919,8.08
8,5.0,10.0,1.5169095993041992,8.11
8,5.0,10.0,1.5208635330200195,8.05
8,5.0,10.0,1.5248818397521973,7.98
8,5.0,10.0,1.5289087295532227,7.99
8,5.0,10.0,1.533141851425171,8.07
8,5.0,10.0,1.5372984409332275,8.03
8,5.0,10.0,1.540698528289795,8.01
8,5.0,10.0,1.545295000076294,8.040000000000001
8,5.0,10.0,1.5493006706237793,8.05
8,5.0,10.0,1.553300380706787,8.03
8,5.0,10.0,1.5568029880523682,8.01
8,5.0,10.0,1.5609142780303955,7.79
8,5.0,10.0,1.5653254985809326,8.040000000000001
8,5.0,10.0,1.5688645839691162,7.96
8,5.0,10.0,1.5727858543395996,8.1
8,5.0,10.0,1.5768063068389893,8.040000000000001
8,5.0,10.0,1.5808134078979492,7.98
8,5.0,10.0,1.5851283073425293,8.040000000000001
8,5.0,10.0,1.5885710716247559,8.01
8,5.0,10.0,1.5926623344421387,8.040000000000001
8,5.0,10.0,1.596632957458496,7.930000000000001
8,5.0,10.0,1.6005737781524658,7.91
8,5.0,10.0,1.6044983863830566,7.91
8,5.0,10.0,1.608414888381958,7.95
8,5.0,10.0,1.611464500427246,7.91
8,5.0,10.0,1.6144578456878662,7.890000000000001
8,5.0,10.0,1.617527961730957,8.09
8,5.0,10.0,1.6215240955352783,7.96
8,5.0,10.0,1.6254615783691406,7.97
8,5.0,10.0,1.6284573078155518,8.120000000000001
8,5.0,10.0,1.6316218376159668,8.1
8,5.0,10.0,1.6362359523773193,8.11
8,5.0,10.0,1.640293836593628,7.97
8,5.0,10.0,1.6439685821533203,7.99
8,5.0,10.0,1.6479082107543945,7.99
8,5.0,10.0,1.6519482135772705,8.09
8,5.0,10.0,1.6562936305999756,8.05
8,5.0,10.0,1.6597552299499512,7.930000000000001
8,5.0,10.0,1.6642911434173584,8.17
8,5.0,10.0,1.668147087097168,8.06
8,5.0,10.0,1.6717381477355957,7.94
8,5.0,10.0,1.6761953830718994,8.25
8,5.0,10.0,1.679988145828247,7.930000000000001
8,5.0,10.0,1.6843185424804688,7.97
8,5.0,10.0,1.6878998279571533,7.97
8,5.0,10.0,1.691941261291504,8.15
8,5.0,10.0,1.6956770420074463,8.06
8,5.0,10.0,1.6995360851287842,8.02
8,5.0,10.0,1.7040596008300781,8.26
8,5.0,10.0,1.7079055309295654,8.06
8,5.0,10.0,1.7124207019805908,8.2
8,5.0,10.0,1.7166688442230225,7.92
8,5.0,10.0,1.7206788063049316,7.98
8,5.0,10.0,1.72475004196167,8.15
8,5.0,10.0,1.7288258075714111,8.05
8,5.0,10.0,1.7328593730926514,8.05
8,5.0,10.0,1.736863374710083,8.01
8,5.0,10.0,1.740859031677246,8.13
8,5.0,10.0,1.7448654174804688,7.88
8,5.0,10.0,1.7488818168640137,8.05
8,5.0,10.0,1.752854824066162,8.02
8,5.0,10.0,1.7568533420562744,8.16
8,5.0,10.0,1.7607991695404053,7.91
8,5.0,10.0,1.76479172706604,8.05
8,5.0,10.0,1.7690577507019043,8.120000000000001
8,5.0,10.0,1.772956132888794,7.97
8,5.0,10.0,1.776855707168579,8.07
8,5.0,10.0,1.781087875366211,7.97
8,5.0,10.0,1.7850971221923828,8.02
8,5.0,10.0,1.7888579368591309,8.09
8,5.0,10.0,1.7929189205169678,7.930000000000001
8,5.0,10.0,1.7969930171966553,8.05
8,5.0,10.0,1.8007287979125977,7.98
8,5.0,10.0,1.80485200881958,8.14
8,5.0,10.0,1.8089101314544678,8.040000000000001
8,5.0,10.0,1.8129982948303223,7.99
8,5.0,10.0,1.817286729812622,8.02
8,5.0,10.0,1.8209681510925293,8.06
8,5.0,10.0,1.8249409198760986,7.99
8,5.0,10.0,1.8289597034454346,8.07
8,5.0,10.0,1.8329389095306396,8.08
8,5.0,10.0,1.8370797634124756,8.01
8,5.0,10.0,1.8414790630340576,7.91
8,5.0,10.0,1.846407175064087,7.8500000000000005
8,5.0,10.0,1.8513696193695068,8.16
8,5.0,10.0,1.8548996448516846,8.02
8,5.0,10.0,1.8593783378601074,7.96
8,5.0,10.0,1.862894058227539,7.99
8,5.0,10.0,1.8669705390930176,8.040000000000001
8,5.0,10.0,1.8707523345947266,8.15
8,5.0,10.0,1.8748772144317627,7.88
8,5.0,10.0,1.8793995380401611,7.98
8,5.0,10.0,1.8833887577056885,8.05
8,5.0,10.0,1.8874080181121826,8.01
8,5.0,10.0,1.8922548294067383,7.87
8,5.0,10.0,1.8963985443115234,8.06
8,5.0,10.0,1.8997440338134766,8.07
8,5.0,10.0,1.9038939476013184,8.05
8,5.0,10.0,1.9082069396972656,8.06
8,5.0,10.0,1.9122953414916992,7.95
8,5.0,10.0,1.9160914421081543,8.05
8,5.0,10.0,1.9203274250030518,8.01
8,5.0,10.0,1.9249708652496338,8.01
8,5.0,10.0,1.928856372833252,8.07
8,5.0,10.0,1.9330549240112305,8.0
8,5.0,10.0,1.9372477531433105,8.040000000000001
8,5.0,10.0,1.9414489269256592,8.02
8,5.0,10.0,1.9463608264923096,8.040000000000001
8,5.0,10.0,1.9503824710845947,7.99
8,5.0,10.0,1.9553627967834473,7.97
8,5.0,10.0,1.958897590637207,8.0
8,5.0,10.0,1.9628689289093018,7.930000000000001
8,5.0,10.0,1.9669640064239502,8.03
8,5.0,10.0,1.9708337783813477,8.24
8,5.0,10.0,1.9747262001037598,8.02
8,5.0,10.0,1.9794785976409912,8.13
8,5.0,10.0,1.9838614463806152,7.88
8,5.0,10.0,1.9876885414123535,7.99
8,5.0,10.0,1.9917194843292236,7.97
8,5.0,10.0,1.9960095882415771,7.82
8,5.0,10.0,1.9997344017028809,7.96
