exp,Ki,u,t,i
0,0.0002,5.0,6.4373016357421875e-06,2.52
0,0.0002,5.0,0.007843732833862305,2.5
0,0.0002,5.0,0.011806964874267578,2.5300000000000002
0,0.0002,5.0,0.015591621398925781,2.5100000000000002
0,0.0002,5.0,0.01955413818359375,2.5100000000000002
0,0.0002,5.0,0.023773670196533203,2.52
0,0.0002,5.0,0.027785062789916992,2.5300000000000002
0,0.0002,5.0,0.03176522254943848,2.5100000000000002
0,0.0002,5.0,0.035593509674072266,2.5
0,0.0002,5.0,0.03971552848815918,2.5100000000000002
0,0.0002,5.0,0.043675899505615234,2.5100000000000002
0,0.0002,5.0,0.04753994941711426,2.5100000000000002
0,0.0002,5.0,0.051622629165649414,2.5100000000000002
0,0.0002,5.0,0.05579423904418945,2.49
0,0.0002,5.0,0.05979752540588379,2.5
0,0.0002,5.0,0.06384086608886719,2.5
0,0.0002,5.0,0.0678560733795166,2.52
0,0.0002,5.0,0.0718541145324707,2.5100000000000002
0,0.0002,5.0,0.07585263252258301,2.5
0,0.0002,5.0,0.07974386215209961,2.5
0,0.0002,5.0,0.08390045166015625,2.49
0,0.0002,5.0,0.08789753913879395,2.5
0,0.0002,5.0,0.09185171127319336,2.49
0,0.0002,5.0,0.09586048126220703,2.5
0,0.0002,5.0,0.09986519813537598,2.5
0,0.0002,5.0,0.1038661003112793,2.5100000000000002
0,0.0002,5.0,0.10785675048828125,2.49
0,0.0002,5.0,0.11185956001281738,2.5100000000000002
0,0.0002,5.0,0.11569833755493164,2.5
0,0.0002,5.0,0.11972618103027344,2.52
0,0.0002,5.0,0.12372875213623047,2.49
0,0.0002,5.0,0.12781929969787598,2.5
0,0.0002,5.0,0.13185763359069824,2.5100000000000002
0,0.0002,5.0,0.13586091995239258,2.49
0,0.0002,5.0,0.13988041877746582,2.5
0,0.0002,5.0,0.14387845993041992,2.5
0,0.0002,5.0,0.14788174629211426,2.49
0,0.0002,5.0,0.15186762809753418,2.5
0,0.0002,5.0,0.15583562850952148,2.5
0,0.0002,5.0,0.15987062454223633,2.5
0,0.0002,5.0,0.16382622718811035,2.5100000000000002
0,0.0002,5.0,0.1678464412689209,2.49
0,0.0002,5.0,0.17177057266235352,2.49
0,0.0002,5.0,0.1757817268371582,2.5
0,0.0002,5.0,0.1796712875366211,2.5
0,0.0002,5.0,0.1834874153137207,2.48
0,0.0002,5.0,0.1876811981201172,2.5100000000000002
0,0.0002,5.0,0.1917881965637207,2.5
0,0.0002,5.0,0.19582748413085938,2.49
0,0.0002,5.0,0.1998145580291748,2.49
0,0.0002,5.0,0.20383310317993164,2.5
0,0.0002,5.0,0.2078237533569336,2.5
0,0.0002,5.0,0.21183276176452637,2.48
0,0.0002,5.0,0.21568703651428223,2.49
0,0.0002,5.0,0.21947741508483887,2.5100000000000002
0,0.0002,5.0,0.22337985038757324,2.5100000000000002
0,0.0002,5.0,0.22770071029663086,2.49
0,0.0002,5.0,0.2317807674407959,2.49
0,0.0002,5.0,0.23591232299804688,2.5
0,0.0002,5.0,0.23995661735534668,2.49
0,0.0002,5.0,0.24393272399902344,2.5
0,0.0002,5.0,0.24802017211914062,2.48
0,0.0002,5.0,0.2519543170928955,2.5
0,0.0002,5.0,0.2560281753540039,2.5
0,0.0002,5.0,0.26001739501953125,2.49
0,0.0002,5.0,0.2640876770019531,2.47
0,0.0002,5.0,0.26796507835388184,2.49
0,0.0002,5.0,0.27200794219970703,2.5100000000000002
0,0.0002,5.0,0.27593541145324707,2.48
0,0.0002,5.0,0.28009533882141113,2.52
0,0.0002,5.0,0.28391408920288086,2.5100000000000002
0,0.0002,5.0,0.287919282913208,2.5100000000000002
0,0.0002,5.0,0.2919001579284668,2.49
0,0.0002,5.0,0.2959437370300293,2.5
0,0.0002,5.0,0.2999129295349121,2.49
0,0.0002,5.0,0.3039414882659912,2.52
0,0.0002,5.0,0.3079102039337158,2.5
0,0.0002,5.0,0.3119680881500244,2.49
0,0.0002,5.0,0.3158440589904785,2.52
0,0.0002,5.0,0.31943774223327637,2.5100000000000002
0,0.0002,5.0,0.3236045837402344,2.5
0,0.0002,5.0,0.3276481628417969,2.5100000000000002
0,0.0002,5.0,0.33169984817504883,2.5
0,0.0002,5.0,0.3356950283050537,2.49
0,0.0002,5.0,0.3397228717803955,2.49
0,0.0002,5.0,0.34373903274536133,2.5
0,0.0002,5.0,0.34795403480529785,2.48
0,0.0002,5.0,0.3519265651702881,2.49
0,0.0002,5.0,0.3558943271636963,2.5100000000000002
0,0.0002,5.0,0.3599052429199219,2.5
0,0.0002,5.0,0.3639216423034668,2.49
0,0.0002,5.0,0.3679215908050537,2.5100000000000002
0,0.0002,5.0,0.37189340591430664,2.5
0,0.0002,5.0,0.37584924697875977,2.49
0,0.0002,5.0,0.37969255447387695,2.5100000000000002
0,0.0002,5.0,0.38362693786621094,2.5
0,0.0002,5.0,0.387664794921875,2.5
0,0.0002,5.0,0.3918898105621338,2.48
0,0.0002,5.0,0.39589858055114746,2.48
0,0.0002,5.0,0.39988136291503906,2.5100000000000002
0,0.0002,5.0,0.40385937690734863,2.5100000000000002
0,0.0002,5.0,0.4078643321990967,2.5100000000000002
0,0.0002,5.0,0.4117851257324219,2.49
0,0.0002,5.0,0.4158012866973877,2.49
0,0.0002,5.0,0.41960835456848145,2.49
0,0.0002,5.0,0.42349958419799805,2.5
0,0.0002,5.0,0.4275808334350586,2.5
0,0.0002,5.0,0.43160581588745117,2.5
0,0.0002,5.0,0.43561768531799316,2.5100000000000002
0,0.0002,5.0,0.4396543502807617,2.5100000000000002
0,0.0002,5.0,0.44345903396606445,2.5
0,0.0002,5.0,0.44741201400756836,2.5
0,0.0002,5.0,0.4517393112182617,2.48
0,0.0002,5.0,0.4557528495788574,2.49
0,0.0002,5.0,0.4597153663635254,2.5100000000000002
0,0.0002,5.0,0.46384620666503906,2.49
0,0.0002,5.0,0.4678051471710205,2.49
0,0.0002,5.0,0.4718611240386963,2.49
0,0.0002,5.0,0.4758269786834717,2.5
0,0.0002,5.0,0.47975945472717285,2.5100000000000002
0,0.0002,5.0,0.48389506340026855,2.52
0,0.0002,5.0,0.48782944679260254,2.5100000000000002
0,0.0002,5.0,0.49183201789855957,2.49
0,0.0002,5.0,0.4958066940307617,2.49
0,0.0002,5.0,0.49982380867004395,2.49
0,0.0002,5.0,0.5038187503814697,2.52
0,0.0002,5.0,0.5118343830108643,2.6
0,0.0002,5.0,0.5158064365386963,2.66
0,0.0002,5.0,0.5195400714874268,2.71
0,0.0002,5.0,0.5233793258666992,2.77
0,0.0002,5.0,0.5273511409759521,2.81
0,0.0002,5.0,0.531388521194458,2.89
0,0.0002,5.0,0.5353870391845703,2.93
0,0.0002,5.0,0.5393848419189453,3.0
0,0.0002,5.0,0.5438499450683594,3.04
0,0.0002,5.0,0.5476090908050537,3.09
0,0.0002,5.0,0.5514540672302246,3.16
0,0.0002,5.0,0.5553691387176514,3.19
0,0.0002,5.0,0.5593252182006836,3.23
0,0.0002,5.0,0.5626728534698486,3.29
0,0.0002,5.0,0.5667040348052979,3.33
0,0.0002,5.0,0.5707027912139893,3.37
0,0.0002,5.0,0.5747804641723633,3.4
0,0.0002,5.0,0.5787034034729004,3.47
0,0.0002,5.0,0.5824992656707764,3.52
0,0.0002,5.0,0.5868067741394043,3.5300000000000002
0,0.0002,5.0,0.5908107757568359,3.59
0,0.0002,5.0,0.5948073863983154,3.63
0,0.0002,5.0,0.5988247394561768,3.67
0,0.0002,5.0,0.6028265953063965,3.7
0,0.0002,5.0,0.6067993640899658,3.77
0,0.0002,5.0,0.6108551025390625,3.8000000000000003
0,0.0002,5.0,0.6148033142089844,3.84
0,0.0002,5.0,0.6187548637390137,3.88
0,0.0002,5.0,0.622535228729248,3.92
0,0.0002,5.0,0.6265292167663574,3.93
0,0.0002,5.0,0.6307237148284912,3.98
0,0.0002,5.0,0.6347963809967041,4.0
0,0.0002,5.0,0.6388003826141357,4.04
0,0.0002,5.0,0.6428241729736328,4.0600000000000005
0,0.0002,5.0,0.6468100547790527,4.1
0,0.0002,5.0,0.6508162021636963,4.12
0,0.0002,5.0,0.6548128128051758,4.14
0,0.0002,5.0,0.6588053703308105,4.18
0,0.0002,5.0,0.6628146171569824,4.19
0,0.0002,5.0,0.6668035984039307,4.23
0,0.0002,5.0,0.6708335876464844,4.25
0,0.0002,5.0,0.6747522354125977,4.2700000000000005
0,0.0002,5.0,0.6787004470825195,4.29
0,0.0002,5.0,0.6826698780059814,4.3100000000000005
0,0.0002,5.0,0.6868362426757812,4.34
0,0.0002,5.0,0.6908018589019775,4.36
0,0.0002,5.0,0.694800615310669,4.37
0,0.0002,5.0,0.6988167762756348,4.4
0,0.0002,5.0,0.7028062343597412,4.41
0,0.0002,5.0,0.7067892551422119,4.43
0,0.0002,5.0,0.7107796669006348,4.44
0,0.0002,5.0,0.7147927284240723,4.48
0,0.0002,5.0,0.7187168598175049,4.48
0,0.0002,5.0,0.7225885391235352,4.49
0,0.0002,5.0,0.7264978885650635,4.5200000000000005
0,0.0002,5.0,0.730571985244751,4.53
0,0.0002,5.0,0.734642744064331,4.54
0,0.0002,5.0,0.7386589050292969,4.5600000000000005
0,0.0002,5.0,0.7426848411560059,4.57
0,0.0002,5.0,0.7466740608215332,4.57
0,0.0002,5.0,0.7506587505340576,4.59
0,0.0002,5.0,0.7546770572662354,4.61
0,0.0002,5.0,0.7587156295776367,4.61
0,0.0002,5.0,0.7627508640289307,4.62
0,0.0002,5.0,0.7667160034179688,4.65
0,0.0002,5.0,0.7705519199371338,4.65
0,0.0002,5.0,0.7743754386901855,4.66
0,0.0002,5.0,0.7783992290496826,4.67
0,0.0002,5.0,0.7824265956878662,4.68
0,0.0002,5.0,0.7864336967468262,4.69
0,0.0002,5.0,0.790508508682251,4.7
0,0.0002,5.0,0.794567346572876,4.69
0,0.0002,5.0,0.7987408638000488,4.71
0,0.0002,5.0,0.8027570247650146,4.73
0,0.0002,5.0,0.806739330291748,4.73
0,0.0002,5.0,0.810798168182373,4.74
0,0.0002,5.0,0.8147852420806885,4.74
0,0.0002,5.0,0.8187515735626221,4.74
0,0.0002,5.0,0.8226139545440674,4.76
0,0.0002,5.0,0.8265209197998047,4.78
0,0.0002,5.0,0.8305468559265137,4.78
0,0.0002,5.0,0.8346002101898193,4.78
0,0.0002,5.0,0.8387470245361328,4.78
0,0.0002,5.0,0.842742919921875,4.78
0,0.0002,5.0,0.8467445373535156,4.79
0,0.0002,5.0,0.8506677150726318,4.8100000000000005
0,0.0002,5.0,0.8546643257141113,4.8100000000000005
0,0.0002,5.0,0.858665943145752,4.82
0,0.0002,5.0,0.8627753257751465,4.82
0,0.0002,5.0,0.8668162822723389,4.82
0,0.0002,5.0,0.8707859516143799,4.82
0,0.0002,5.0,0.8747882843017578,4.82
0,0.0002,5.0,0.8787777423858643,4.82
0,0.0002,5.0,0.8826792240142822,4.84
0,0.0002,5.0,0.8866715431213379,4.8500000000000005
0,0.0002,5.0,0.8907370567321777,4.86
0,0.0002,5.0,0.8947525024414062,4.86
0,0.0002,5.0,0.8987531661987305,4.87
0,0.0002,5.0,0.9027466773986816,4.86
0,0.0002,5.0,0.9067866802215576,4.86
0,0.0002,5.0,0.9107306003570557,4.86
0,0.0002,5.0,0.9147896766662598,4.86
0,0.0002,5.0,0.9187431335449219,4.86
0,0.0002,5.0,0.9226250648498535,4.87
0,0.0002,5.0,0.9265198707580566,4.87
0,0.0002,5.0,0.9305603504180908,4.88
0,0.0002,5.0,0.9346427917480469,4.89
0,0.0002,5.0,0.9388227462768555,4.91
0,0.0002,5.0,0.9427850246429443,4.9
0,0.0002,5.0,0.9467322826385498,4.91
0,0.0002,5.0,0.9506998062133789,4.91
0,0.0002,5.0,0.9547519683837891,4.91
0,0.0002,5.0,0.9587721824645996,4.9
0,0.0002,5.0,0.9627959728240967,4.9
0,0.0002,5.0,0.9667947292327881,4.9
0,0.0002,5.0,0.9707634449005127,4.9
0,0.0002,5.0,0.9747574329376221,4.9
0,0.0002,5.0,0.978787899017334,4.9
0,0.0002,5.0,0.9827361106872559,4.9
0,0.0002,5.0,0.986732006072998,4.9
0,0.0002,5.0,0.9905834197998047,4.91
0,0.0002,5.0,0.9945738315582275,4.9
0,0.0002,5.0,0.998638391494751,4.91
0,0.0002,5.0,1.0026347637176514,4.92
0,0.0002,5.0,1.0067498683929443,4.94
0,0.0002,5.0,1.0107128620147705,4.93
0,0.0002,5.0,1.0147173404693604,4.94
0,0.0002,5.0,1.0187256336212158,4.94
0,0.0002,5.0,1.0226411819458008,4.94
0,0.0002,5.0,1.0265040397644043,4.94
0,0.0002,5.0,1.0304830074310303,4.94
0,0.0002,5.0,1.0344562530517578,4.94
0,0.0002,5.0,1.038522481918335,4.95
0,0.0002,5.0,1.042712688446045,4.94
0,0.0002,5.0,1.0465967655181885,4.94
0,0.0002,5.0,1.0504271984100342,4.95
0,0.0002,5.0,1.0542926788330078,4.95
0,0.0002,5.0,1.0572888851165771,4.95
0,0.0002,5.0,1.0606014728546143,4.94
0,0.0002,5.0,1.0646100044250488,4.94
0,0.0002,5.0,1.0686185359954834,4.95
0,0.0002,5.0,1.0726318359375,4.95
0,0.0002,5.0,1.0767667293548584,4.94
0,0.0002,5.0,1.080611228942871,4.94
0,0.0002,5.0,1.0847065448760986,4.94
0,0.0002,5.0,1.0887949466705322,4.94
0,0.0002,5.0,1.09279465675354,4.95
0,0.0002,5.0,1.0967926979064941,4.95
0,0.0002,5.0,1.1007864475250244,4.94
0,0.0002,5.0,1.1047852039337158,4.94
0,0.0002,5.0,1.1087961196899414,4.94
0,0.0002,5.0,1.1127872467041016,4.94
0,0.0002,5.0,1.116783857345581,4.95
0,0.0002,5.0,1.1207661628723145,4.95
0,0.0002,5.0,1.124617576599121,4.94
0,0.0002,5.0,1.1283702850341797,4.95
0,0.0002,5.0,1.1323256492614746,4.95
0,0.0002,5.0,1.1366562843322754,4.95
0,0.0002,5.0,1.1407392024993896,4.95
0,0.0002,5.0,1.1447839736938477,4.96
0,0.0002,5.0,1.148777723312378,4.96
0,0.0002,5.0,1.1527540683746338,4.96
0,0.0002,5.0,1.1567606925964355,4.96
0,0.0002,5.0,1.1607623100280762,4.96
0,0.0002,5.0,1.1647660732269287,4.97
0,0.0002,5.0,1.1687357425689697,4.97
0,0.0002,5.0,1.1727681159973145,4.97
0,0.0002,5.0,1.176772117614746,4.97
0,0.0002,5.0,1.1807630062103271,4.95
0,0.0002,5.0,1.1847634315490723,4.96
0,0.0002,5.0,1.1887197494506836,4.98
0,0.0002,5.0,1.1927587985992432,4.98
0,0.0002,5.0,1.1967065334320068,4.97
0,0.0002,5.0,1.2005774974822998,4.97
0,0.0002,5.0,1.204456090927124,4.97
0,0.0002,5.0,1.2084605693817139,4.97
0,0.0002,5.0,1.212482213973999,4.97
0,0.0002,5.0,1.216446876525879,4.98
0,0.0002,5.0,1.2204797267913818,4.97
0,0.0002,5.0,1.22444748878479,4.98
0,0.0002,5.0,1.2285683155059814,4.97
0,0.0002,5.0,1.2325501441955566,4.97
0,0.0002,5.0,1.2366087436676025,4.97
0,0.0002,5.0,1.2406563758850098,4.98
0,0.0002,5.0,1.2446422576904297,4.97
0,0.0002,5.0,1.2486481666564941,4.98
0,0.0002,5.0,1.2526400089263916,4.99
0,0.0002,5.0,1.256746530532837,4.98
0,0.0002,5.0,1.260751724243164,4.97
0,0.0002,5.0,1.2647335529327393,4.98
0,0.0002,5.0,1.2687370777130127,4.98
0,0.0002,5.0,1.2727336883544922,4.97
0,0.0002,5.0,1.2767634391784668,4.99
0,0.0002,5.0,1.2807562351226807,4.98
0,0.0002,5.0,1.2847349643707275,4.98
0,0.0002,5.0,1.2887287139892578,4.98
0,0.0002,5.0,1.292726993560791,4.97
0,0.0002,5.0,1.29671311378479,4.99
0,0.0002,5.0,1.3007428646087646,4.98
0,0.0002,5.0,1.3047349452972412,4.98
0,0.0002,5.0,1.3087332248687744,4.97
0,0.0002,5.0,1.3127586841583252,4.98
0,0.0002,5.0,1.3165969848632812,4.97
0,0.0002,5.0,1.3206369876861572,4.97
0,0.0002,5.0,1.3244960308074951,4.97
0,0.0002,5.0,1.328503131866455,4.98
0,0.0002,5.0,1.3325819969177246,4.96
0,0.0002,5.0,1.3366291522979736,4.96
0,0.0002,5.0,1.340683937072754,4.97
0,0.0002,5.0,1.3446722030639648,4.98
0,0.0002,5.0,1.3486578464508057,4.98
0,0.0002,5.0,1.352785587310791,4.98
0,0.0002,5.0,1.3567852973937988,4.98
0,0.0002,5.0,1.360827922821045,4.97
0,0.0002,5.0,1.3647902011871338,4.97
0,0.0002,5.0,1.3687069416046143,4.99
0,0.0002,5.0,1.3725712299346924,4.96
0,0.0002,5.0,1.3764686584472656,4.98
0,0.0002,5.0,1.3804562091827393,4.98
0,0.0002,5.0,1.38448166847229,4.97
0,0.0002,5.0,1.3884367942810059,4.98
0,0.0002,5.0,1.3924572467803955,4.97
0,0.0002,5.0,1.3966243267059326,4.98
0,0.0002,5.0,1.4006822109222412,4.97
0,0.0002,5.0,1.4047534465789795,4.97
0,0.0002,5.0,1.4086790084838867,4.97
0,0.0002,5.0,1.4124350547790527,4.98
0,0.0002,5.0,1.4165818691253662,4.98
0,0.0002,5.0,1.4205985069274902,4.98
0,0.0002,5.0,1.4245989322662354,4.98
0,0.0002,5.0,1.4284679889678955,4.98
0,0.0002,5.0,1.4324557781219482,4.97
0,0.0002,5.0,1.4365136623382568,4.98
0,0.0002,5.0,1.4406168460845947,4.98
0,0.0002,5.0,1.444624662399292,4.98
0,0.0002,5.0,1.4486243724822998,4.98
0,0.0002,5.0,1.4526164531707764,4.97
0,0.0002,5.0,1.4566118717193604,4.98
0,0.0002,5.0,1.4606223106384277,4.96
0,0.0002,5.0,1.4647338390350342,4.97
0,0.0002,5.0,1.4687423706054688,4.97
0,0.0002,5.0,1.4727411270141602,4.96
0,0.0002,5.0,1.4767355918884277,4.97
0,0.0002,5.0,1.4806716442108154,4.97
0,0.0002,5.0,1.484687328338623,4.97
0,0.0002,5.0,1.4887385368347168,4.97
0,0.0002,5.0,1.4927334785461426,4.97
0,0.0002,5.0,1.4967961311340332,4.97
1,0.0002,7.5,5.0067901611328125e-06,3.79
1,0.0002,7.5,0.007822275161743164,3.77
1,0.0002,7.5,0.011868000030517578,3.75
1,0.0002,7.5,0.015859603881835938,3.7600000000000002
1,0.0002,7.5,0.01984405517578125,3.79
1,0.0002,7.5,0.0238494873046875,3.79
1,0.0002,7.5,0.02786087989807129,3.77
1,0.0002,7.5,0.03178095817565918,3.84
1,0.0002,7.5,0.035828351974487305,3.79
1,0.0002,7.5,0.03984379768371582,3.77
1,0.0002,7.5,0.04384422302246094,3.8200000000000003
1,0.0002,7.5,0.04784226417541504,3.7800000000000002
1,0.0002,7.5,0.0518651008605957,3.8000000000000003
1,0.0002,7.5,0.055872440338134766,3.79
1,0.0002,7.5,0.05986428260803223,3.75
1,0.0002,7.5,0.0638575553894043,3.79
1,0.0002,7.5,0.06774663925170898,3.7800000000000002
1,0.0002,7.5,0.0716249942779541,3.77
1,0.0002,7.5,0.07544565200805664,3.74
1,0.0002,7.5,0.07941293716430664,3.7800000000000002
1,0.0002,7.5,0.08244132995605469,3.8200000000000003
1,0.0002,7.5,0.08653068542480469,3.7600000000000002
1,0.0002,7.5,0.09044504165649414,3.77
1,0.0002,7.5,0.09444022178649902,3.74
1,0.0002,7.5,0.09846854209899902,3.77
1,0.0002,7.5,0.10244464874267578,3.7800000000000002
1,0.0002,7.5,0.10643839836120605,3.73
1,0.0002,7.5,0.11049103736877441,3.75
1,0.0002,7.5,0.11444544792175293,3.77
1,0.0002,7.5,0.11846113204956055,3.75
1,0.0002,7.5,0.12244391441345215,3.73
1,0.0002,7.5,0.12640905380249023,3.7800000000000002
1,0.0002,7.5,0.12946677207946777,3.73
1,0.0002,7.5,0.13338851928710938,3.77
1,0.0002,7.5,0.13637614250183105,3.74
1,0.0002,7.5,0.13936948776245117,3.75
1,0.0002,7.5,0.14239501953125,3.73
1,0.0002,7.5,0.14540505409240723,3.74
1,0.0002,7.5,0.14837360382080078,3.77
1,0.0002,7.5,0.1513681411743164,3.7600000000000002
1,0.0002,7.5,0.1543745994567871,3.71
1,0.0002,7.5,0.15738320350646973,3.77
1,0.0002,7.5,0.16040754318237305,3.7800000000000002
1,0.0002,7.5,0.1644117832183838,3.73
1,0.0002,7.5,0.16839146614074707,3.77
1,0.0002,7.5,0.17138242721557617,3.7600000000000002
1,0.0002,7.5,0.1743602752685547,3.7600000000000002
1,0.0002,7.5,0.17736005783081055,3.7800000000000002
1,0.0002,7.5,0.18036150932312012,3.7800000000000002
1,0.0002,7.5,0.18341660499572754,3.77
1,0.0002,7.5,0.18735599517822266,3.7800000000000002
1,0.0002,7.5,0.19040346145629883,3.7800000000000002
1,0.0002,7.5,0.19440078735351562,3.7600000000000002
1,0.0002,7.5,0.19836044311523438,3.7800000000000002
1,0.0002,7.5,0.2013545036315918,3.8000000000000003
1,0.0002,7.5,0.20435738563537598,3.7600000000000002
1,0.0002,7.5,0.2073521614074707,3.7800000000000002
1,0.0002,7.5,0.21035528182983398,3.79
1,0.0002,7.5,0.2133784294128418,3.74
1,0.0002,7.5,0.21635818481445312,3.7600000000000002
1,0.0002,7.5,0.21935510635375977,3.72
1,0.0002,7.5,0.22235798835754395,3.7600000000000002
1,0.0002,7.5,0.22538542747497559,3.71
1,0.0002,7.5,0.22849202156066895,3.79
1,0.0002,7.5,0.23247075080871582,3.74
1,0.0002,7.5,0.23639225959777832,3.74
1,0.0002,7.5,0.24033832550048828,3.79
1,0.0002,7.5,0.24348211288452148,3.8000000000000003
1,0.0002,7.5,0.247514009475708,3.79
1,0.0002,7.5,0.2514307498931885,3.77
1,0.0002,7.5,0.2553427219390869,3.7600000000000002
1,0.0002,7.5,0.25836825370788574,3.75
1,0.0002,7.5,0.26133298873901367,3.75
1,0.0002,7.5,0.2643270492553711,3.79
1,0.0002,7.5,0.267366886138916,3.8200000000000003
1,0.0002,7.5,0.2703521251678467,3.77
1,0.0002,7.5,0.2734668254852295,3.81
1,0.0002,7.5,0.2774977684020996,3.7800000000000002
1,0.0002,7.5,0.2815062999725342,3.77
1,0.0002,7.5,0.2855091094970703,3.7800000000000002
1,0.0002,7.5,0.28940439224243164,3.73
1,0.0002,7.5,0.29345226287841797,3.7600000000000002
1,0.0002,7.5,0.297440767288208,3.8000000000000003
1,0.0002,7.5,0.30143284797668457,3.73
1,0.0002,7.5,0.30563902854919434,3.73
1,0.0002,7.5,0.3096482753753662,3.75
1,0.0002,7.5,0.3136734962463379,3.73
1,0.0002,7.5,0.31768155097961426,3.7800000000000002
1,0.0002,7.5,0.32175707817077637,3.71
1,0.0002,7.5,0.32581043243408203,3.74
1,0.0002,7.5,0.3298370838165283,3.7600000000000002
1,0.0002,7.5,0.33383870124816895,3.75
1,0.0002,7.5,0.33783507347106934,3.7800000000000002
1,0.0002,7.5,0.3418614864349365,3.73
1,0.0002,7.5,0.3458380699157715,3.75
1,0.0002,7.5,0.34982919692993164,3.73
1,0.0002,7.5,0.35384321212768555,3.75
1,0.0002,7.5,0.3578605651855469,3.7800000000000002
1,0.0002,7.5,0.3616786003112793,3.74
1,0.0002,7.5,0.3656027317047119,3.74
1,0.0002,7.5,0.36960768699645996,3.77
1,0.0002,7.5,0.37369465827941895,3.71
1,0.0002,7.5,0.37772440910339355,3.73
1,0.0002,7.5,0.3817415237426758,3.75
1,0.0002,7.5,0.38586854934692383,3.73
1,0.0002,7.5,0.38988304138183594,3.74
1,0.0002,7.5,0.39385342597961426,3.67
1,0.0002,7.5,0.3978443145751953,3.7600000000000002
1,0.0002,7.5,0.4018681049346924,3.7800000000000002
1,0.0002,7.5,0.40584850311279297,3.72
1,0.0002,7.5,0.40984153747558594,3.7800000000000002
1,0.0002,7.5,0.41384291648864746,3.7800000000000002
1,0.0002,7.5,0.41781163215637207,3.74
1,0.0002,7.5,0.4218289852142334,3.75
1,0.0002,7.5,0.42584896087646484,3.79
1,0.0002,7.5,0.43003344535827637,3.73
1,0.0002,7.5,0.4338562488555908,3.7
1,0.0002,7.5,0.437852144241333,3.7
1,0.0002,7.5,0.4418056011199951,3.73
1,0.0002,7.5,0.44577455520629883,3.73
1,0.0002,7.5,0.4498624801635742,3.73
1,0.0002,7.5,0.4538404941558838,3.7600000000000002
1,0.0002,7.5,0.4577765464782715,3.79
1,0.0002,7.5,0.46166515350341797,3.75
1,0.0002,7.5,0.46556782722473145,3.74
1,0.0002,7.5,0.4694857597351074,3.72
1,0.0002,7.5,0.47357964515686035,3.75
1,0.0002,7.5,0.47763609886169434,3.7800000000000002
1,0.0002,7.5,0.48169898986816406,3.75
1,0.0002,7.5,0.4857146739959717,3.73
1,0.0002,7.5,0.4896972179412842,3.75
1,0.0002,7.5,0.49370551109313965,3.72
1,0.0002,7.5,0.49783945083618164,3.75
1,0.0002,7.5,0.5018594264984131,3.79
1,0.0002,7.5,0.509810209274292,3.89
1,0.0002,7.5,0.5138285160064697,3.97
1,0.0002,7.5,0.5178260803222656,4.08
1,0.0002,7.5,0.5217840671539307,4.14
1,0.0002,7.5,0.5258221626281738,4.2700000000000005
1,0.0002,7.5,0.5298240184783936,4.3
1,0.0002,7.5,0.5338015556335449,4.32
1,0.0002,7.5,0.5378131866455078,4.42
1,0.0002,7.5,0.541801929473877,4.51
1,0.0002,7.5,0.5458216667175293,4.61
1,0.0002,7.5,0.5498151779174805,4.67
1,0.0002,7.5,0.5538253784179688,4.75
1,0.0002,7.5,0.5577230453491211,4.8100000000000005
1,0.0002,7.5,0.5616631507873535,4.83
1,0.0002,7.5,0.5655698776245117,4.9
1,0.0002,7.5,0.5695281028747559,4.92
1,0.0002,7.5,0.5737755298614502,5.0200000000000005
1,0.0002,7.5,0.5776324272155762,5.05
1,0.0002,7.5,0.581716775894165,5.09
1,0.0002,7.5,0.5857341289520264,5.21
1,0.0002,7.5,0.5897579193115234,5.24
1,0.0002,7.5,0.5938704013824463,5.25
1,0.0002,7.5,0.5978679656982422,5.32
1,0.0002,7.5,0.6018266677856445,5.37
1,0.0002,7.5,0.6057944297790527,5.42
1,0.0002,7.5,0.6097667217254639,5.42
1,0.0002,7.5,0.613825798034668,5.47
1,0.0002,7.5,0.6178231239318848,5.53
1,0.0002,7.5,0.6217427253723145,5.5600000000000005
1,0.0002,7.5,0.625823974609375,5.62
1,0.0002,7.5,0.6298098564147949,5.71
1,0.0002,7.5,0.63387131690979,5.75
1,0.0002,7.5,0.6378152370452881,5.8
1,0.0002,7.5,0.641704797744751,5.8500000000000005
1,0.0002,7.5,0.6457161903381348,5.89
1,0.0002,7.5,0.6497049331665039,5.86
1,0.0002,7.5,0.6536507606506348,5.98
1,0.0002,7.5,0.6577532291412354,5.94
1,0.0002,7.5,0.6616823673248291,6.04
1,0.0002,7.5,0.6655542850494385,6.04
1,0.0002,7.5,0.6694910526275635,6.13
1,0.0002,7.5,0.6735713481903076,6.21
1,0.0002,7.5,0.6776378154754639,6.1000000000000005
1,0.0002,7.5,0.6817033290863037,6.16
1,0.0002,7.5,0.6857244968414307,6.21
1,0.0002,7.5,0.6897017955780029,6.29
1,0.0002,7.5,0.6937334537506104,6.26
1,0.0002,7.5,0.697803258895874,6.38
1,0.0002,7.5,0.701693058013916,6.3
1,0.0002,7.5,0.7056460380554199,6.3500000000000005
1,0.0002,7.5,0.7095754146575928,6.2700000000000005
1,0.0002,7.5,0.7136416435241699,6.49
1,0.0002,7.5,0.7177114486694336,6.46
1,0.0002,7.5,0.7216343879699707,6.5
1,0.0002,7.5,0.7256793975830078,6.55
1,0.0002,7.5,0.7296912670135498,6.57
1,0.0002,7.5,0.7337915897369385,6.63
1,0.0002,7.5,0.7376866340637207,6.62
1,0.0002,7.5,0.7418022155761719,6.67
1,0.0002,7.5,0.7458000183105469,6.640000000000001
1,0.0002,7.5,0.7498061656951904,6.68
1,0.0002,7.5,0.7538094520568848,6.7
1,0.0002,7.5,0.7578163146972656,6.68
1,0.0002,7.5,0.761789083480835,6.71
1,0.0002,7.5,0.7655596733093262,6.8500000000000005
1,0.0002,7.5,0.7694840431213379,6.8
1,0.0002,7.5,0.7734959125518799,6.74
1,0.0002,7.5,0.777766227722168,6.7700000000000005
1,0.0002,7.5,0.7817578315734863,6.78
1,0.0002,7.5,0.7856895923614502,6.8500000000000005
1,0.0002,7.5,0.7896926403045654,6.890000000000001
1,0.0002,7.5,0.7935876846313477,6.93
1,0.0002,7.5,0.7974987030029297,6.890000000000001
1,0.0002,7.5,0.8015286922454834,6.87
1,0.0002,7.5,0.8055694103240967,6.88
1,0.0002,7.5,0.8096206188201904,7.0200000000000005
1,0.0002,7.5,0.8136823177337646,6.890000000000001
1,0.0002,7.5,0.8177187442779541,6.87
1,0.0002,7.5,0.8217215538024902,6.91
1,0.0002,7.5,0.8257451057434082,7.05
1,0.0002,7.5,0.8298745155334473,6.86
1,0.0002,7.5,0.8337001800537109,6.99
1,0.0002,7.5,0.8377292156219482,7.0
1,0.0002,7.5,0.841794490814209,7.15
1,0.0002,7.5,0.8458144664764404,7.19
1,0.0002,7.5,0.8498451709747314,7.08
1,0.0002,7.5,0.8538594245910645,7.05
1,0.0002,7.5,0.8578505516052246,7.13
1,0.0002,7.5,0.8618576526641846,7.1000000000000005
1,0.0002,7.5,0.8657262325286865,7.03
1,0.0002,7.5,0.8696019649505615,7.13
1,0.0002,7.5,0.8735597133636475,7.15
1,0.0002,7.5,0.8776164054870605,7.07
1,0.0002,7.5,0.8817086219787598,7.07
1,0.0002,7.5,0.8858845233917236,7.13
1,0.0002,7.5,0.8898429870605469,7.0
1,0.0002,7.5,0.893855094909668,7.17
1,0.0002,7.5,0.8978521823883057,7.21
1,0.0002,7.5,0.9018347263336182,7.21
1,0.0002,7.5,0.905848503112793,7.12
1,0.0002,7.5,0.9097170829772949,7.19
1,0.0002,7.5,0.9135773181915283,7.18
1,0.0002,7.5,0.9173853397369385,7.19
1,0.0002,7.5,0.9213805198669434,7.17
1,0.0002,7.5,0.9254491329193115,7.21
1,0.0002,7.5,0.9294531345367432,7.13
1,0.0002,7.5,0.9335892200469971,7.18
1,0.0002,7.5,0.9375605583190918,7.3500000000000005
1,0.0002,7.5,0.9416084289550781,7.2
1,0.0002,7.5,0.9454963207244873,7.25
1,0.0002,7.5,0.9497148990631104,7.34
1,0.0002,7.5,0.95379638671875,7.29
1,0.0002,7.5,0.9578354358673096,7.3
1,0.0002,7.5,0.9618401527404785,7.32
1,0.0002,7.5,0.96578049659729,7.2700000000000005
1,0.0002,7.5,0.9695768356323242,7.3100000000000005
1,0.0002,7.5,0.9735257625579834,7.3
1,0.0002,7.5,0.9775886535644531,7.2700000000000005
1,0.0002,7.5,0.981797456741333,7.3
1,0.0002,7.5,0.9858279228210449,7.3
1,0.0002,7.5,0.9898037910461426,7.4
1,0.0002,7.5,0.9938335418701172,7.24
1,0.0002,7.5,0.9978265762329102,7.3500000000000005
1,0.0002,7.5,1.0018105506896973,7.37
1,0.0002,7.5,1.0058119297027588,7.34
1,0.0002,7.5,1.0098037719726562,7.3500000000000005
1,0.0002,7.5,1.0138499736785889,7.4
1,0.0002,7.5,1.0178184509277344,7.3
1,0.0002,7.5,1.02158784866333,7.390000000000001
1,0.0002,7.5,1.0257115364074707,7.32
1,0.0002,7.5,1.0297503471374512,7.25
1,0.0002,7.5,1.0337541103363037,7.36
1,0.0002,7.5,1.0378143787384033,7.37
1,0.0002,7.5,1.0418119430541992,7.42
1,0.0002,7.5,1.0458104610443115,7.29
1,0.0002,7.5,1.0497949123382568,7.42
1,0.0002,7.5,1.0538065433502197,7.43
1,0.0002,7.5,1.0578088760375977,7.390000000000001
1,0.0002,7.5,1.0618112087249756,7.42
1,0.0002,7.5,1.0657436847686768,7.41
1,0.0002,7.5,1.0695281028747559,7.44
1,0.0002,7.5,1.073490858078003,7.45
1,0.0002,7.5,1.0775535106658936,7.43
1,0.0002,7.5,1.0816650390625,7.37
1,0.0002,7.5,1.0857899188995361,7.45
1,0.0002,7.5,1.089820384979248,7.43
1,0.0002,7.5,1.093625545501709,7.36
1,0.0002,7.5,1.0976343154907227,7.38
1,0.0002,7.5,1.1017982959747314,7.38
1,0.0002,7.5,1.1058604717254639,7.3500000000000005
1,0.0002,7.5,1.10986328125,7.41
1,0.0002,7.5,1.1138532161712646,7.42
1,0.0002,7.5,1.1178584098815918,7.34
1,0.0002,7.5,1.1218459606170654,7.390000000000001
1,0.0002,7.5,1.1258625984191895,7.5
1,0.0002,7.5,1.1298198699951172,7.42
1,0.0002,7.5,1.1338605880737305,7.51
1,0.0002,7.5,1.1378536224365234,7.42
1,0.0002,7.5,1.1418848037719727,7.45
1,0.0002,7.5,1.1458561420440674,7.5200000000000005
1,0.0002,7.5,1.1498916149139404,7.46
1,0.0002,7.5,1.1538517475128174,7.3100000000000005
1,0.0002,7.5,1.157850980758667,7.42
1,0.0002,7.5,1.161860704421997,7.51
1,0.0002,7.5,1.1657741069793701,7.44
1,0.0002,7.5,1.1695711612701416,7.38
1,0.0002,7.5,1.1735315322875977,7.34
1,0.0002,7.5,1.1776044368743896,7.41
1,0.0002,7.5,1.1818039417266846,7.41
1,0.0002,7.5,1.1857140064239502,7.34
1,0.0002,7.5,1.1896426677703857,7.38
1,0.0002,7.5,1.193582534790039,7.47
1,0.0002,7.5,1.1977999210357666,7.47
1,0.0002,7.5,1.201831579208374,7.43
1,0.0002,7.5,1.2058641910552979,7.5600000000000005
1,0.0002,7.5,1.2098407745361328,7.5
1,0.0002,7.5,1.2138283252716064,7.5
1,0.0002,7.5,1.2178354263305664,7.45
1,0.0002,7.5,1.2218306064605713,7.46
1,0.0002,7.5,1.2258296012878418,7.45
1,0.0002,7.5,1.2298259735107422,7.43
1,0.0002,7.5,1.233872652053833,7.51
1,0.0002,7.5,1.237778902053833,7.57
1,0.0002,7.5,1.2418444156646729,7.6000000000000005
1,0.0002,7.5,1.2458341121673584,7.5
1,0.0002,7.5,1.2498154640197754,7.42
1,0.0002,7.5,1.2538347244262695,7.41
1,0.0002,7.5,1.257835865020752,7.45
1,0.0002,7.5,1.2618341445922852,7.5
1,0.0002,7.5,1.2658379077911377,7.48
1,0.0002,7.5,1.2696425914764404,7.4
1,0.0002,7.5,1.2736175060272217,7.57
1,0.0002,7.5,1.2776281833648682,7.49
1,0.0002,7.5,1.2818598747253418,7.46
1,0.0002,7.5,1.2858912944793701,7.37
1,0.0002,7.5,1.290109395980835,7.43
1,0.0002,7.5,1.2945997714996338,7.54
1,0.0002,7.5,1.2984132766723633,7.42
1,0.0002,7.5,1.3024964332580566,7.46
1,0.0002,7.5,1.306603193283081,7.4
1,0.0002,7.5,1.3106889724731445,7.4
1,0.0002,7.5,1.3147509098052979,7.5600000000000005
1,0.0002,7.5,1.3188621997833252,7.42
1,0.0002,7.5,1.3226664066314697,7.51
1,0.0002,7.5,1.3266174793243408,7.5200000000000005
1,0.0002,7.5,1.3306262493133545,7.51
1,0.0002,7.5,1.3347845077514648,7.54
1,0.0002,7.5,1.3389787673950195,7.59
1,0.0002,7.5,1.3429253101348877,7.51
1,0.0002,7.5,1.3469200134277344,7.41
1,0.0002,7.5,1.3509268760681152,7.44
1,0.0002,7.5,1.3548662662506104,7.5200000000000005
1,0.0002,7.5,1.358879566192627,7.48
1,0.0002,7.5,1.3629095554351807,7.46
1,0.0002,7.5,1.3669013977050781,7.48
1,0.0002,7.5,1.3706448078155518,7.43
1,0.0002,7.5,1.3745532035827637,7.46
1,0.0002,7.5,1.3786499500274658,7.46
1,0.0002,7.5,1.3828513622283936,7.5
1,0.0002,7.5,1.3869218826293945,7.48
1,0.0002,7.5,1.3909263610839844,7.54
1,0.0002,7.5,1.3949153423309326,7.5
1,0.0002,7.5,1.3989176750183105,7.34
1,0.0002,7.5,1.4029006958007812,7.5200000000000005
1,0.0002,7.5,1.4068942070007324,7.46
1,0.0002,7.5,1.4109175205230713,7.45
1,0.0002,7.5,1.4149169921875,7.34
1,0.0002,7.5,1.4188613891601562,7.47
1,0.0002,7.5,1.4227547645568848,7.46
1,0.0002,7.5,1.426647663116455,7.42
1,0.0002,7.5,1.430664300918579,7.61
1,0.0002,7.5,1.434650182723999,7.49
1,0.0002,7.5,1.4386475086212158,7.43
1,0.0002,7.5,1.4427175521850586,7.390000000000001
1,0.0002,7.5,1.4465348720550537,7.43
1,0.0002,7.5,1.4503631591796875,7.57
1,0.0002,7.5,1.4544227123260498,7.55
1,0.0002,7.5,1.4583964347839355,7.48
1,0.0002,7.5,1.4624683856964111,7.5200000000000005
1,0.0002,7.5,1.4665534496307373,7.55
1,0.0002,7.5,1.4704668521881104,7.45
1,0.0002,7.5,1.4745652675628662,7.5200000000000005
1,0.0002,7.5,1.4786303043365479,7.54
1,0.0002,7.5,1.4826486110687256,7.43
1,0.0002,7.5,1.486711025238037,7.44
1,0.0002,7.5,1.4907360076904297,7.53
1,0.0002,7.5,1.4947147369384766,7.46
1,0.0002,7.5,1.4988770484924316,7.45
2,0.0002,10.0,3.0994415283203125e-06,4.93
2,0.0002,10.0,0.007964849472045898,5.0
2,0.0002,10.0,0.011838912963867188,5.04
2,0.0002,10.0,0.01559138298034668,5.0
2,0.0002,10.0,0.019791126251220703,4.99
2,0.0002,10.0,0.02383732795715332,4.97
2,0.0002,10.0,0.02790069580078125,5.09
2,0.0002,10.0,0.0317075252532959,5.0200000000000005
2,0.0002,10.0,0.035515546798706055,5.1000000000000005
2,0.0002,10.0,0.039687395095825195,5.0
2,0.0002,10.0,0.043666839599609375,5.01
2,0.0002,10.0,0.04781913757324219,5.05
2,0.0002,10.0,0.05169343948364258,4.91
2,0.0002,10.0,0.05575966835021973,4.98
2,0.0002,10.0,0.05971360206604004,4.98
2,0.0002,10.0,0.06368064880371094,5.0
2,0.0002,10.0,0.06773900985717773,4.93
2,0.0002,10.0,0.07186675071716309,5.01
2,0.0002,10.0,0.07576274871826172,5.0200000000000005
2,0.0002,10.0,0.07981705665588379,4.95
2,0.0002,10.0,0.08385467529296875,4.93
2,0.0002,10.0,0.08786201477050781,5.01
2,0.0002,10.0,0.0918574333190918,4.98
2,0.0002,10.0,0.09588050842285156,4.93
2,0.0002,10.0,0.09990048408508301,4.96
2,0.0002,10.0,0.1039128303527832,5.0
2,0.0002,10.0,0.10783720016479492,5.08
2,0.0002,10.0,0.11180758476257324,5.0200000000000005
2,0.0002,10.0,0.11554217338562012,5.0
2,0.0002,10.0,0.11945128440856934,5.11
2,0.0002,10.0,0.12376570701599121,5.03
2,0.0002,10.0,0.1277618408203125,5.09
2,0.0002,10.0,0.13185381889343262,4.99
2,0.0002,10.0,0.13573098182678223,5.0600000000000005
2,0.0002,10.0,0.13976192474365234,5.04
2,0.0002,10.0,0.14388680458068848,5.07
2,0.0002,10.0,0.14789128303527832,4.99
2,0.0002,10.0,0.15188336372375488,5.09
2,0.0002,10.0,0.15589642524719238,4.98
2,0.0002,10.0,0.15990662574768066,4.98
2,0.0002,10.0,0.16373062133789062,5.03
2,0.0002,10.0,0.1677401065826416,5.0
2,0.0002,10.0,0.17189240455627441,5.05
2,0.0002,10.0,0.17592430114746094,5.03
2,0.0002,10.0,0.17990565299987793,4.95
2,0.0002,10.0,0.1838829517364502,4.95
2,0.0002,10.0,0.18790149688720703,5.0600000000000005
2,0.0002,10.0,0.1918652057647705,5.09
2,0.0002,10.0,0.19589972496032715,5.01
2,0.0002,10.0,0.19986677169799805,5.01
2,0.0002,10.0,0.20387554168701172,5.04
2,0.0002,10.0,0.2077937126159668,5.03
2,0.0002,10.0,0.21179866790771484,4.99
2,0.0002,10.0,0.21555638313293457,4.93
2,0.0002,10.0,0.2195570468902588,5.01
2,0.0002,10.0,0.22365689277648926,4.98
2,0.0002,10.0,0.22779226303100586,5.01
2,0.0002,10.0,0.23181986808776855,4.94
2,0.0002,10.0,0.2358705997467041,5.03
2,0.0002,10.0,0.23986434936523438,5.01
2,0.0002,10.0,0.24386262893676758,5.01
2,0.0002,10.0,0.24786019325256348,5.0600000000000005
2,0.0002,10.0,0.25187253952026367,5.03
2,0.0002,10.0,0.2558450698852539,4.98
2,0.0002,10.0,0.25986742973327637,4.98
2,0.0002,10.0,0.2638685703277588,4.97
2,0.0002,10.0,0.26787614822387695,5.03
2,0.0002,10.0,0.271864652633667,4.98
2,0.0002,10.0,0.2758674621582031,5.0
2,0.0002,10.0,0.2798118591308594,5.0600000000000005
2,0.0002,10.0,0.28391337394714355,5.04
2,0.0002,10.0,0.2878706455230713,5.04
2,0.0002,10.0,0.291853666305542,5.01
2,0.0002,10.0,0.29586195945739746,4.99
2,0.0002,10.0,0.29985785484313965,5.11
2,0.0002,10.0,0.3038594722747803,5.04
2,0.0002,10.0,0.30788564682006836,4.94
2,0.0002,10.0,0.3117213249206543,4.97
2,0.0002,10.0,0.3155686855316162,4.99
2,0.0002,10.0,0.3195228576660156,5.03
2,0.0002,10.0,0.3235650062561035,5.01
2,0.0002,10.0,0.3278167247772217,4.98
2,0.0002,10.0,0.3318912982940674,4.96
2,0.0002,10.0,0.3358163833618164,5.0
2,0.0002,10.0,0.33986711502075195,4.88
2,0.0002,10.0,0.34389567375183105,4.96
2,0.0002,10.0,0.3478970527648926,5.03
2,0.0002,10.0,0.351895809173584,5.05
2,0.0002,10.0,0.3558938503265381,4.99
2,0.0002,10.0,0.3598911762237549,4.95
2,0.0002,10.0,0.3637387752532959,4.99
2,0.0002,10.0,0.3679063320159912,5.0600000000000005
2,0.0002,10.0,0.37187623977661133,5.0
2,0.0002,10.0,0.3759126663208008,4.89
2,0.0002,10.0,0.3799006938934326,5.04
2,0.0002,10.0,0.3838844299316406,5.0600000000000005
2,0.0002,10.0,0.3878812789916992,5.01
2,0.0002,10.0,0.39187145233154297,5.01
2,0.0002,10.0,0.3958756923675537,4.88
2,0.0002,10.0,0.39986157417297363,4.98
2,0.0002,10.0,0.40386366844177246,5.0
2,0.0002,10.0,0.4078636169433594,5.05
2,0.0002,10.0,0.41181135177612305,5.0600000000000005
2,0.0002,10.0,0.41556406021118164,5.03
2,0.0002,10.0,0.41955018043518066,4.95
2,0.0002,10.0,0.42363548278808594,4.96
2,0.0002,10.0,0.4278247356414795,5.09
2,0.0002,10.0,0.43172216415405273,4.82
2,0.0002,10.0,0.4358704090118408,4.99
2,0.0002,10.0,0.4398765563964844,4.98
2,0.0002,10.0,0.4438755512237549,5.0600000000000005
2,0.0002,10.0,0.447878360748291,4.97
2,0.0002,10.0,0.45186758041381836,4.93
2,0.0002,10.0,0.45586609840393066,4.97
2,0.0002,10.0,0.45986318588256836,5.01
2,0.0002,10.0,0.46370577812194824,5.01
2,0.0002,10.0,0.46785831451416016,5.07
2,0.0002,10.0,0.47186779975891113,4.94
2,0.0002,10.0,0.4759337902069092,4.95
2,0.0002,10.0,0.47984981536865234,5.04
2,0.0002,10.0,0.48381543159484863,5.0200000000000005
2,0.0002,10.0,0.4878556728363037,4.88
2,0.0002,10.0,0.49187326431274414,4.99
2,0.0002,10.0,0.495868444442749,5.03
2,0.0002,10.0,0.49984169006347656,4.95
2,0.0002,10.0,0.5038483142852783,5.08
2,0.0002,10.0,0.5118017196655273,5.24
2,0.0002,10.0,0.5155355930328369,5.26
2,0.0002,10.0,0.5195107460021973,5.46
2,0.0002,10.0,0.5236365795135498,5.49
2,0.0002,10.0,0.5277786254882812,5.7
2,0.0002,10.0,0.5317678451538086,5.69
2,0.0002,10.0,0.5355215072631836,5.78
2,0.0002,10.0,0.5395159721374512,6.0600000000000005
2,0.0002,10.0,0.5435130596160889,6.1000000000000005
2,0.0002,10.0,0.5475738048553467,6.15
2,0.0002,10.0,0.5515553951263428,6.32
2,0.0002,10.0,0.5555930137634277,6.33
2,0.0002,10.0,0.5596737861633301,6.55
2,0.0002,10.0,0.563678503036499,6.49
2,0.0002,10.0,0.5676827430725098,6.66
2,0.0002,10.0,0.5715312957763672,6.69
2,0.0002,10.0,0.575507640838623,6.9
2,0.0002,10.0,0.5794162750244141,6.97
2,0.0002,10.0,0.5833158493041992,7.01
2,0.0002,10.0,0.586256742477417,7.08
2,0.0002,10.0,0.589280366897583,7.2700000000000005
2,0.0002,10.0,0.5922784805297852,7.23
2,0.0002,10.0,0.5952553749084473,7.32
2,0.0002,10.0,0.5982837677001953,7.140000000000001
2,0.0002,10.0,0.601276159286499,7.42
2,0.0002,10.0,0.6042790412902832,7.28
2,0.0002,10.0,0.6072776317596436,7.54
2,0.0002,10.0,0.6102752685546875,7.43
2,0.0002,10.0,0.6132795810699463,7.55
2,0.0002,10.0,0.616279125213623,7.67
2,0.0002,10.0,0.6192760467529297,7.72
2,0.0002,10.0,0.6222846508026123,7.75
2,0.0002,10.0,0.6252803802490234,7.7700000000000005
2,0.0002,10.0,0.6282815933227539,7.74
2,0.0002,10.0,0.6312813758850098,7.87
2,0.0002,10.0,0.6342778205871582,7.94
2,0.0002,10.0,0.6372785568237305,8.06
2,0.0002,10.0,0.6402750015258789,8.05
2,0.0002,10.0,0.6432781219482422,8.08
2,0.0002,10.0,0.6462509632110596,8.15
2,0.0002,10.0,0.6492505073547363,8.28
2,0.0002,10.0,0.6522760391235352,8.32
2,0.0002,10.0,0.6552762985229492,8.22
2,0.0002,10.0,0.6582505702972412,8.38
2,0.0002,10.0,0.6612520217895508,8.370000000000001
2,0.0002,10.0,0.6642541885375977,8.42
2,0.0002,10.0,0.6672534942626953,8.43
2,0.0002,10.0,0.6702694892883301,8.55
2,0.0002,10.0,0.67325758934021,8.64
2,0.0002,10.0,0.6762557029724121,8.56
2,0.0002,10.0,0.6792535781860352,8.6
2,0.0002,10.0,0.6822559833526611,8.620000000000001
2,0.0002,10.0,0.6852550506591797,8.68
2,0.0002,10.0,0.6882526874542236,8.69
2,0.0002,10.0,0.691251277923584,8.76
2,0.0002,10.0,0.6942522525787354,8.75
2,0.0002,10.0,0.697253942489624,8.78
2,0.0002,10.0,0.7002537250518799,8.74
2,0.0002,10.0,0.703272819519043,8.83
2,0.0002,10.0,0.7062580585479736,8.86
2,0.0002,10.0,0.7092580795288086,8.82
2,0.0002,10.0,0.7122790813446045,8.9
2,0.0002,10.0,0.7152650356292725,8.91
2,0.0002,10.0,0.7182645797729492,8.94
2,0.0002,10.0,0.7212808132171631,8.98
2,0.0002,10.0,0.7244677543640137,9.0
2,0.0002,10.0,0.7285008430480957,9.01
2,0.0002,10.0,0.7324910163879395,9.06
2,0.0002,10.0,0.7364976406097412,9.11
2,0.0002,10.0,0.7405660152435303,9.13
2,0.0002,10.0,0.7445659637451172,9.14
2,0.0002,10.0,0.7485454082489014,9.13
2,0.0002,10.0,0.7525467872619629,9.11
2,0.0002,10.0,0.7565269470214844,9.18
2,0.0002,10.0,0.7605748176574707,9.18
2,0.0002,10.0,0.7646269798278809,9.27
2,0.0002,10.0,0.7685742378234863,9.23
2,0.0002,10.0,0.7726969718933105,9.27
2,0.0002,10.0,0.7767281532287598,9.24
2,0.0002,10.0,0.7807595729827881,9.24
2,0.0002,10.0,0.784796953201294,9.26
2,0.0002,10.0,0.7888164520263672,9.31
2,0.0002,10.0,0.792832612991333,9.34
2,0.0002,10.0,0.7967259883880615,9.34
2,0.0002,10.0,0.8007993698120117,9.39
2,0.0002,10.0,0.8046472072601318,9.38
2,0.0002,10.0,0.8084690570831299,9.4
2,0.0002,10.0,0.8124969005584717,9.39
2,0.0002,10.0,0.8164610862731934,9.370000000000001
2,0.0002,10.0,0.8204920291900635,9.42
2,0.0002,10.0,0.8245923519134521,9.42
2,0.0002,10.0,0.8286733627319336,9.450000000000001
2,0.0002,10.0,0.8326754570007324,9.5
2,0.0002,10.0,0.8366973400115967,9.48
2,0.0002,10.0,0.8406867980957031,9.450000000000001
2,0.0002,10.0,0.8448152542114258,9.5
2,0.0002,10.0,0.84881591796875,9.48
2,0.0002,10.0,0.8527407646179199,9.5
2,0.0002,10.0,0.8567383289337158,9.56
2,0.0002,10.0,0.8607678413391113,9.58
2,0.0002,10.0,0.864800214767456,9.53
2,0.0002,10.0,0.8688225746154785,9.58
2,0.0002,10.0,0.8726582527160645,9.64
2,0.0002,10.0,0.8766796588897705,9.59
2,0.0002,10.0,0.8807992935180664,9.64
2,0.0002,10.0,0.8846690654754639,9.64
2,0.0002,10.0,0.888664960861206,9.57
2,0.0002,10.0,0.8928158283233643,9.620000000000001
2,0.0002,10.0,0.8967876434326172,9.66
2,0.0002,10.0,0.9007284641265869,9.63
2,0.0002,10.0,0.9047126770019531,9.61
2,0.0002,10.0,0.9088256359100342,9.61
2,0.0002,10.0,0.9126968383789062,9.74
2,0.0002,10.0,0.9166059494018555,9.66
2,0.0002,10.0,0.9205219745635986,9.67
2,0.0002,10.0,0.924534797668457,9.700000000000001
2,0.0002,10.0,0.9286439418792725,9.67
2,0.0002,10.0,0.9327116012573242,9.72
2,0.0002,10.0,0.9367184638977051,9.700000000000001
2,0.0002,10.0,0.9407036304473877,9.67
2,0.0002,10.0,0.9447152614593506,9.69
2,0.0002,10.0,0.9488420486450195,9.66
2,0.0002,10.0,0.9528481960296631,9.71
2,0.0002,10.0,0.9568381309509277,9.73
2,0.0002,10.0,0.960820198059082,9.71
2,0.0002,10.0,0.9646956920623779,9.67
2,0.0002,10.0,0.9686932563781738,9.72
2,0.0002,10.0,0.9728343486785889,9.66
2,0.0002,10.0,0.9768149852752686,9.73
2,0.0002,10.0,0.9808344841003418,9.75
2,0.0002,10.0,0.9848337173461914,9.71
2,0.0002,10.0,0.9888303279876709,9.74
2,0.0002,10.0,0.9928543567657471,9.67
2,0.0002,10.0,0.9968085289001465,9.75
2,0.0002,10.0,1.000800371170044,9.76
2,0.0002,10.0,1.0048003196716309,9.73
2,0.0002,10.0,1.008805513381958,9.76
2,0.0002,10.0,1.0127692222595215,9.74
2,0.0002,10.0,1.016580581665039,9.76
2,0.0002,10.0,1.0204882621765137,9.82
2,0.0002,10.0,1.024665355682373,9.84
2,0.0002,10.0,1.0287060737609863,9.69
2,0.0002,10.0,1.032684326171875,9.8
2,0.0002,10.0,1.0365033149719238,9.790000000000001
2,0.0002,10.0,1.0404846668243408,9.69
2,0.0002,10.0,1.0445683002471924,9.77
2,0.0002,10.0,1.0486383438110352,9.74
2,0.0002,10.0,1.0526785850524902,9.71
2,0.0002,10.0,1.0567374229431152,9.870000000000001
2,0.0002,10.0,1.0606844425201416,9.82
2,0.0002,10.0,1.064652919769287,9.8
2,0.0002,10.0,1.06882905960083,9.76
2,0.0002,10.0,1.07281494140625,9.82
2,0.0002,10.0,1.0767991542816162,9.85
2,0.0002,10.0,1.080801010131836,9.83
2,0.0002,10.0,1.0847887992858887,9.82
2,0.0002,10.0,1.0888006687164307,9.85
2,0.0002,10.0,1.0928001403808594,9.75
2,0.0002,10.0,1.096872329711914,9.870000000000001
2,0.0002,10.0,1.1008286476135254,9.82
2,0.0002,10.0,1.1048331260681152,9.92
2,0.0002,10.0,1.1088309288024902,9.88
2,0.0002,10.0,1.1128008365631104,9.85
2,0.0002,10.0,1.11659836769104,9.76
2,0.0002,10.0,1.1205296516418457,9.77
2,0.0002,10.0,1.1246631145477295,9.77
2,0.0002,10.0,1.1287872791290283,9.870000000000001
2,0.0002,10.0,1.1328272819519043,9.78
2,0.0002,10.0,1.1368374824523926,9.81
2,0.0002,10.0,1.1408319473266602,9.84
2,0.0002,10.0,1.1448581218719482,9.69
2,0.0002,10.0,1.1488337516784668,9.77
2,0.0002,10.0,1.1528327465057373,9.81
2,0.0002,10.0,1.1568279266357422,9.86
2,0.0002,10.0,1.1608259677886963,9.84
2,0.0002,10.0,1.1646924018859863,9.82
2,0.0002,10.0,1.1688463687896729,9.83
2,0.0002,10.0,1.1727726459503174,9.83
2,0.0002,10.0,1.1766676902770996,9.74
2,0.0002,10.0,1.1807632446289062,9.89
2,0.0002,10.0,1.1848018169403076,9.92
2,0.0002,10.0,1.1888558864593506,9.82
2,0.0002,10.0,1.192833423614502,9.93
2,0.0002,10.0,1.1968379020690918,9.790000000000001
2,0.0002,10.0,1.2008535861968994,9.89
2,0.0002,10.0,1.2048346996307373,9.870000000000001
2,0.0002,10.0,1.2088158130645752,9.870000000000001
2,0.0002,10.0,1.2127659320831299,9.8
2,0.0002,10.0,1.2167768478393555,9.91
2,0.0002,10.0,1.220571756362915,9.88
2,0.0002,10.0,1.2245914936065674,9.91
2,0.0002,10.0,1.2285881042480469,9.82
2,0.0002,10.0,1.2327895164489746,9.9
2,0.0002,10.0,1.236717939376831,9.790000000000001
2,0.0002,10.0,1.2407231330871582,9.84
2,0.0002,10.0,1.2448348999023438,9.84
2,0.0002,10.0,1.2488548755645752,9.85
2,0.0002,10.0,1.2528479099273682,9.8
2,0.0002,10.0,1.256824254989624,9.82
2,0.0002,10.0,1.2608330249786377,9.870000000000001
2,0.0002,10.0,1.2647044658660889,9.81
2,0.0002,10.0,1.2688312530517578,9.89
2,0.0002,10.0,1.2728240489959717,9.93
2,0.0002,10.0,1.2768332958221436,9.88
2,0.0002,10.0,1.280698299407959,9.86
2,0.0002,10.0,1.2847919464111328,9.76
2,0.0002,10.0,1.288832664489746,9.84
2,0.0002,10.0,1.2928409576416016,9.83
2,0.0002,10.0,1.2968435287475586,9.870000000000001
2,0.0002,10.0,1.3007709980010986,9.89
2,0.0002,10.0,1.3048031330108643,9.85
2,0.0002,10.0,1.3086895942687988,9.9
2,0.0002,10.0,1.3127880096435547,9.84
2,0.0002,10.0,1.316788911819458,9.9
2,0.0002,10.0,1.3206322193145752,9.93
2,0.0002,10.0,1.3245084285736084,9.84
2,0.0002,10.0,1.3285868167877197,9.9
2,0.0002,10.0,1.3327977657318115,9.85
2,0.0002,10.0,1.336709976196289,9.86
2,0.0002,10.0,1.3407130241394043,9.86
2,0.0002,10.0,1.344766616821289,9.85
2,0.0002,10.0,1.348836898803711,9.89
2,0.0002,10.0,1.3528342247009277,9.85
2,0.0002,10.0,1.3568425178527832,9.84
2,0.0002,10.0,1.3608384132385254,9.870000000000001
2,0.0002,10.0,1.3646984100341797,9.96
2,0.0002,10.0,1.3686895370483398,9.91
2,0.0002,10.0,1.3728032112121582,9.83
2,0.0002,10.0,1.3768136501312256,9.83
2,0.0002,10.0,1.3808305263519287,9.98
2,0.0002,10.0,1.384831428527832,9.870000000000001
2,0.0002,10.0,1.3888256549835205,9.94
2,0.0002,10.0,1.392834186553955,9.950000000000001
2,0.0002,10.0,1.3968186378479004,9.78
2,0.0002,10.0,1.4008209705352783,9.91
2,0.0002,10.0,1.4048383235931396,9.89
2,0.0002,10.0,1.4088449478149414,9.75
2,0.0002,10.0,1.4128103256225586,9.86
2,0.0002,10.0,1.4167091846466064,9.8
2,0.0002,10.0,1.4206364154815674,9.83
2,0.0002,10.0,1.4245200157165527,9.81
2,0.0002,10.0,1.4285542964935303,9.74
2,0.0002,10.0,1.4326863288879395,9.68
2,0.0002,10.0,1.4368321895599365,9.870000000000001
2,0.0002,10.0,1.4408204555511475,9.86
2,0.0002,10.0,1.444810390472412,9.75
2,0.0002,10.0,1.448836088180542,9.76
2,0.0002,10.0,1.4528264999389648,9.74
2,0.0002,10.0,1.4568440914154053,9.85
2,0.0002,10.0,1.4608421325683594,9.93
2,0.0002,10.0,1.4647042751312256,9.93
2,0.0002,10.0,1.4688401222229004,9.9
2,0.0002,10.0,1.4728665351867676,9.65
2,0.0002,10.0,1.4768505096435547,9.72
2,0.0002,10.0,1.4808368682861328,9.75
2,0.0002,10.0,1.4848387241363525,9.84
2,0.0002,10.0,1.4887685775756836,9.63
2,0.0002,10.0,1.492849349975586,9.83
2,0.0002,10.0,1.4968366622924805,9.84
3,0.00022222222222222223,5.0,2.6226043701171875e-06,2.48
3,0.00022222222222222223,5.0,0.007957935333251953,2.48
3,0.00022222222222222223,5.0,0.011963844299316406,2.49
3,0.00022222222222222223,5.0,0.0159609317779541,2.48
3,0.00022222222222222223,5.0,0.019969701766967773,2.48
3,0.00022222222222222223,5.0,0.02387070655822754,2.48
3,0.00022222222222222223,5.0,0.02796339988708496,2.48
3,0.00022222222222222223,5.0,0.03195667266845703,2.48
3,0.00022222222222222223,5.0,0.03596305847167969,2.49
3,0.00022222222222222223,5.0,0.03988289833068848,2.49
3,0.00022222222222222223,5.0,0.043924808502197266,2.49
3,0.00022222222222222223,5.0,0.04783940315246582,2.48
3,0.00022222222222222223,5.0,0.05188250541687012,2.48
3,0.00022222222222222223,5.0,0.055878639221191406,2.48
3,0.00022222222222222223,5.0,0.05966830253601074,2.49
3,0.00022222222222222223,5.0,0.06363368034362793,2.49
3,0.00022222222222222223,5.0,0.06757068634033203,2.49
3,0.00022222222222222223,5.0,0.0716249942779541,2.48
3,0.00022222222222222223,5.0,0.0758674144744873,2.49
3,0.00022222222222222223,5.0,0.07988858222961426,2.49
3,0.00022222222222222223,5.0,0.08374834060668945,2.5
3,0.00022222222222222223,5.0,0.08789205551147461,2.49
3,0.00022222222222222223,5.0,0.09175491333007812,2.49
3,0.00022222222222222223,5.0,0.09589195251464844,2.49
3,0.00022222222222222223,5.0,0.09975337982177734,2.49
3,0.00022222222222222223,5.0,0.10403633117675781,2.5
3,0.00022222222222222223,5.0,0.10799050331115723,2.5
3,0.00022222222222222223,5.0,0.11186575889587402,2.49
3,0.00022222222222222223,5.0,0.11569476127624512,2.5
3,0.00022222222222222223,5.0,0.11959481239318848,2.49
3,0.00022222222222222223,5.0,0.12364006042480469,2.5
3,0.00022222222222222223,5.0,0.12768769264221191,2.5
3,0.00022222222222222223,5.0,0.1319105625152588,2.49
3,0.00022222222222222223,5.0,0.1356368064880371,2.49
3,0.00022222222222222223,5.0,0.13964414596557617,2.49
3,0.00022222222222222223,5.0,0.1436614990234375,2.49
3,0.00022222222222222223,5.0,0.14766359329223633,2.49
3,0.00022222222222222223,5.0,0.1517045497894287,2.5
3,0.00022222222222222223,5.0,0.15579795837402344,2.49
3,0.00022222222222222223,5.0,0.15965986251831055,2.49
3,0.00022222222222222223,5.0,0.1636202335357666,2.5
3,0.00022222222222222223,5.0,0.1676466464996338,2.5
3,0.00022222222222222223,5.0,0.17168569564819336,2.49
3,0.00022222222222222223,5.0,0.17559075355529785,2.5
3,0.00022222222222222223,5.0,0.17960023880004883,2.5
3,0.00022222222222222223,5.0,0.18361639976501465,2.49
3,0.00022222222222222223,5.0,0.1876811981201172,2.5
3,0.00022222222222222223,5.0,0.1917407512664795,2.49
3,0.00022222222222222223,5.0,0.19580721855163574,2.49
3,0.00022222222222222223,5.0,0.19985508918762207,2.49
3,0.00022222222222222223,5.0,0.20385026931762695,2.5
3,0.00022222222222222223,5.0,0.20768475532531738,2.49
3,0.00022222222222222223,5.0,0.2117021083831787,2.49
3,0.00022222222222222223,5.0,0.21572518348693848,2.49
3,0.00022222222222222223,5.0,0.21973133087158203,2.5
3,0.00022222222222222223,5.0,0.223893404006958,2.49
3,0.00022222222222222223,5.0,0.22788619995117188,2.49
3,0.00022222222222222223,5.0,0.2318720817565918,2.49
3,0.00022222222222222223,5.0,0.23587465286254883,2.5
3,0.00022222222222222223,5.0,0.23988747596740723,2.5
3,0.00022222222222222223,5.0,0.24387788772583008,2.49
3,0.00022222222222222223,5.0,0.24791193008422852,2.49
3,0.00022222222222222223,5.0,0.2518775463104248,2.49
3,0.00022222222222222223,5.0,0.25580716133117676,2.5
3,0.00022222222222222223,5.0,0.2598903179168701,2.49
3,0.00022222222222222223,5.0,0.2638514041900635,2.5
3,0.00022222222222222223,5.0,0.26747632026672363,2.49
3,0.00022222222222222223,5.0,0.27158594131469727,2.5
3,0.00022222222222222223,5.0,0.2756168842315674,2.5
3,0.00022222222222222223,5.0,0.27958154678344727,2.49
3,0.00022222222222222223,5.0,0.28363895416259766,2.49
3,0.00022222222222222223,5.0,0.28771138191223145,2.5
3,0.00022222222222222223,5.0,0.2917490005493164,2.5
3,0.00022222222222222223,5.0,0.29575395584106445,2.5
3,0.00022222222222222223,5.0,0.29975366592407227,2.5
3,0.00022222222222222223,5.0,0.3037557601928711,2.5
3,0.00022222222222222223,5.0,0.3077564239501953,2.49
3,0.00022222222222222223,5.0,0.3119385242462158,2.5100000000000002
3,0.00022222222222222223,5.0,0.315934419631958,2.49
3,0.00022222222222222223,5.0,0.3199286460876465,2.49
3,0.00022222222222222223,5.0,0.3239138126373291,2.5
3,0.00022222222222222223,5.0,0.32785940170288086,2.49
3,0.00022222222222222223,5.0,0.3318350315093994,2.5
3,0.00022222222222222223,5.0,0.3359839916229248,2.5
3,0.00022222222222222223,5.0,0.33995914459228516,2.49
3,0.00022222222222222223,5.0,0.34395813941955566,2.5
3,0.00022222222222222223,5.0,0.34784483909606934,2.49
3,0.00022222222222222223,5.0,0.3518509864807129,2.5
3,0.00022222222222222223,5.0,0.3559753894805908,2.49
3,0.00022222222222222223,5.0,0.359865665435791,2.5
3,0.00022222222222222223,5.0,0.3639249801635742,2.49
3,0.00022222222222222223,5.0,0.3677544593811035,2.49
3,0.00022222222222222223,5.0,0.3716742992401123,2.49
3,0.00022222222222222223,5.0,0.3757185935974121,2.5
3,0.00022222222222222223,5.0,0.37989091873168945,2.49
3,0.00022222222222222223,5.0,0.38371944427490234,2.49
3,0.00022222222222222223,5.0,0.387714147567749,2.49
3,0.00022222222222222223,5.0,0.391726016998291,2.5
3,0.00022222222222222223,5.0,0.3959929943084717,2.5
3,0.00022222222222222223,5.0,0.3998997211456299,2.5
3,0.00022222222222222223,5.0,0.4038982391357422,2.5
3,0.00022222222222222223,5.0,0.4076879024505615,2.49
3,0.00022222222222222223,5.0,0.4118959903717041,2.5
3,0.00022222222222222223,5.0,0.41583895683288574,2.5
3,0.00022222222222222223,5.0,0.41989898681640625,2.49
3,0.00022222222222222223,5.0,0.42390012741088867,2.5
3,0.00022222222222222223,5.0,0.4277346134185791,2.5
3,0.00022222222222222223,5.0,0.43164944648742676,2.5
3,0.00022222222222222223,5.0,0.4357168674468994,2.49
3,0.00022222222222222223,5.0,0.4397292137145996,2.49
3,0.00022222222222222223,5.0,0.44372057914733887,2.5
3,0.00022222222222222223,5.0,0.4477195739746094,2.49
3,0.00022222222222222223,5.0,0.45174145698547363,2.5
3,0.00022222222222222223,5.0,0.4557340145111084,2.49
3,0.00022222222222222223,5.0,0.4597313404083252,2.5
3,0.00022222222222222223,5.0,0.46373486518859863,2.49
3,0.00022222222222222223,5.0,0.46764540672302246,2.49
3,0.00022222222222222223,5.0,0.47158217430114746,2.5
3,0.00022222222222222223,5.0,0.4756910800933838,2.5
3,0.00022222222222222223,5.0,0.47969841957092285,2.5
3,0.00022222222222222223,5.0,0.48372411727905273,2.49
3,0.00022222222222222223,5.0,0.4877328872680664,2.49
3,0.00022222222222222223,5.0,0.49172043800354004,2.49
3,0.00022222222222222223,5.0,0.49574828147888184,2.5
3,0.00022222222222222223,5.0,0.49991464614868164,2.5
3,0.00022222222222222223,5.0,0.5039184093475342,2.5500000000000003
3,0.00022222222222222223,5.0,0.5118980407714844,2.6
3,0.00022222222222222223,5.0,0.5158967971801758,2.67
3,0.00022222222222222223,5.0,0.5199108123779297,2.72
3,0.00022222222222222223,5.0,0.523918628692627,2.7800000000000002
3,0.00022222222222222223,5.0,0.5279026031494141,2.84
3,0.00022222222222222223,5.0,0.5319175720214844,2.89
3,0.00022222222222222223,5.0,0.5358352661132812,2.95
3,0.00022222222222222223,5.0,0.5398879051208496,3.0
3,0.00022222222222222223,5.0,0.5439021587371826,3.0500000000000003
3,0.00022222222222222223,5.0,0.5478711128234863,3.1
3,0.00022222222222222223,5.0,0.5519077777862549,3.15
3,0.00022222222222222223,5.0,0.5559003353118896,3.19
3,0.00022222222222222223,5.0,0.5598201751708984,3.24
3,0.00022222222222222223,5.0,0.5638673305511475,3.29
3,0.00022222222222222223,5.0,0.5676267147064209,3.3200000000000003
3,0.00022222222222222223,5.0,0.5715739727020264,3.38
3,0.00022222222222222223,5.0,0.5756077766418457,3.42
3,0.00022222222222222223,5.0,0.5797226428985596,3.45
3,0.00022222222222222223,5.0,0.5837557315826416,3.48
3,0.00022222222222222223,5.0,0.587756872177124,3.52
3,0.00022222222222222223,5.0,0.591947078704834,3.54
3,0.00022222222222222223,5.0,0.5959346294403076,3.59
3,0.00022222222222222223,5.0,0.5999271869659424,3.62
3,0.00022222222222222223,5.0,0.6039421558380127,3.67
3,0.00022222222222222223,5.0,0.6077334880828857,3.68
3,0.00022222222222222223,5.0,0.6117196083068848,3.7
3,0.00022222222222222223,5.0,0.6159310340881348,3.75
3,0.00022222222222222223,5.0,0.6199367046356201,3.77
3,0.00022222222222222223,5.0,0.6239304542541504,3.7800000000000002
3,0.00022222222222222223,5.0,0.6278376579284668,3.83
3,0.00022222222222222223,5.0,0.631873607635498,3.86
3,0.00022222222222222223,5.0,0.6358969211578369,3.89
3,0.00022222222222222223,5.0,0.6398823261260986,3.91
3,0.00022222222222222223,5.0,0.6439187526702881,3.93
3,0.00022222222222222223,5.0,0.6479272842407227,3.95
3,0.00022222222222222223,5.0,0.6519112586975098,3.99
3,0.00022222222222222223,5.0,0.6558856964111328,4.0
3,0.00022222222222222223,5.0,0.6599304676055908,4.01
3,0.00022222222222222223,5.0,0.6639113426208496,4.05
3,0.00022222222222222223,5.0,0.6677165031433105,4.07
3,0.00022222222222222223,5.0,0.6715929508209229,4.09
3,0.00022222222222222223,5.0,0.6756634712219238,4.1
3,0.00022222222222222223,5.0,0.6798040866851807,4.12
3,0.00022222222222222223,5.0,0.6837408542633057,4.13
3,0.00022222222222222223,5.0,0.6877448558807373,4.17
3,0.00022222222222222223,5.0,0.6917479038238525,4.17
3,0.00022222222222222223,5.0,0.6957402229309082,4.22
3,0.00022222222222222223,5.0,0.6997199058532715,4.21
3,0.00022222222222222223,5.0,0.7038285732269287,4.23
3,0.00022222222222222223,5.0,0.7077386379241943,4.26
3,0.00022222222222222223,5.0,0.7118322849273682,4.2700000000000005
3,0.00022222222222222223,5.0,0.7159140110015869,4.2700000000000005
3,0.00022222222222222223,5.0,0.7199015617370605,4.28
3,0.00022222222222222223,5.0,0.723905086517334,4.32
3,0.00022222222222222223,5.0,0.7278833389282227,4.32
3,0.00022222222222222223,5.0,0.731900691986084,4.34
3,0.00022222222222222223,5.0,0.735903263092041,4.3500000000000005
3,0.00022222222222222223,5.0,0.7397627830505371,4.36
3,0.00022222222222222223,5.0,0.7439265251159668,4.4
3,0.00022222222222222223,5.0,0.7479062080383301,4.39
3,0.00022222222222222223,5.0,0.7519245147705078,4.39
3,0.00022222222222222223,5.0,0.7558343410491943,4.4
3,0.00022222222222222223,5.0,0.7599160671234131,4.44
3,0.00022222222222222223,5.0,0.763916015625,4.43
3,0.00022222222222222223,5.0,0.7678189277648926,4.45
3,0.00022222222222222223,5.0,0.7718460559844971,4.47
3,0.00022222222222222223,5.0,0.7756843566894531,4.46
3,0.00022222222222222223,5.0,0.7796616554260254,4.49
3,0.00022222222222222223,5.0,0.7837231159210205,4.51
3,0.00022222222222222223,5.0,0.7878329753875732,4.51
3,0.00022222222222222223,5.0,0.7919626235961914,4.5200000000000005
3,0.00022222222222222223,5.0,0.7957489490509033,4.5200000000000005
3,0.00022222222222222223,5.0,0.7999002933502197,4.54
3,0.00022222222222222223,5.0,0.8038063049316406,4.5600000000000005
3,0.00022222222222222223,5.0,0.807758092880249,4.53
3,0.00022222222222222223,5.0,0.8119440078735352,4.55
3,0.00022222222222222223,5.0,0.8159468173980713,4.6000000000000005
3,0.00022222222222222223,5.0,0.8199474811553955,4.5600000000000005
3,0.00022222222222222223,5.0,0.8236453533172607,4.59
3,0.00022222222222222223,5.0,0.8276662826538086,4.61
3,0.00022222222222222223,5.0,0.8317475318908691,4.59
3,0.00022222222222222223,5.0,0.8358590602874756,4.61
3,0.00022222222222222223,5.0,0.8396933078765869,4.64
3,0.00022222222222222223,5.0,0.8437004089355469,4.61
3,0.00022222222222222223,5.0,0.8478176593780518,4.64
3,0.00022222222222222223,5.0,0.8518495559692383,4.65
3,0.00022222222222222223,5.0,0.8558332920074463,4.67
3,0.00022222222222222223,5.0,0.8596212863922119,4.67
3,0.00022222222222222223,5.0,0.8636424541473389,4.67
3,0.00022222222222222223,5.0,0.86781907081604,4.66
3,0.00022222222222222223,5.0,0.8715293407440186,4.68
3,0.00022222222222222223,5.0,0.8755483627319336,4.68
3,0.00022222222222222223,5.0,0.8796956539154053,4.69
3,0.00022222222222222223,5.0,0.8838174343109131,4.72
3,0.00022222222222222223,5.0,0.8878414630889893,4.69
3,0.00022222222222222223,5.0,0.8917431831359863,4.74
3,0.00022222222222222223,5.0,0.8957488536834717,4.68
3,0.00022222222222222223,5.0,0.8999106884002686,4.75
3,0.00022222222222222223,5.0,0.9039413928985596,4.73
3,0.00022222222222222223,5.0,0.9077293872833252,4.75
3,0.00022222222222222223,5.0,0.9119234085083008,4.74
3,0.00022222222222222223,5.0,0.9159221649169922,4.72
3,0.00022222222222222223,5.0,0.9199042320251465,4.76
3,0.00022222222222222223,5.0,0.9239139556884766,4.78
3,0.00022222222222222223,5.0,0.9279396533966064,4.74
3,0.00022222222222222223,5.0,0.9319212436676025,4.7700000000000005
3,0.00022222222222222223,5.0,0.9357068538665771,4.78
3,0.00022222222222222223,5.0,0.9398903846740723,4.7700000000000005
3,0.00022222222222222223,5.0,0.9439067840576172,4.8
3,0.00022222222222222223,5.0,0.9478960037231445,4.8100000000000005
3,0.00022222222222222223,5.0,0.9519071578979492,4.8
3,0.00022222222222222223,5.0,0.9558253288269043,4.8
3,0.00022222222222222223,5.0,0.9596683979034424,4.78
3,0.00022222222222222223,5.0,0.9638833999633789,4.78
3,0.00022222222222222223,5.0,0.9678499698638916,4.8
3,0.00022222222222222223,5.0,0.9718410968780518,4.78
3,0.00022222222222222223,5.0,0.9757161140441895,4.8
3,0.00022222222222222223,5.0,0.9797401428222656,4.8100000000000005
3,0.00022222222222222223,5.0,0.9841735363006592,4.8100000000000005
3,0.00022222222222222223,5.0,0.9879539012908936,4.86
3,0.00022222222222222223,5.0,0.9919533729553223,4.83
3,0.00022222222222222223,5.0,0.9959919452667236,4.87
3,0.00022222222222222223,5.0,0.9998831748962402,4.83
3,0.00022222222222222223,5.0,1.0040249824523926,4.86
3,0.00022222222222222223,5.0,1.0078022480010986,4.87
3,0.00022222222222222223,5.0,1.011808156967163,4.8500000000000005
3,0.00022222222222222223,5.0,1.0159709453582764,4.84
3,0.00022222222222222223,5.0,1.0199658870697021,4.82
3,0.00022222222222222223,5.0,1.0239832401275635,4.86
3,0.00022222222222222223,5.0,1.0279722213745117,4.8500000000000005
3,0.00022222222222222223,5.0,1.0319788455963135,4.84
3,0.00022222222222222223,5.0,1.0360047817230225,4.87
3,0.00022222222222222223,5.0,1.0399835109710693,4.88
3,0.00022222222222222223,5.0,1.0439798831939697,4.87
3,0.00022222222222222223,5.0,1.0479106903076172,4.83
3,0.00022222222222222223,5.0,1.0519850254058838,4.8500000000000005
3,0.00022222222222222223,5.0,1.0559303760528564,4.84
3,0.00022222222222222223,5.0,1.059805154800415,4.84
3,0.00022222222222222223,5.0,1.0639679431915283,4.87
3,0.00022222222222222223,5.0,1.0680253505706787,4.9
3,0.00022222222222222223,5.0,1.0716099739074707,4.87
3,0.00022222222222222223,5.0,1.075598955154419,4.9
3,0.00022222222222222223,5.0,1.0798509120941162,4.88
3,0.00022222222222222223,5.0,1.0838229656219482,4.91
3,0.00022222222222222223,5.0,1.0878322124481201,4.87
3,0.00022222222222222223,5.0,1.0918469429016113,4.91
3,0.00022222222222222223,5.0,1.0960147380828857,4.92
3,0.00022222222222222223,5.0,1.1000134944915771,4.92
3,0.00022222222222222223,5.0,1.104001760482788,4.95
3,0.00022222222222222223,5.0,1.1077356338500977,4.94
3,0.00022222222222222223,5.0,1.1120150089263916,4.93
3,0.00022222222222222223,5.0,1.1160001754760742,4.92
3,0.00022222222222222223,5.0,1.1200110912322998,4.92
3,0.00022222222222222223,5.0,1.12398362159729,4.9
3,0.00022222222222222223,5.0,1.128021478652954,4.91
3,0.00022222222222222223,5.0,1.1319727897644043,4.9
3,0.00022222222222222223,5.0,1.135859489440918,4.93
3,0.00022222222222222223,5.0,1.1399118900299072,4.93
3,0.00022222222222222223,5.0,1.1438465118408203,4.94
3,0.00022222222222222223,5.0,1.147883653640747,4.91
3,0.00022222222222222223,5.0,1.1517419815063477,4.9
3,0.00022222222222222223,5.0,1.1557002067565918,4.92
3,0.00022222222222222223,5.0,1.1597163677215576,4.92
3,0.00022222222222222223,5.0,1.163764238357544,4.89
3,0.00022222222222222223,5.0,1.1677320003509521,4.9
3,0.00022222222222222223,5.0,1.171584129333496,4.92
3,0.00022222222222222223,5.0,1.1755821704864502,4.95
3,0.00022222222222222223,5.0,1.1796085834503174,4.93
3,0.00022222222222222223,5.0,1.1837100982666016,4.89
3,0.00022222222222222223,5.0,1.1878490447998047,4.93
3,0.00022222222222222223,5.0,1.191878318786621,4.92
3,0.00022222222222222223,5.0,1.195739984512329,4.95
3,0.00022222222222222223,5.0,1.1997416019439697,4.94
3,0.00022222222222222223,5.0,1.2038962841033936,4.94
3,0.00022222222222222223,5.0,1.2077326774597168,4.96
3,0.00022222222222222223,5.0,1.2117400169372559,4.93
3,0.00022222222222222223,5.0,1.2158737182617188,4.9
3,0.00022222222222222223,5.0,1.219914197921753,4.94
3,0.00022222222222222223,5.0,1.2239174842834473,4.88
3,0.00022222222222222223,5.0,1.227900743484497,4.97
3,0.00022222222222222223,5.0,1.2318856716156006,4.94
3,0.00022222222222222223,5.0,1.2359254360198975,4.96
3,0.00022222222222222223,5.0,1.2398855686187744,4.99
3,0.00022222222222222223,5.0,1.2439208030700684,4.94
3,0.00022222222222222223,5.0,1.2479119300842285,4.94
3,0.00022222222222222223,5.0,1.2519147396087646,4.98
3,0.00022222222222222223,5.0,1.2559337615966797,4.95
3,0.00022222222222222223,5.0,1.259913682937622,4.97
3,0.00022222222222222223,5.0,1.263904094696045,4.98
3,0.00022222222222222223,5.0,1.267911434173584,4.93
3,0.00022222222222222223,5.0,1.271723747253418,4.97
3,0.00022222222222222223,5.0,1.2753968238830566,5.01
3,0.00022222222222222223,5.0,1.279576063156128,4.96
3,0.00022222222222222223,5.0,1.2836723327636719,5.0
3,0.00022222222222222223,5.0,1.2878913879394531,4.97
3,0.00022222222222222223,5.0,1.2918710708618164,4.96
3,0.00022222222222222223,5.0,1.2959213256835938,4.97
3,0.00022222222222222223,5.0,1.2998943328857422,4.98
3,0.00022222222222222223,5.0,1.3037307262420654,4.96
3,0.00022222222222222223,5.0,1.3078558444976807,5.0
3,0.00022222222222222223,5.0,1.3118669986724854,4.98
3,0.00022222222222222223,5.0,1.3158819675445557,4.95
3,0.00022222222222222223,5.0,1.3198938369750977,4.98
3,0.00022222222222222223,5.0,1.3238756656646729,5.0
3,0.00022222222222222223,5.0,1.3278694152832031,4.94
3,0.00022222222222222223,5.0,1.3318610191345215,4.99
3,0.00022222222222222223,5.0,1.3359215259552002,4.97
3,0.00022222222222222223,5.0,1.339719533920288,5.0
3,0.00022222222222222223,5.0,1.3438608646392822,4.97
3,0.00022222222222222223,5.0,1.3478901386260986,5.0
3,0.00022222222222222223,5.0,1.3518683910369873,4.94
3,0.00022222222222222223,5.0,1.355830430984497,5.0
3,0.00022222222222222223,5.0,1.359853982925415,4.97
3,0.00022222222222222223,5.0,1.3639023303985596,5.0
3,0.00022222222222222223,5.0,1.3679492473602295,4.94
3,0.00022222222222222223,5.0,1.3717081546783447,5.0
3,0.00022222222222222223,5.0,1.3753368854522705,4.94
3,0.00022222222222222223,5.0,1.3786592483520508,4.94
3,0.00022222222222222223,5.0,1.3827519416809082,4.98
3,0.00022222222222222223,5.0,1.3867247104644775,4.98
3,0.00022222222222222223,5.0,1.3907206058502197,4.96
3,0.00022222222222222223,5.0,1.3947117328643799,4.97
3,0.00022222222222222223,5.0,1.3987305164337158,4.98
3,0.00022222222222222223,5.0,1.4027297496795654,4.98
3,0.00022222222222222223,5.0,1.4067397117614746,4.97
3,0.00022222222222222223,5.0,1.410733938217163,4.98
3,0.00022222222222222223,5.0,1.4149196147918701,4.97
3,0.00022222222222222223,5.0,1.4188928604125977,4.98
3,0.00022222222222222223,5.0,1.4228692054748535,4.95
3,0.00022222222222222223,5.0,1.426893949508667,4.97
3,0.00022222222222222223,5.0,1.430894374847412,4.96
3,0.00022222222222222223,5.0,1.4348955154418945,4.97
3,0.00022222222222222223,5.0,1.438870906829834,5.03
3,0.00022222222222222223,5.0,1.4428744316101074,4.96
3,0.00022222222222222223,5.0,1.446864366531372,5.0
3,0.00022222222222222223,5.0,1.450878620147705,4.99
3,0.00022222222222222223,5.0,1.454911470413208,4.98
3,0.00022222222222222223,5.0,1.4588704109191895,4.96
3,0.00022222222222222223,5.0,1.462871789932251,4.98
3,0.00022222222222222223,5.0,1.466869592666626,4.95
3,0.00022222222222222223,5.0,1.4706759452819824,4.98
3,0.00022222222222222223,5.0,1.4745895862579346,4.93
3,0.00022222222222222223,5.0,1.4785165786743164,4.97
3,0.00022222222222222223,5.0,1.4825751781463623,4.94
3,0.00022222222222222223,5.0,1.4867603778839111,4.99
3,0.00022222222222222223,5.0,1.4906024932861328,4.96
3,0.00022222222222222223,5.0,1.4946987628936768,5.0
3,0.00022222222222222223,5.0,1.4988765716552734,5.0
4,0.00022222222222222223,7.5,3.0994415283203125e-06,3.68
4,0.00022222222222222223,7.5,0.007782936096191406,3.5100000000000002
4,0.00022222222222222223,7.5,0.011655092239379883,3.68
4,0.00022222222222222223,7.5,0.015430688858032227,3.7
4,0.00022222222222222223,7.5,0.019464969635009766,3.69
4,0.00022222222222222223,7.5,0.02347397804260254,3.63
4,0.00022222222222222223,7.5,0.02754974365234375,3.72
4,0.00022222222222222223,7.5,0.03168988227844238,3.65
4,0.00022222222222222223,7.5,0.035697221755981445,3.62
4,0.00022222222222222223,7.5,0.03979182243347168,3.5700000000000003
4,0.00022222222222222223,7.5,0.043706417083740234,3.71
4,0.00022222222222222223,7.5,0.04755544662475586,3.71
4,0.00022222222222222223,7.5,0.051772117614746094,3.72
4,0.00022222222222222223,7.5,0.055722713470458984,3.7
4,0.00022222222222222223,7.5,0.059721946716308594,3.59
4,0.00022222222222222223,7.5,0.06372928619384766,3.67
4,0.00022222222222222223,7.5,0.06777596473693848,3.6
4,0.00022222222222222223,7.5,0.07172274589538574,3.69
4,0.00022222222222222223,7.5,0.07571101188659668,3.7
4,0.00022222222222222223,7.5,0.07980775833129883,3.71
4,0.00022222222222222223,7.5,0.08371329307556152,3.71
4,0.00022222222222222223,7.5,0.0878000259399414,3.68
4,0.00022222222222222223,7.5,0.0917198657989502,3.71
4,0.00022222222222222223,7.5,0.09579181671142578,3.66
4,0.00022222222222222223,7.5,0.09978437423706055,3.66
4,0.00022222222222222223,7.5,0.10381627082824707,3.64
4,0.00022222222222222223,7.5,0.10782003402709961,3.73
4,0.00022222222222222223,7.5,0.11181950569152832,3.73
4,0.00022222222222222223,7.5,0.1155703067779541,3.73
4,0.00022222222222222223,7.5,0.11946702003479004,3.7
4,0.00022222222222222223,7.5,0.12353706359863281,3.67
4,0.00022222222222222223,7.5,0.12779474258422852,3.7600000000000002
4,0.00022222222222222223,7.5,0.13185381889343262,3.71
4,0.00022222222222222223,7.5,0.1356675624847412,3.74
4,0.00022222222222222223,7.5,0.13964486122131348,3.73
4,0.00022222222222222223,7.5,0.1438143253326416,3.7
4,0.00022222222222222223,7.5,0.14782190322875977,3.73
4,0.00022222222222222223,7.5,0.15181446075439453,3.72
4,0.00022222222222222223,7.5,0.15581583976745605,3.71
4,0.00022222222222222223,7.5,0.15981149673461914,3.7800000000000002
4,0.00022222222222222223,7.5,0.16382431983947754,3.7
4,0.00022222222222222223,7.5,0.16782379150390625,3.7600000000000002
4,0.00022222222222222223,7.5,0.1717219352722168,3.71
4,0.00022222222222222223,7.5,0.1757946014404297,3.67
4,0.00022222222222222223,7.5,0.17958903312683105,3.72
4,0.00022222222222222223,7.5,0.18338584899902344,3.75
4,0.00022222222222222223,7.5,0.18730640411376953,3.73
4,0.00022222222222222223,7.5,0.1912837028503418,3.7800000000000002
4,0.00022222222222222223,7.5,0.1955432891845703,3.75
4,0.00022222222222222223,7.5,0.19945693016052246,3.7600000000000002
4,0.00022222222222222223,7.5,0.20340871810913086,3.72
4,0.00022222222222222223,7.5,0.20760750770568848,3.72
4,0.00022222222222222223,7.5,0.21163177490234375,3.75
4,0.00022222222222222223,7.5,0.21555376052856445,3.75
4,0.00022222222222222223,7.5,0.21942853927612305,3.69
4,0.00022222222222222223,7.5,0.22360992431640625,3.77
4,0.00022222222222222223,7.5,0.22768545150756836,3.7
4,0.00022222222222222223,7.5,0.2317204475402832,3.84
4,0.00022222222222222223,7.5,0.23557662963867188,3.73
4,0.00022222222222222223,7.5,0.23950719833374023,3.7600000000000002
4,0.00022222222222222223,7.5,0.2435910701751709,3.7600000000000002
4,0.00022222222222222223,7.5,0.2476806640625,3.72
4,0.00022222222222222223,7.5,0.25171613693237305,3.74
4,0.00022222222222222223,7.5,0.2557222843170166,3.75
4,0.00022222222222222223,7.5,0.2597029209136963,3.7800000000000002
4,0.00022222222222222223,7.5,0.26372742652893066,3.66
4,0.00022222222222222223,7.5,0.267716646194458,3.66
4,0.00022222222222222223,7.5,0.2717134952545166,3.7
4,0.00022222222222222223,7.5,0.2757277488708496,3.7600000000000002
4,0.00022222222222222223,7.5,0.2797832489013672,3.73
4,0.00022222222222222223,7.5,0.28379321098327637,3.72
4,0.00022222222222222223,7.5,0.2876908779144287,3.7800000000000002
4,0.00022222222222222223,7.5,0.2915046215057373,3.75
4,0.00022222222222222223,7.5,0.2955443859100342,3.68
4,0.00022222222222222223,7.5,0.29970860481262207,3.8000000000000003
4,0.00022222222222222223,7.5,0.3037278652191162,3.67
4,0.00022222222222222223,7.5,0.3077876567840576,3.77
4,0.00022222222222222223,7.5,0.31180500984191895,3.69
4,0.00022222222222222223,7.5,0.31561279296875,3.77
4,0.00022222222222222223,7.5,0.31947994232177734,3.75
4,0.00022222222222222223,7.5,0.32344675064086914,3.69
4,0.00022222222222222223,7.5,0.3275315761566162,3.74
4,0.00022222222222222223,7.5,0.33161306381225586,3.7800000000000002
4,0.00022222222222222223,7.5,0.3356466293334961,3.77
4,0.00022222222222222223,7.5,0.33963871002197266,3.7600000000000002
4,0.00022222222222222223,7.5,0.34363508224487305,3.7600000000000002
4,0.00022222222222222223,7.5,0.3477933406829834,3.71
4,0.00022222222222222223,7.5,0.3515307903289795,3.71
4,0.00022222222222222223,7.5,0.3553900718688965,3.75
4,0.00022222222222222223,7.5,0.3594093322753906,3.71
4,0.00022222222222222223,7.5,0.3634459972381592,3.79
4,0.00022222222222222223,7.5,0.3676304817199707,3.66
4,0.00022222222222222223,7.5,0.3717160224914551,3.75
4,0.00022222222222222223,7.5,0.37563395500183105,3.72
4,0.00022222222222222223,7.5,0.37943315505981445,3.79
4,0.00022222222222222223,7.5,0.38339996337890625,3.73
4,0.00022222222222222223,7.5,0.3876025676727295,3.75
4,0.00022222222222222223,7.5,0.3916335105895996,3.79
4,0.00022222222222222223,7.5,0.3955509662628174,3.73
4,0.00022222222222222223,7.5,0.3996098041534424,3.65
4,0.00022222222222222223,7.5,0.40369296073913574,3.74
4,0.00022222222222222223,7.5,0.4077150821685791,3.69
4,0.00022222222222222223,7.5,0.41171884536743164,3.7
4,0.00022222222222222223,7.5,0.4156484603881836,3.7600000000000002
4,0.00022222222222222223,7.5,0.41947388648986816,3.7600000000000002
4,0.00022222222222222223,7.5,0.42344236373901367,3.7600000000000002
4,0.00022222222222222223,7.5,0.42750120162963867,3.79
4,0.00022222222222222223,7.5,0.4316978454589844,3.79
4,0.00022222222222222223,7.5,0.4357268810272217,3.7600000000000002
4,0.00022222222222222223,7.5,0.4397759437561035,3.79
4,0.00022222222222222223,7.5,0.44379496574401855,3.73
4,0.00022222222222222223,7.5,0.44756460189819336,3.7600000000000002
4,0.00022222222222222223,7.5,0.4515693187713623,3.7600000000000002
4,0.00022222222222222223,7.5,0.45572423934936523,3.74
4,0.00022222222222222223,7.5,0.459796667098999,3.77
4,0.00022222222222222223,7.5,0.463794469833374,3.73
4,0.00022222222222222223,7.5,0.46779322624206543,3.68
4,0.00022222222222222223,7.5,0.47179532051086426,3.74
4,0.00022222222222222223,7.5,0.47580552101135254,3.77
4,0.00022222222222222223,7.5,0.47979259490966797,3.74
4,0.00022222222222222223,7.5,0.4837775230407715,3.77
4,0.00022222222222222223,7.5,0.48778367042541504,3.73
4,0.00022222222222222223,7.5,0.4917891025543213,3.7
4,0.00022222222222222223,7.5,0.4958069324493408,3.75
4,0.00022222222222222223,7.5,0.4997982978820801,3.73
4,0.00022222222222222223,7.5,0.5030274391174316,3.84
4,0.00022222222222222223,7.5,0.5107882022857666,3.86
4,0.00022222222222222223,7.5,0.5147178173065186,3.99
4,0.00022222222222222223,7.5,0.5185153484344482,4.1
4,0.00022222222222222223,7.5,0.5224447250366211,4.12
4,0.00022222222222222223,7.5,0.5264663696289062,4.25
4,0.00022222222222222223,7.5,0.530531644821167,4.36
4,0.00022222222222222223,7.5,0.5345935821533203,4.42
4,0.00022222222222222223,7.5,0.5385947227478027,4.5200000000000005
4,0.00022222222222222223,7.5,0.5426125526428223,4.59
4,0.00022222222222222223,7.5,0.5465793609619141,4.62
4,0.00022222222222222223,7.5,0.5505852699279785,4.68
4,0.00022222222222222223,7.5,0.5546064376831055,4.75
4,0.00022222222222222223,7.5,0.5585944652557373,4.84
4,0.00022222222222222223,7.5,0.5626013278961182,4.89
4,0.00022222222222222223,7.5,0.5666999816894531,4.96
4,0.00022222222222222223,7.5,0.5707166194915771,5.0600000000000005
4,0.00022222222222222223,7.5,0.5747222900390625,5.1000000000000005
4,0.00022222222222222223,7.5,0.5787777900695801,5.24
4,0.00022222222222222223,7.5,0.5826818943023682,5.2
4,0.00022222222222222223,7.5,0.586702823638916,5.28
4,0.00022222222222222223,7.5,0.5907013416290283,5.4
4,0.00022222222222222223,7.5,0.5946779251098633,5.49
4,0.00022222222222222223,7.5,0.5985782146453857,5.59
4,0.00022222222222222223,7.5,0.60280442237854,5.46
4,0.00022222222222222223,7.5,0.6067872047424316,5.57
4,0.00022222222222222223,7.5,0.6107747554779053,5.63
4,0.00022222222222222223,7.5,0.6147115230560303,5.74
4,0.00022222222222222223,7.5,0.6185092926025391,5.73
4,0.00022222222222222223,7.5,0.6224255561828613,5.78
4,0.00022222222222222223,7.5,0.6264359951019287,5.78
4,0.00022222222222222223,7.5,0.6306431293487549,5.91
4,0.00022222222222222223,7.5,0.6347730159759521,5.95
4,0.00022222222222222223,7.5,0.6386091709136963,5.99
4,0.00022222222222222223,7.5,0.642629861831665,6.09
4,0.00022222222222222223,7.5,0.6466355323791504,6.07
4,0.00022222222222222223,7.5,0.6508054733276367,6.09
4,0.00022222222222222223,7.5,0.6547915935516357,6.08
4,0.00022222222222222223,7.5,0.6587975025177002,6.2
4,0.00022222222222222223,7.5,0.6628012657165527,6.04
4,0.00022222222222222223,7.5,0.6667995452880859,6.32
4,0.00022222222222222223,7.5,0.6707942485809326,6.24
4,0.00022222222222222223,7.5,0.6748006343841553,6.44
4,0.00022222222222222223,7.5,0.6788063049316406,6.36
4,0.00022222222222222223,7.5,0.6828091144561768,6.5
4,0.00022222222222222223,7.5,0.686774492263794,6.48
4,0.00022222222222222223,7.5,0.6907267570495605,6.45
4,0.00022222222222222223,7.5,0.6946861743927002,6.37
4,0.00022222222222222223,7.5,0.6987318992614746,6.49
4,0.00022222222222222223,7.5,0.7027273178100586,6.5200000000000005
4,0.00022222222222222223,7.5,0.7067158222198486,6.58
4,0.00022222222222222223,7.5,0.7106130123138428,6.640000000000001
4,0.00022222222222222223,7.5,0.7146134376525879,6.74
4,0.00022222222222222223,7.5,0.718517541885376,6.65
4,0.00022222222222222223,7.5,0.7225699424743652,6.68
4,0.00022222222222222223,7.5,0.726586103439331,6.79
4,0.00022222222222222223,7.5,0.7306966781616211,6.79
4,0.00022222222222222223,7.5,0.7347157001495361,6.8500000000000005
4,0.00022222222222222223,7.5,0.7385962009429932,6.8100000000000005
4,0.00022222222222222223,7.5,0.7426021099090576,6.8
4,0.00022222222222222223,7.5,0.7465894222259521,6.890000000000001
4,0.00022222222222222223,7.5,0.7506000995635986,7.0200000000000005
4,0.00022222222222222223,7.5,0.7547202110290527,6.99
4,0.00022222222222222223,7.5,0.7587301731109619,6.88
4,0.00022222222222222223,7.5,0.7627279758453369,6.890000000000001
4,0.00022222222222222223,7.5,0.7667019367218018,7.0
4,0.00022222222222222223,7.5,0.7706820964813232,6.9
4,0.00022222222222222223,7.5,0.7746059894561768,6.890000000000001
4,0.00022222222222222223,7.5,0.7786056995391846,6.99
4,0.00022222222222222223,7.5,0.7825560569763184,7.0
4,0.00022222222222222223,7.5,0.7865464687347412,7.01
4,0.00022222222222222223,7.5,0.7905561923980713,7.01
4,0.00022222222222222223,7.5,0.7945713996887207,7.03
4,0.00022222222222222223,7.5,0.7985708713531494,7.0600000000000005
4,0.00022222222222222223,7.5,0.802556037902832,7.1000000000000005
4,0.00022222222222222223,7.5,0.8067843914031982,7.05
4,0.00022222222222222223,7.5,0.8107302188873291,7.13
4,0.00022222222222222223,7.5,0.8146429061889648,7.0600000000000005
4,0.00022222222222222223,7.5,0.8184428215026855,7.140000000000001
4,0.00022222222222222223,7.5,0.8223879337310791,7.21
4,0.00022222222222222223,7.5,0.8264296054840088,7.15
4,0.00022222222222222223,7.5,0.8306481838226318,7.18
4,0.00022222222222222223,7.5,0.8345794677734375,7.19
4,0.00022222222222222223,7.5,0.8385665416717529,7.1000000000000005
4,0.00022222222222222223,7.5,0.8425796031951904,7.24
4,0.00022222222222222223,7.5,0.8467161655426025,7.13
4,0.00022222222222222223,7.5,0.8507096767425537,7.0600000000000005
4,0.00022222222222222223,7.5,0.8546853065490723,7.11
4,0.00022222222222222223,7.5,0.8587117195129395,7.3
4,0.00022222222222222223,7.5,0.8626816272735596,7.36
4,0.00022222222222222223,7.5,0.8668069839477539,7.23
4,0.00022222222222222223,7.5,0.8707165718078613,7.38
4,0.00022222222222222223,7.5,0.8747963905334473,7.11
4,0.00022222222222222223,7.5,0.8787744045257568,7.13
4,0.00022222222222222223,7.5,0.8827879428863525,7.34
4,0.00022222222222222223,7.5,0.8866746425628662,7.11
4,0.00022222222222222223,7.5,0.8907227516174316,7.2700000000000005
4,0.00022222222222222223,7.5,0.8946685791015625,7.23
4,0.00022222222222222223,7.5,0.8987233638763428,7.12
4,0.00022222222222222223,7.5,0.9026200771331787,7.22
4,0.00022222222222222223,7.5,0.9067094326019287,7.25
4,0.00022222222222222223,7.5,0.9107728004455566,7.3
4,0.00022222222222222223,7.5,0.9147908687591553,7.29
4,0.00022222222222222223,7.5,0.9185335636138916,7.44
4,0.00022222222222222223,7.5,0.9224345684051514,7.33
4,0.00022222222222222223,7.5,0.926476240158081,7.38
4,0.00022222222222222223,7.5,0.9307258129119873,7.33
4,0.00022222222222222223,7.5,0.93473219871521,7.4
4,0.00022222222222222223,7.5,0.9387087821960449,7.28
4,0.00022222222222222223,7.5,0.9427840709686279,7.36
4,0.00022222222222222223,7.5,0.9467811584472656,7.38
4,0.00022222222222222223,7.5,0.9507839679718018,7.45
4,0.00022222222222222223,7.5,0.9547617435455322,7.33
4,0.00022222222222222223,7.5,0.9587733745574951,7.390000000000001
4,0.00022222222222222223,7.5,0.9627716541290283,7.3
4,0.00022222222222222223,7.5,0.966780424118042,7.32
4,0.00022222222222222223,7.5,0.9707207679748535,7.33
4,0.00022222222222222223,7.5,0.9747738838195801,7.41
4,0.00022222222222222223,7.5,0.9787681102752686,7.38
4,0.00022222222222222223,7.5,0.9826765060424805,7.3
4,0.00022222222222222223,7.5,0.9866883754730225,7.37
4,0.00022222222222222223,7.5,0.9907286167144775,7.3500000000000005
4,0.00022222222222222223,7.5,0.9946877956390381,7.37
4,0.00022222222222222223,7.5,0.9985597133636475,7.41
4,0.00022222222222222223,7.5,1.0027778148651123,7.4
4,0.00022222222222222223,7.5,1.0067098140716553,7.3500000000000005
4,0.00022222222222222223,7.5,1.0107169151306152,7.34
4,0.00022222222222222223,7.5,1.0146710872650146,7.38
4,0.00022222222222222223,7.5,1.0184497833251953,7.37
4,0.00022222222222222223,7.5,1.0224499702453613,7.5
4,0.00022222222222222223,7.5,1.0264379978179932,7.3500000000000005
4,0.00022222222222222223,7.5,1.030503273010254,7.38
4,0.00022222222222222223,7.5,1.034454584121704,7.3500000000000005
4,0.00022222222222222223,7.5,1.038341760635376,7.46
4,0.00022222222222222223,7.5,1.0423662662506104,7.3100000000000005
4,0.00022222222222222223,7.5,1.0463647842407227,7.5
4,0.00022222222222222223,7.5,1.0503523349761963,7.37
4,0.00022222222222222223,7.5,1.0544912815093994,7.45
4,0.00022222222222222223,7.5,1.0585367679595947,7.3100000000000005
4,0.00022222222222222223,7.5,1.0625736713409424,7.41
4,0.00022222222222222223,7.5,1.0666580200195312,7.41
4,0.00022222222222222223,7.5,1.070624828338623,7.390000000000001
4,0.00022222222222222223,7.5,1.074634313583374,7.58
4,0.00022222222222222223,7.5,1.0785276889801025,7.49
4,0.00022222222222222223,7.5,1.0826432704925537,7.51
4,0.00022222222222222223,7.5,1.086538553237915,7.54
4,0.00022222222222222223,7.5,1.0906670093536377,7.6000000000000005
4,0.00022222222222222223,7.5,1.094533920288086,7.47
4,0.00022222222222222223,7.5,1.098515272140503,7.46
4,0.00022222222222222223,7.5,1.1025407314300537,7.38
4,0.00022222222222222223,7.5,1.10648512840271,7.53
4,0.00022222222222222223,7.5,1.110685110092163,7.41
4,0.00022222222222222223,7.5,1.1147067546844482,7.4
4,0.00022222222222222223,7.5,1.1184771060943604,7.54
4,0.00022222222222222223,7.5,1.1223912239074707,7.29
4,0.00022222222222222223,7.5,1.1264147758483887,7.53
4,0.00022222222222222223,7.5,1.130638837814331,7.41
4,0.00022222222222222223,7.5,1.134704351425171,7.4
4,0.00022222222222222223,7.5,1.1387040615081787,7.5200000000000005
4,0.00022222222222222223,7.5,1.1427075862884521,7.43
4,0.00022222222222222223,7.5,1.1465463638305664,7.38
4,0.00022222222222222223,7.5,1.1507081985473633,7.48
4,0.00022222222222222223,7.5,1.154710054397583,7.5
4,0.00022222222222222223,7.5,1.1586179733276367,7.49
4,0.00022222222222222223,7.5,1.1627066135406494,7.4
4,0.00022222222222222223,7.5,1.1667101383209229,7.34
4,0.00022222222222222223,7.5,1.170722246170044,7.29
4,0.00022222222222222223,7.5,1.1747736930847168,7.36
4,0.00022222222222222223,7.5,1.1786625385284424,7.53
4,0.00022222222222222223,7.5,1.1824538707733154,7.63
4,0.00022222222222222223,7.5,1.1865789890289307,7.47
4,0.00022222222222222223,7.5,1.1906371116638184,7.51
4,0.00022222222222222223,7.5,1.1945855617523193,7.44
4,0.00022222222222222223,7.5,1.1986653804779053,7.45
4,0.00022222222222222223,7.5,1.2024891376495361,7.49
4,0.00022222222222222223,7.5,1.206568956375122,7.390000000000001
4,0.00022222222222222223,7.5,1.2106547355651855,7.6000000000000005
4,0.00022222222222222223,7.5,1.2147066593170166,7.45
4,0.00022222222222222223,7.5,1.218597412109375,7.48
4,0.00022222222222222223,7.5,1.2224199771881104,7.47
4,0.00022222222222222223,7.5,1.2264127731323242,7.49
4,0.00022222222222222223,7.5,1.230642557144165,7.49
4,0.00022222222222222223,7.5,1.2347078323364258,7.41
4,0.00022222222222222223,7.5,1.238590955734253,7.37
4,0.00022222222222222223,7.5,1.2426037788391113,7.53
4,0.00022222222222222223,7.5,1.2466957569122314,7.58
4,0.00022222222222222223,7.5,1.250718116760254,7.57
4,0.00022222222222222223,7.5,1.2547197341918945,7.48
4,0.00022222222222222223,7.5,1.258690357208252,7.51
4,0.00022222222222222223,7.5,1.2626917362213135,7.5
4,0.00022222222222222223,7.5,1.2666864395141602,7.51
4,0.00022222222222222223,7.5,1.2706587314605713,7.4
4,0.00022222222222222223,7.5,1.2747104167938232,7.51
4,0.00022222222222222223,7.5,1.2787210941314697,7.51
4,0.00022222222222222223,7.5,1.2826895713806152,7.53
4,0.00022222222222222223,7.5,1.2866451740264893,7.47
4,0.00022222222222222223,7.5,1.2906877994537354,7.49
4,0.00022222222222222223,7.5,1.2945663928985596,7.43
4,0.00022222222222222223,7.5,1.298670768737793,7.5
4,0.00022222222222222223,7.5,1.3026862144470215,7.42
4,0.00022222222222222223,7.5,1.3066575527191162,7.49
4,0.00022222222222222223,7.5,1.3105859756469727,7.5
4,0.00022222222222222223,7.5,1.3146841526031494,7.38
4,0.00022222222222222223,7.5,1.3184442520141602,7.41
4,0.00022222222222222223,7.5,1.3223645687103271,7.41
4,0.00022222222222222223,7.5,1.3263626098632812,7.53
4,0.00022222222222222223,7.5,1.3305890560150146,7.44
4,0.00022222222222222223,7.5,1.3346326351165771,7.5
4,0.00022222222222222223,7.5,1.3386549949645996,7.5600000000000005
4,0.00022222222222222223,7.5,1.3426578044891357,7.44
4,0.00022222222222222223,7.5,1.3466169834136963,7.45
4,0.00022222222222222223,7.5,1.3505311012268066,7.58
4,0.00022222222222222223,7.5,1.3546693325042725,7.32
4,0.00022222222222222223,7.5,1.3586816787719727,7.45
4,0.00022222222222222223,7.5,1.3626883029937744,7.48
4,0.00022222222222222223,7.5,1.3666858673095703,7.41
4,0.00022222222222222223,7.5,1.3706789016723633,7.5600000000000005
4,0.00022222222222222223,7.5,1.3746743202209473,7.5200000000000005
4,0.00022222222222222223,7.5,1.3786640167236328,7.38
4,0.00022222222222222223,7.5,1.3826122283935547,7.4
4,0.00022222222222222223,7.5,1.386580467224121,7.59
4,0.00022222222222222223,7.5,1.3906817436218262,7.55
4,0.00022222222222222223,7.5,1.3945388793945312,7.44
4,0.00022222222222222223,7.5,1.3985557556152344,7.45
4,0.00022222222222222223,7.5,1.4026527404785156,7.58
4,0.00022222222222222223,7.5,1.406595230102539,7.46
4,0.00022222222222222223,7.5,1.4105944633483887,7.32
4,0.00022222222222222223,7.5,1.4147133827209473,7.45
4,0.00022222222222222223,7.5,1.418668508529663,7.34
4,0.00022222222222222223,7.5,1.422386646270752,7.390000000000001
4,0.00022222222222222223,7.5,1.4264202117919922,7.45
4,0.00022222222222222223,7.5,1.4305815696716309,7.55
4,0.00022222222222222223,7.5,1.4345271587371826,7.43
4,0.00022222222222222223,7.5,1.4385662078857422,7.51
4,0.00022222222222222223,7.5,1.442620038986206,7.66
4,0.00022222222222222223,7.5,1.446573257446289,7.33
4,0.00022222222222222223,7.5,1.4505970478057861,7.54
4,0.00022222222222222223,7.5,1.4547700881958008,7.55
4,0.00022222222222222223,7.5,1.4587764739990234,7.5200000000000005
4,0.00022222222222222223,7.5,1.4626874923706055,7.390000000000001
4,0.00022222222222222223,7.5,1.4666881561279297,7.5200000000000005
4,0.00022222222222222223,7.5,1.4706933498382568,7.59
4,0.00022222222222222223,7.5,1.4746925830841064,7.48
4,0.00022222222222222223,7.5,1.478698968887329,7.47
4,0.00022222222222222223,7.5,1.482694149017334,7.59
4,0.00022222222222222223,7.5,1.486694574356079,7.6000000000000005
4,0.00022222222222222223,7.5,1.4907116889953613,7.5200000000000005
4,0.00022222222222222223,7.5,1.49468994140625,7.48
4,0.00022222222222222223,7.5,1.4987046718597412,7.45
5,0.00022222222222222223,10.0,3.0994415283203125e-06,5.32
5,0.00022222222222222223,10.0,0.00797271728515625,5.19
5,0.00022222222222222223,10.0,0.011850118637084961,5.24
5,0.00022222222222222223,10.0,0.015877723693847656,5.18
5,0.00022222222222222223,10.0,0.01988077163696289,5.24
5,0.00022222222222222223,10.0,0.023915767669677734,5.29
5,0.00022222222222222223,10.0,0.027883291244506836,5.33
5,0.00022222222222222223,10.0,0.03184342384338379,5.32
5,0.00022222222222222223,10.0,0.035889625549316406,5.25
5,0.00022222222222222223,10.0,0.0398714542388916,5.2
5,0.00022222222222222223,10.0,0.04401874542236328,5.14
5,0.00022222222222222223,10.0,0.04800677299499512,5.23
5,0.00022222222222222223,10.0,0.05200672149658203,5.13
5,0.00022222222222222223,10.0,0.0560145378112793,5.3
5,0.00022222222222222223,10.0,0.05996298789978027,5.14
5,0.00022222222222222223,10.0,0.06380486488342285,5.2700000000000005
5,0.00022222222222222223,10.0,0.06769633293151855,5.17
5,0.00022222222222222223,10.0,0.07175588607788086,5.22
5,0.00022222222222222223,10.0,0.07598209381103516,5.18
5,0.00022222222222222223,10.0,0.07984375953674316,5.14
5,0.00022222222222222223,10.0,0.08397388458251953,5.2700000000000005
5,0.00022222222222222223,10.0,0.08803391456604004,5.09
5,0.00022222222222222223,10.0,0.09186196327209473,5.16
5,0.00022222222222222223,10.0,0.0959620475769043,5.11
5,0.00022222222222222223,10.0,0.09995913505554199,5.0600000000000005
5,0.00022222222222222223,10.0,0.10398530960083008,5.29
5,0.00022222222222222223,10.0,0.10799026489257812,5.2
5,0.00022222222222222223,10.0,0.11203289031982422,5.18
5,0.00022222222222222223,10.0,0.11603260040283203,5.24
5,0.00022222222222222223,10.0,0.12003135681152344,5.1000000000000005
5,0.00022222222222222223,10.0,0.1239771842956543,5.08
5,0.00022222222222222223,10.0,0.12799429893493652,5.11
5,0.00022222222222222223,10.0,0.13197684288024902,5.13
5,0.00022222222222222223,10.0,0.13599371910095215,5.0600000000000005
5,0.00022222222222222223,10.0,0.1398758888244629,5.09
5,0.00022222222222222223,10.0,0.14403867721557617,5.24
5,0.00022222222222222223,10.0,0.1480104923248291,5.15
5,0.00022222222222222223,10.0,0.15201854705810547,5.24
5,0.00022222222222222223,10.0,0.15601515769958496,5.14
5,0.00022222222222222223,10.0,0.16003799438476562,5.05
5,0.00022222222222222223,10.0,0.163804292678833,4.95
5,0.00022222222222222223,10.0,0.16769957542419434,5.12
5,0.00022222222222222223,10.0,0.17154765129089355,5.07
5,0.00022222222222222223,10.0,0.17585444450378418,5.0
5,0.00022222222222222223,10.0,0.17992901802062988,5.04
5,0.00022222222222222223,10.0,0.1840205192565918,5.04
5,0.00022222222222222223,10.0,0.1879425048828125,5.08
5,0.00022222222222222223,10.0,0.19184565544128418,5.22
5,0.00022222222222222223,10.0,0.19587159156799316,5.03
5,0.00022222222222222223,10.0,0.20003700256347656,5.12
5,0.00022222222222222223,10.0,0.20401716232299805,5.12
5,0.00022222222222222223,10.0,0.20801305770874023,5.0
5,0.00022222222222222223,10.0,0.21201300621032715,5.04
5,0.00022222222222222223,10.0,0.21596646308898926,5.09
5,0.00022222222222222223,10.0,0.22001051902770996,5.01
5,0.00022222222222222223,10.0,0.2240161895751953,5.0200000000000005
5,0.00022222222222222223,10.0,0.22801446914672852,5.0600000000000005
5,0.00022222222222222223,10.0,0.2319800853729248,5.18
5,0.00022222222222222223,10.0,0.23599624633789062,5.05
5,0.00022222222222222223,10.0,0.2400064468383789,5.04
5,0.00022222222222222223,10.0,0.24402832984924316,5.05
5,0.00022222222222222223,10.0,0.24800419807434082,5.0600000000000005
5,0.00022222222222222223,10.0,0.25202274322509766,5.16
5,0.00022222222222222223,10.0,0.2559814453125,5.17
5,0.00022222222222222223,10.0,0.2599670886993408,5.09
5,0.00022222222222222223,10.0,0.2637314796447754,5.07
5,0.00022222222222222223,10.0,0.26767992973327637,5.13
5,0.00022222222222222223,10.0,0.27171897888183594,5.08
5,0.00022222222222222223,10.0,0.2759585380554199,5.04
5,0.00022222222222222223,10.0,0.27998900413513184,4.94
5,0.00022222222222222223,10.0,0.2839789390563965,5.09
5,0.00022222222222222223,10.0,0.2879197597503662,5.04
5,0.00022222222222222223,10.0,0.2918214797973633,5.0200000000000005
5,0.00022222222222222223,10.0,0.295717716217041,5.1000000000000005
5,0.00022222222222222223,10.0,0.2998387813568115,4.98
5,0.00022222222222222223,10.0,0.3038663864135742,4.97
5,0.00022222222222222223,10.0,0.3079407215118408,5.01
5,0.00022222222222222223,10.0,0.31197524070739746,5.11
5,0.00022222222222222223,10.0,0.31598639488220215,4.93
5,0.00022222222222222223,10.0,0.3199174404144287,5.03
5,0.00022222222222222223,10.0,0.32393836975097656,4.97
5,0.00022222222222222223,10.0,0.3279542922973633,5.09
5,0.00022222222222222223,10.0,0.3319826126098633,5.0600000000000005
5,0.00022222222222222223,10.0,0.33584070205688477,5.09
5,0.00022222222222222223,10.0,0.3399796485900879,5.0
5,0.00022222222222222223,10.0,0.3439798355102539,5.1000000000000005
5,0.00022222222222222223,10.0,0.3480038642883301,5.0200000000000005
5,0.00022222222222222223,10.0,0.35199594497680664,4.98
5,0.00022222222222222223,10.0,0.3560328483581543,4.92
5,0.00022222222222222223,10.0,0.35996580123901367,5.07
5,0.00022222222222222223,10.0,0.3640260696411133,5.08
5,0.00022222222222222223,10.0,0.36777830123901367,5.0200000000000005
5,0.00022222222222222223,10.0,0.3716928958892822,5.09
5,0.00022222222222222223,10.0,0.37572693824768066,5.08
5,0.00022222222222222223,10.0,0.37996482849121094,5.0600000000000005
5,0.00022222222222222223,10.0,0.3840043544769287,5.08
5,0.00022222222222222223,10.0,0.3880157470703125,4.96
5,0.00022222222222222223,10.0,0.3920154571533203,5.01
5,0.00022222222222222223,10.0,0.39601826667785645,4.86
5,0.00022222222222222223,10.0,0.40001535415649414,5.05
5,0.00022222222222222223,10.0,0.4040229320526123,4.89
5,0.00022222222222222223,10.0,0.40802597999572754,5.1000000000000005
5,0.00022222222222222223,10.0,0.4120051860809326,5.0600000000000005
5,0.00022222222222222223,10.0,0.4160292148590088,5.05
5,0.00022222222222222223,10.0,0.42001962661743164,5.0200000000000005
5,0.00022222222222222223,10.0,0.42379307746887207,5.13
5,0.00022222222222222223,10.0,0.42772769927978516,5.08
5,0.00022222222222222223,10.0,0.43160200119018555,5.14
5,0.00022222222222222223,10.0,0.43566155433654785,5.0
5,0.00022222222222222223,10.0,0.4397251605987549,5.0
5,0.00022222222222222223,10.0,0.4437384605407715,4.95
5,0.00022222222222222223,10.0,0.44764065742492676,5.12
5,0.00022222222222222223,10.0,0.4516267776489258,4.91
5,0.00022222222222222223,10.0,0.4556615352630615,4.98
5,0.00022222222222222223,10.0,0.4598734378814697,4.92
5,0.00022222222222222223,10.0,0.46385669708251953,4.95
5,0.00022222222222222223,10.0,0.46767711639404297,5.0
5,0.00022222222222222223,10.0,0.4716649055480957,4.95
5,0.00022222222222222223,10.0,0.47582054138183594,4.97
5,0.00022222222222222223,10.0,0.4799213409423828,4.97
5,0.00022222222222222223,10.0,0.48394012451171875,5.05
5,0.00022222222222222223,10.0,0.4879491329193115,5.0200000000000005
5,0.00022222222222222223,10.0,0.49195146560668945,5.16
5,0.00022222222222222223,10.0,0.4959573745727539,5.04
5,0.00022222222222222223,10.0,0.4999699592590332,5.03
5,0.00022222222222222223,10.0,0.5039639472961426,5.1000000000000005
5,0.00022222222222222223,10.0,0.5119054317474365,5.25
5,0.00022222222222222223,10.0,0.5158901214599609,5.32
5,0.00022222222222222223,10.0,0.5199534893035889,5.51
5,0.00022222222222222223,10.0,0.5239653587341309,5.5
5,0.00022222222222222223,10.0,0.5278990268707275,5.76
5,0.00022222222222222223,10.0,0.5320210456848145,5.8100000000000005
5,0.00022222222222222223,10.0,0.5358240604400635,5.91
5,0.00022222222222222223,10.0,0.5397536754608154,6.05
5,0.00022222222222222223,10.0,0.5438034534454346,6.140000000000001
5,0.00022222222222222223,10.0,0.5479550361633301,6.21
5,0.00022222222222222223,10.0,0.5519685745239258,6.41
5,0.00022222222222222223,10.0,0.5559580326080322,6.44
5,0.00022222222222222223,10.0,0.5599620342254639,6.62
5,0.00022222222222222223,10.0,0.5639655590057373,6.67
5,0.00022222222222222223,10.0,0.5677666664123535,6.7
5,0.00022222222222222223,10.0,0.5716731548309326,6.8
5,0.00022222222222222223,10.0,0.5756850242614746,6.93
5,0.00022222222222222223,10.0,0.5799286365509033,7.01
5,0.00022222222222222223,10.0,0.5839354991912842,7.13
5,0.00022222222222222223,10.0,0.5878181457519531,7.21
5,0.00022222222222222223,10.0,0.5919592380523682,7.48
5,0.00022222222222222223,10.0,0.5959761142730713,7.37
5,0.00022222222222222223,10.0,0.5999598503112793,7.5200000000000005
5,0.00022222222222222223,10.0,0.6039812564849854,7.62
5,0.00022222222222222223,10.0,0.6078193187713623,7.7700000000000005
5,0.00022222222222222223,10.0,0.6117627620697021,7.87
5,0.00022222222222222223,10.0,0.6156787872314453,7.91
5,0.00022222222222222223,10.0,0.619603157043457,7.99
5,0.00022222222222222223,10.0,0.6236286163330078,7.97
5,0.00022222222222222223,10.0,0.6276288032531738,8.120000000000001
5,0.00022222222222222223,10.0,0.6316730976104736,8.17
5,0.00022222222222222223,10.0,0.6358048915863037,8.23
5,0.00022222222222222223,10.0,0.6397268772125244,8.290000000000001
5,0.00022222222222222223,10.0,0.6438672542572021,8.38
5,0.00022222222222222223,10.0,0.6479592323303223,8.39
5,0.00022222222222222223,10.0,0.6519591808319092,8.4
5,0.00022222222222222223,10.0,0.6559574604034424,8.48
5,0.00022222222222222223,10.0,0.6599502563476562,8.61
5,0.00022222222222222223,10.0,0.6638047695159912,8.6
5,0.00022222222222222223,10.0,0.6677761077880859,8.56
5,0.00022222222222222223,10.0,0.6716642379760742,8.73
5,0.00022222222222222223,10.0,0.6756477355957031,8.700000000000001
5,0.00022222222222222223,10.0,0.6798765659332275,8.68
5,0.00022222222222222223,10.0,0.6839339733123779,8.78
5,0.00022222222222222223,10.0,0.6879589557647705,8.82
5,0.00022222222222222223,10.0,0.6919584274291992,8.84
5,0.00022222222222222223,10.0,0.695941686630249,8.89
5,0.00022222222222222223,10.0,0.699967622756958,8.92
5,0.00022222222222222223,10.0,0.7038803100585938,8.9
5,0.00022222222222222223,10.0,0.7079918384552002,8.97
5,0.00022222222222222223,10.0,0.7119905948638916,9.01
5,0.00022222222222222223,10.0,0.7159862518310547,9.05
5,0.00022222222222222223,10.0,0.719987154006958,9.03
5,0.00022222222222222223,10.0,0.7239854335784912,9.120000000000001
5,0.00022222222222222223,10.0,0.7279901504516602,9.08
5,0.00022222222222222223,10.0,0.731964111328125,9.09
5,0.00022222222222222223,10.0,0.735933780670166,9.14
5,0.00022222222222222223,10.0,0.7399682998657227,9.06
5,0.00022222222222222223,10.0,0.7439639568328857,9.16
5,0.00022222222222222223,10.0,0.7479658126831055,9.19
5,0.00022222222222222223,10.0,0.7519667148590088,9.11
5,0.00022222222222222223,10.0,0.7559590339660645,9.23
5,0.00022222222222222223,10.0,0.7599709033966064,9.22
5,0.00022222222222222223,10.0,0.7638092041015625,9.27
5,0.00022222222222222223,10.0,0.7674481868743896,9.32
5,0.00022222222222222223,10.0,0.7706444263458252,9.28
5,0.00022222222222222223,10.0,0.7747485637664795,9.28
5,0.00022222222222222223,10.0,0.7789156436920166,9.31
5,0.00022222222222222223,10.0,0.782935619354248,9.28
5,0.00022222222222222223,10.0,0.7868185043334961,9.33
5,0.00022222222222222223,10.0,0.7905418872833252,9.370000000000001
5,0.00022222222222222223,10.0,0.7945253849029541,9.38
5,0.00022222222222222223,10.0,0.7989771366119385,9.38
5,0.00022222222222222223,10.0,0.80293869972229,9.35
5,0.00022222222222222223,10.0,0.8069748878479004,9.43
5,0.00022222222222222223,10.0,0.810985803604126,9.42
5,0.00022222222222222223,10.0,0.8149669170379639,9.43
5,0.00022222222222222223,10.0,0.8189680576324463,9.46
5,0.00022222222222222223,10.0,0.8229966163635254,9.450000000000001
5,0.00022222222222222223,10.0,0.8269660472869873,9.56
5,0.00022222222222222223,10.0,0.8309047222137451,9.47
5,0.00022222222222222223,10.0,0.8349447250366211,9.52
5,0.00022222222222222223,10.0,0.8389520645141602,9.5
5,0.00022222222222222223,10.0,0.8429632186889648,9.49
5,0.00022222222222222223,10.0,0.846935510635376,9.540000000000001
5,0.00022222222222222223,10.0,0.850935697555542,9.55
5,0.00022222222222222223,10.0,0.8549380302429199,9.53
5,0.00022222222222222223,10.0,0.8589355945587158,9.56
5,0.00022222222222222223,10.0,0.8629450798034668,9.59
5,0.00022222222222222223,10.0,0.8668982982635498,9.58
5,0.00022222222222222223,10.0,0.8707530498504639,9.64
5,0.00022222222222222223,10.0,0.8745970726013184,9.59
5,0.00022222222222222223,10.0,0.8788256645202637,9.6
5,0.00022222222222222223,10.0,0.8828580379486084,9.67
5,0.00022222222222222223,10.0,0.8869085311889648,9.61
5,0.00022222222222222223,10.0,0.8909411430358887,9.59
5,0.00022222222222222223,10.0,0.8950076103210449,9.55
5,0.00022222222222222223,10.0,0.8989191055297852,9.66
5,0.00022222222222222223,10.0,0.9029176235198975,9.67
5,0.00022222222222222223,10.0,0.9069421291351318,9.700000000000001
5,0.00022222222222222223,10.0,0.9109759330749512,9.66
5,0.00022222222222222223,10.0,0.9149339199066162,9.81
5,0.00022222222222222223,10.0,0.9189760684967041,9.61
5,0.00022222222222222223,10.0,0.922971248626709,9.69
5,0.00022222222222222223,10.0,0.9269735813140869,9.64
5,0.00022222222222222223,10.0,0.9309413433074951,9.67
5,0.00022222222222222223,10.0,0.9349560737609863,9.63
5,0.00022222222222222223,10.0,0.9389948844909668,9.64
5,0.00022222222222222223,10.0,0.942974328994751,9.700000000000001
5,0.00022222222222222223,10.0,0.9469690322875977,9.57
5,0.00022222222222222223,10.0,0.9510083198547363,9.71
5,0.00022222222222222223,10.0,0.9548206329345703,9.66
5,0.00022222222222222223,10.0,0.9589653015136719,9.76
5,0.00022222222222222223,10.0,0.9629623889923096,9.700000000000001
5,0.00022222222222222223,10.0,0.9669249057769775,9.68
5,0.00022222222222222223,10.0,0.970710277557373,9.72
5,0.00022222222222222223,10.0,0.9747788906097412,9.700000000000001
5,0.00022222222222222223,10.0,0.9788765907287598,9.73
5,0.00022222222222222223,10.0,0.9828476905822754,9.75
5,0.00022222222222222223,10.0,0.9869656562805176,9.78
5,0.00022222222222222223,10.0,0.9909677505493164,9.73
5,0.00022222222222222223,10.0,0.9948933124542236,9.81
5,0.00022222222222222223,10.0,0.9989752769470215,9.620000000000001
5,0.00022222222222222223,10.0,1.002981185913086,9.65
5,0.00022222222222222223,10.0,1.0069823265075684,9.74
5,0.00022222222222222223,10.0,1.0109400749206543,9.74
5,0.00022222222222222223,10.0,1.0149502754211426,9.81
5,0.00022222222222222223,10.0,1.0189383029937744,9.82
5,0.00022222222222222223,10.0,1.0229442119598389,9.77
5,0.00022222222222222223,10.0,1.0269436836242676,9.8
5,0.00022222222222222223,10.0,1.030822992324829,9.6
5,0.00022222222222222223,10.0,1.0349156856536865,9.73
5,0.00022222222222222223,10.0,1.0387921333312988,9.74
5,0.00022222222222222223,10.0,1.0429584980010986,9.74
5,0.00022222222222222223,10.0,1.0469541549682617,9.8
5,0.00022222222222222223,10.0,1.050950527191162,9.74
5,0.00022222222222222223,10.0,1.0549471378326416,9.72
5,0.00022222222222222223,10.0,1.0589277744293213,9.700000000000001
5,0.00022222222222222223,10.0,1.0629472732543945,9.75
5,0.00022222222222222223,10.0,1.0669395923614502,9.78
5,0.00022222222222222223,10.0,1.070739507675171,9.870000000000001
5,0.00022222222222222223,10.0,1.0746705532073975,9.74
5,0.00022222222222222223,10.0,1.0788745880126953,9.8
5,0.00022222222222222223,10.0,1.082911491394043,9.74
5,0.00022222222222222223,10.0,1.0867719650268555,9.81
5,0.00022222222222222223,10.0,1.0905258655548096,9.85
5,0.00022222222222222223,10.0,1.0948538780212402,9.71
5,0.00022222222222222223,10.0,1.0989577770233154,9.6
5,0.00022222222222222223,10.0,1.1029539108276367,9.74
5,0.00022222222222222223,10.0,1.1069467067718506,9.72
5,0.00022222222222222223,10.0,1.1108908653259277,9.71
5,0.00022222222222222223,10.0,1.1148204803466797,9.74
5,0.00022222222222222223,10.0,1.118884801864624,9.71
5,0.00022222222222222223,10.0,1.1229074001312256,9.700000000000001
5,0.00022222222222222223,10.0,1.1269264221191406,9.69
5,0.00022222222222222223,10.0,1.1309309005737305,9.85
5,0.00022222222222222223,10.0,1.1349358558654785,9.78
5,0.00022222222222222223,10.0,1.1389188766479492,9.790000000000001
5,0.00022222222222222223,10.0,1.142967700958252,9.83
5,0.00022222222222222223,10.0,1.1469895839691162,9.73
5,0.00022222222222222223,10.0,1.1509110927581787,9.73
5,0.00022222222222222223,10.0,1.1549723148345947,9.75
5,0.00022222222222222223,10.0,1.15897536277771,9.700000000000001
5,0.00022222222222222223,10.0,1.1629693508148193,9.83
5,0.00022222222222222223,10.0,1.166921615600586,9.78
5,0.00022222222222222223,10.0,1.1708440780639648,9.700000000000001
5,0.00022222222222222223,10.0,1.1746766567230225,9.72
5,0.00022222222222222223,10.0,1.1788253784179688,9.78
5,0.00022222222222222223,10.0,1.1828656196594238,9.76
5,0.00022222222222222223,10.0,1.1868250370025635,9.85
5,0.00022222222222222223,10.0,1.190953254699707,9.700000000000001
5,0.00022222222222222223,10.0,1.1948363780975342,9.85
5,0.00022222222222222223,10.0,1.1989448070526123,9.88
5,0.00022222222222222223,10.0,1.2029550075531006,9.86
5,0.00022222222222222223,10.0,1.206984043121338,9.66
5,0.00022222222222222223,10.0,1.2109529972076416,9.86
5,0.00022222222222222223,10.0,1.2149534225463867,9.85
5,0.00022222222222222223,10.0,1.2189502716064453,9.83
5,0.00022222222222222223,10.0,1.222945213317871,9.81
5,0.00022222222222222223,10.0,1.2269387245178223,9.950000000000001
5,0.00022222222222222223,10.0,1.2310028076171875,9.81
5,0.00022222222222222223,10.0,1.234917163848877,9.9
5,0.00022222222222222223,10.0,1.2385451793670654,9.78
5,0.00022222222222222223,10.0,1.2429814338684082,9.94
5,0.00022222222222222223,10.0,1.2469522953033447,9.76
5,0.00022222222222222223,10.0,1.250934362411499,9.89
5,0.00022222222222222223,10.0,1.254953384399414,9.77
5,0.00022222222222222223,10.0,1.2589564323425293,9.81
5,0.00022222222222222223,10.0,1.2628934383392334,9.74
5,0.00022222222222222223,10.0,1.266672134399414,9.93
5,0.00022222222222222223,10.0,1.2705786228179932,9.99
5,0.00022222222222222223,10.0,1.2744762897491455,9.870000000000001
5,0.00022222222222222223,10.0,1.2784290313720703,9.82
5,0.00022222222222222223,10.0,1.2814621925354004,9.950000000000001
5,0.00022222222222222223,10.0,1.2854783535003662,9.77
5,0.00022222222222222223,10.0,1.2894701957702637,9.88
5,0.00022222222222222223,10.0,1.293797254562378,9.92
5,0.00022222222222222223,10.0,1.2979600429534912,9.76
5,0.00022222222222222223,10.0,1.3019559383392334,9.92
5,0.00022222222222222223,10.0,1.3059241771697998,9.81
5,0.00022222222222222223,10.0,1.3099305629730225,9.93
5,0.00022222222222222223,10.0,1.31392502784729,10.05
5,0.00022222222222222223,10.0,1.3179237842559814,9.81
5,0.00022222222222222223,10.0,1.3219232559204102,9.76
5,0.00022222222222222223,10.0,1.325923204421997,9.790000000000001
5,0.00022222222222222223,10.0,1.3299684524536133,9.9
5,0.00022222222222222223,10.0,1.333923578262329,9.91
5,0.00022222222222222223,10.0,1.3379309177398682,9.86
5,0.00022222222222222223,10.0,1.3419229984283447,9.96
5,0.00022222222222222223,10.0,1.345923900604248,9.870000000000001
5,0.00022222222222222223,10.0,1.3499231338500977,10.03
5,0.00022222222222222223,10.0,1.3539390563964844,9.96
5,0.00022222222222222223,10.0,1.3579280376434326,9.93
5,0.00022222222222222223,10.0,1.3619158267974854,9.92
5,0.00022222222222222223,10.0,1.3659498691558838,9.9
5,0.00022222222222222223,10.0,1.3698768615722656,9.89
5,0.00022222222222222223,10.0,1.373734951019287,9.950000000000001
5,0.00022222222222222223,10.0,1.3776576519012451,9.98
5,0.00022222222222222223,10.0,1.381725549697876,10.01
5,0.00022222222222222223,10.0,1.3858730792999268,9.86
5,0.00022222222222222223,10.0,1.3898017406463623,9.98
5,0.00022222222222222223,10.0,1.3938095569610596,9.98
5,0.00022222222222222223,10.0,1.3979554176330566,9.83
5,0.00022222222222222223,10.0,1.4019584655761719,9.72
5,0.00022222222222222223,10.0,1.4059581756591797,9.85
5,0.00022222222222222223,10.0,1.4099602699279785,9.91
5,0.00022222222222222223,10.0,1.4139587879180908,10.08
5,0.00022222222222222223,10.0,1.4179649353027344,9.85
5,0.00022222222222222223,10.0,1.4219551086425781,9.94
5,0.00022222222222222223,10.0,1.4259419441223145,9.9
5,0.00022222222222222223,10.0,1.4299428462982178,9.950000000000001
5,0.00022222222222222223,10.0,1.4339206218719482,9.91
5,0.00022222222222222223,10.0,1.4376871585845947,9.85
5,0.00022222222222222223,10.0,1.4416718482971191,9.84
5,0.00022222222222222223,10.0,1.4457311630249023,9.67
5,0.00022222222222222223,10.0,1.4499073028564453,9.84
5,0.00022222222222222223,10.0,1.453857183456421,10.0
5,0.00022222222222222223,10.0,1.457848310470581,10.03
5,0.00022222222222222223,10.0,1.4619073867797852,9.82
5,0.00022222222222222223,10.0,1.4658894538879395,10.120000000000001
5,0.00022222222222222223,10.0,1.4698433876037598,9.99
5,0.00022222222222222223,10.0,1.4736404418945312,9.83
5,0.00022222222222222223,10.0,1.477613925933838,9.96
5,0.00022222222222222223,10.0,1.481679916381836,9.8
5,0.00022222222222222223,10.0,1.4859144687652588,10.0
5,0.00022222222222222223,10.0,1.4898993968963623,9.97
5,0.00022222222222222223,10.0,1.4939281940460205,9.83
5,0.00022222222222222223,10.0,1.4979372024536133,9.78
6,0.0002444444444444445,5.0,3.0994415283203125e-06,2.5
6,0.0002444444444444445,5.0,0.00777125358581543,2.49
6,0.0002444444444444445,5.0,0.011584758758544922,2.5100000000000002
6,0.0002444444444444445,5.0,0.015494585037231445,2.5300000000000002
6,0.0002444444444444445,5.0,0.01952648162841797,2.5
6,0.0002444444444444445,5.0,0.023636817932128906,2.5
6,0.0002444444444444445,5.0,0.02777695655822754,2.5
6,0.0002444444444444445,5.0,0.031850576400756836,2.52
6,0.0002444444444444445,5.0,0.03584885597229004,2.5100000000000002
6,0.0002444444444444445,5.0,0.03986668586730957,2.5
6,0.0002444444444444445,5.0,0.043840885162353516,2.5
6,0.0002444444444444445,5.0,0.047857046127319336,2.5
6,0.0002444444444444445,5.0,0.05185532569885254,2.5100000000000002
6,0.0002444444444444445,5.0,0.05585479736328125,2.52
6,0.0002444444444444445,5.0,0.05985379219055176,2.5
6,0.0002444444444444445,5.0,0.06383252143859863,2.52
6,0.0002444444444444445,5.0,0.06786251068115234,2.5
6,0.0002444444444444445,5.0,0.07186222076416016,2.5
6,0.0002444444444444445,5.0,0.07578372955322266,2.5100000000000002
6,0.0002444444444444445,5.0,0.07962870597839355,2.5
6,0.0002444444444444445,5.0,0.08382821083068848,2.52
6,0.0002444444444444445,5.0,0.08785843849182129,2.5100000000000002
6,0.0002444444444444445,5.0,0.09184551239013672,2.5
6,0.0002444444444444445,5.0,0.09588766098022461,2.5100000000000002
6,0.0002444444444444445,5.0,0.0998833179473877,2.5
6,0.0002444444444444445,5.0,0.10386872291564941,2.5100000000000002
6,0.0002444444444444445,5.0,0.10785436630249023,2.5100000000000002
6,0.0002444444444444445,5.0,0.11188316345214844,2.5100000000000002
6,0.0002444444444444445,5.0,0.11570429801940918,2.5
6,0.0002444444444444445,5.0,0.1196136474609375,2.52
6,0.0002444444444444445,5.0,0.1236274242401123,2.52
6,0.0002444444444444445,5.0,0.1276688575744629,2.5
6,0.0002444444444444445,5.0,0.1317141056060791,2.48
6,0.0002444444444444445,5.0,0.13574552536010742,2.48
6,0.0002444444444444445,5.0,0.1398782730102539,2.5
6,0.0002444444444444445,5.0,0.14388513565063477,2.5100000000000002
6,0.0002444444444444445,5.0,0.14787840843200684,2.49
6,0.0002444444444444445,5.0,0.15187883377075195,2.5100000000000002
6,0.0002444444444444445,5.0,0.15587735176086426,2.49
6,0.0002444444444444445,5.0,0.159881591796875,2.5
6,0.0002444444444444445,5.0,0.16388273239135742,2.5
6,0.0002444444444444445,5.0,0.16788077354431152,2.5
6,0.0002444444444444445,5.0,0.17188477516174316,2.5100000000000002
6,0.0002444444444444445,5.0,0.17584657669067383,2.49
6,0.0002444444444444445,5.0,0.17973065376281738,2.5100000000000002
6,0.0002444444444444445,5.0,0.1838829517364502,2.49
6,0.0002444444444444445,5.0,0.18788743019104004,2.5
6,0.0002444444444444445,5.0,0.19186925888061523,2.5
6,0.0002444444444444445,5.0,0.19582843780517578,2.5100000000000002
6,0.0002444444444444445,5.0,0.1996920108795166,2.48
6,0.0002444444444444445,5.0,0.20369720458984375,2.49
6,0.0002444444444444445,5.0,0.20785856246948242,2.48
6,0.0002444444444444445,5.0,0.21185636520385742,2.5
6,0.0002444444444444445,5.0,0.21569156646728516,2.49
6,0.0002444444444444445,5.0,0.21938157081604004,2.47
6,0.0002444444444444445,5.0,0.22251152992248535,2.47
6,0.0002444444444444445,5.0,0.22664332389831543,2.49
6,0.0002444444444444445,5.0,0.2306976318359375,2.49
6,0.0002444444444444445,5.0,0.23469185829162598,2.5
6,0.0002444444444444445,5.0,0.238847017288208,2.5
6,0.0002444444444444445,5.0,0.242844820022583,2.48
6,0.0002444444444444445,5.0,0.24686956405639648,2.48
6,0.0002444444444444445,5.0,0.25086331367492676,2.49
6,0.0002444444444444445,5.0,0.2548644542694092,2.5
6,0.0002444444444444445,5.0,0.25885701179504395,2.48
6,0.0002444444444444445,5.0,0.26287102699279785,2.48
6,0.0002444444444444445,5.0,0.266857385635376,2.49
6,0.0002444444444444445,5.0,0.27081918716430664,2.49
6,0.0002444444444444445,5.0,0.2748591899871826,2.49
6,0.0002444444444444445,5.0,0.27878594398498535,2.49
6,0.0002444444444444445,5.0,0.28272390365600586,2.49
6,0.0002444444444444445,5.0,0.2868654727935791,2.49
6,0.0002444444444444445,5.0,0.2908518314361572,2.49
6,0.0002444444444444445,5.0,0.2947854995727539,2.49
6,0.0002444444444444445,5.0,0.29883480072021484,2.49
6,0.0002444444444444445,5.0,0.30277109146118164,2.5
6,0.0002444444444444445,5.0,0.30681490898132324,2.5
6,0.0002444444444444445,5.0,0.3108508586883545,2.5
6,0.0002444444444444445,5.0,0.31477975845336914,2.5
6,0.0002444444444444445,5.0,0.31859588623046875,2.49
6,0.0002444444444444445,5.0,0.3224954605102539,2.49
6,0.0002444444444444445,5.0,0.3265988826751709,2.5
6,0.0002444444444444445,5.0,0.33080410957336426,2.5
6,0.0002444444444444445,5.0,0.33479976654052734,2.48
6,0.0002444444444444445,5.0,0.3388650417327881,2.49
6,0.0002444444444444445,5.0,0.34288525581359863,2.48
6,0.0002444444444444445,5.0,0.34684133529663086,2.5100000000000002
6,0.0002444444444444445,5.0,0.3508882522583008,2.49
6,0.0002444444444444445,5.0,0.354844331741333,2.5
6,0.0002444444444444445,5.0,0.35883522033691406,2.5
6,0.0002444444444444445,5.0,0.3628804683685303,2.49
6,0.0002444444444444445,5.0,0.36684107780456543,2.49
6,0.0002444444444444445,5.0,0.37081050872802734,2.49
6,0.0002444444444444445,5.0,0.3747560977935791,2.48
6,0.0002444444444444445,5.0,0.3786492347717285,2.48
6,0.0002444444444444445,5.0,0.38286519050598145,2.49
6,0.0002444444444444445,5.0,0.3869154453277588,2.49
6,0.0002444444444444445,5.0,0.3908557891845703,2.48
6,0.0002444444444444445,5.0,0.3948695659637451,2.49
6,0.0002444444444444445,5.0,0.3988523483276367,2.52
6,0.0002444444444444445,5.0,0.40285325050354004,2.47
6,0.0002444444444444445,5.0,0.40682291984558105,2.49
6,0.0002444444444444445,5.0,0.41086649894714355,2.5100000000000002
6,0.0002444444444444445,5.0,0.41481828689575195,2.5100000000000002
6,0.0002444444444444445,5.0,0.41857337951660156,2.47
6,0.0002444444444444445,5.0,0.42238712310791016,2.48
6,0.0002444444444444445,5.0,0.4263918399810791,2.48
6,0.0002444444444444445,5.0,0.4303717613220215,2.5
6,0.0002444444444444445,5.0,0.43442463874816895,2.5
6,0.0002444444444444445,5.0,0.43838977813720703,2.49
6,0.0002444444444444445,5.0,0.4428410530090332,2.49
6,0.0002444444444444445,5.0,0.446826696395874,2.5
6,0.0002444444444444445,5.0,0.45082902908325195,2.48
6,0.0002444444444444445,5.0,0.4548807144165039,2.48
6,0.0002444444444444445,5.0,0.45888686180114746,2.5100000000000002
6,0.0002444444444444445,5.0,0.4628629684448242,2.49
6,0.0002444444444444445,5.0,0.46686697006225586,2.48
6,0.0002444444444444445,5.0,0.4708564281463623,2.5100000000000002
6,0.0002444444444444445,5.0,0.47486186027526855,2.47
6,0.0002444444444444445,5.0,0.4788339138031006,2.5
6,0.0002444444444444445,5.0,0.48281311988830566,2.49
6,0.0002444444444444445,5.0,0.4868924617767334,2.49
6,0.0002444444444444445,5.0,0.4908626079559326,2.5
6,0.0002444444444444445,5.0,0.49483251571655273,2.48
6,0.0002444444444444445,5.0,0.498826265335083,2.5
6,0.0002444444444444445,5.0,0.5028889179229736,2.5300000000000002
6,0.0002444444444444445,5.0,0.5105469226837158,2.61
6,0.0002444444444444445,5.0,0.5144851207733154,2.67
6,0.0002444444444444445,5.0,0.5184860229492188,2.74
6,0.0002444444444444445,5.0,0.5227034091949463,2.77
6,0.0002444444444444445,5.0,0.5267961025238037,2.86
6,0.0002444444444444445,5.0,0.530726432800293,2.91
6,0.0002444444444444445,5.0,0.5346710681915283,2.97
6,0.0002444444444444445,5.0,0.538870096206665,3.0300000000000002
6,0.0002444444444444445,5.0,0.542827844619751,3.0700000000000003
6,0.0002444444444444445,5.0,0.546830415725708,3.12
6,0.0002444444444444445,5.0,0.5508325099945068,3.19
6,0.0002444444444444445,5.0,0.5548503398895264,3.24
6,0.0002444444444444445,5.0,0.5588467121124268,3.27
6,0.0002444444444444445,5.0,0.5628466606140137,3.33
6,0.0002444444444444445,5.0,0.5668649673461914,3.36
6,0.0002444444444444445,5.0,0.5708334445953369,3.42
6,0.0002444444444444445,5.0,0.5748651027679443,3.42
6,0.0002444444444444445,5.0,0.5787744522094727,3.49
6,0.0002444444444444445,5.0,0.5828089714050293,3.5
6,0.0002444444444444445,5.0,0.5868716239929199,3.5700000000000003
6,0.0002444444444444445,5.0,0.5908620357513428,3.58
6,0.0002444444444444445,5.0,0.5948159694671631,3.65
6,0.0002444444444444445,5.0,0.5988385677337646,3.68
6,0.0002444444444444445,5.0,0.6027660369873047,3.69
6,0.0002444444444444445,5.0,0.6068129539489746,3.73
6,0.0002444444444444445,5.0,0.6108770370483398,3.75
6,0.0002444444444444445,5.0,0.6147940158843994,3.79
6,0.0002444444444444445,5.0,0.6186003684997559,3.79
6,0.0002444444444444445,5.0,0.6224977970123291,3.86
6,0.0002444444444444445,5.0,0.6265954971313477,3.83
6,0.0002444444444444445,5.0,0.6307218074798584,3.89
6,0.0002444444444444445,5.0,0.6348659992218018,3.92
6,0.0002444444444444445,5.0,0.6388645172119141,3.96
6,0.0002444444444444445,5.0,0.642864465713501,3.97
6,0.0002444444444444445,5.0,0.6468398571014404,4.0
6,0.0002444444444444445,5.0,0.6508369445800781,3.99
6,0.0002444444444444445,5.0,0.6548199653625488,4.05
6,0.0002444444444444445,5.0,0.6588618755340576,4.07
6,0.0002444444444444445,5.0,0.6628482341766357,4.05
6,0.0002444444444444445,5.0,0.6668422222137451,4.12
6,0.0002444444444444445,5.0,0.6707279682159424,4.13
6,0.0002444444444444445,5.0,0.6746151447296143,4.18
6,0.0002444444444444445,5.0,0.6784603595733643,4.16
6,0.0002444444444444445,5.0,0.6824548244476318,4.2
6,0.0002444444444444445,5.0,0.6865205764770508,4.21
6,0.0002444444444444445,5.0,0.6905074119567871,4.22
6,0.0002444444444444445,5.0,0.6944780349731445,4.25
6,0.0002444444444444445,5.0,0.6986110210418701,4.26
6,0.0002444444444444445,5.0,0.7026982307434082,4.3
6,0.0002444444444444445,5.0,0.7066071033477783,4.2700000000000005
6,0.0002444444444444445,5.0,0.7107701301574707,4.3100000000000005
6,0.0002444444444444445,5.0,0.7148170471191406,4.33
6,0.0002444444444444445,5.0,0.7185943126678467,4.37
6,0.0002444444444444445,5.0,0.7224936485290527,4.38
6,0.0002444444444444445,5.0,0.7265121936798096,4.38
6,0.0002444444444444445,5.0,0.7307350635528564,4.4
6,0.0002444444444444445,5.0,0.7347803115844727,4.38
6,0.0002444444444444445,5.0,0.7386736869812012,4.42
6,0.0002444444444444445,5.0,0.7427990436553955,4.44
6,0.0002444444444444445,5.0,0.7467877864837646,4.44
6,0.0002444444444444445,5.0,0.7507808208465576,4.47
6,0.0002444444444444445,5.0,0.7547805309295654,4.47
6,0.0002444444444444445,5.0,0.7587840557098389,4.48
6,0.0002444444444444445,5.0,0.7627809047698975,4.53
6,0.0002444444444444445,5.0,0.7667934894561768,4.54
6,0.0002444444444444445,5.0,0.7707114219665527,4.49
6,0.0002444444444444445,5.0,0.7747163772583008,4.54
6,0.0002444444444444445,5.0,0.7787282466888428,4.55
6,0.0002444444444444445,5.0,0.7828114032745361,4.5200000000000005
6,0.0002444444444444445,5.0,0.7868175506591797,4.58
6,0.0002444444444444445,5.0,0.7908179759979248,4.59
6,0.0002444444444444445,5.0,0.794823408126831,4.61
6,0.0002444444444444445,5.0,0.7988128662109375,4.6000000000000005
6,0.0002444444444444445,5.0,0.8028213977813721,4.59
6,0.0002444444444444445,5.0,0.8068182468414307,4.61
6,0.0002444444444444445,5.0,0.8108012676239014,4.62
6,0.0002444444444444445,5.0,0.8148179054260254,4.62
6,0.0002444444444444445,5.0,0.8186285495758057,4.68
6,0.0002444444444444445,5.0,0.8224210739135742,4.65
6,0.0002444444444444445,5.0,0.8266313076019287,4.63
6,0.0002444444444444445,5.0,0.8306143283843994,4.67
6,0.0002444444444444445,5.0,0.8347651958465576,4.7
6,0.0002444444444444445,5.0,0.8388392925262451,4.72
6,0.0002444444444444445,5.0,0.8428294658660889,4.67
6,0.0002444444444444445,5.0,0.8467569351196289,4.73
6,0.0002444444444444445,5.0,0.8505659103393555,4.72
6,0.0002444444444444445,5.0,0.8544716835021973,4.75
6,0.0002444444444444445,5.0,0.8584597110748291,4.69
6,0.0002444444444444445,5.0,0.8626024723052979,4.76
6,0.0002444444444444445,5.0,0.8667256832122803,4.73
6,0.0002444444444444445,5.0,0.8705916404724121,4.76
6,0.0002444444444444445,5.0,0.8747758865356445,4.78
6,0.0002444444444444445,5.0,0.8787219524383545,4.74
6,0.0002444444444444445,5.0,0.8823940753936768,4.79
6,0.0002444444444444445,5.0,0.886368989944458,4.8
6,0.0002444444444444445,5.0,0.8907732963562012,4.83
6,0.0002444444444444445,5.0,0.8948054313659668,4.76
6,0.0002444444444444445,5.0,0.8988642692565918,4.78
6,0.0002444444444444445,5.0,0.9028069972991943,4.8100000000000005
6,0.0002444444444444445,5.0,0.9068131446838379,4.78
6,0.0002444444444444445,5.0,0.9108235836029053,4.82
6,0.0002444444444444445,5.0,0.914813756942749,4.83
6,0.0002444444444444445,5.0,0.9187414646148682,4.79
6,0.0002444444444444445,5.0,0.9225025177001953,4.8500000000000005
6,0.0002444444444444445,5.0,0.926499605178833,4.83
6,0.0002444444444444445,5.0,0.9305415153503418,4.8100000000000005
6,0.0002444444444444445,5.0,0.9347481727600098,4.8500000000000005
6,0.0002444444444444445,5.0,0.9387633800506592,4.8100000000000005
6,0.0002444444444444445,5.0,0.9427688121795654,4.87
6,0.0002444444444444445,5.0,0.9467883110046387,4.82
6,0.0002444444444444445,5.0,0.9508132934570312,4.8500000000000005
6,0.0002444444444444445,5.0,0.9548304080963135,4.8500000000000005
6,0.0002444444444444445,5.0,0.9588227272033691,4.79
6,0.0002444444444444445,5.0,0.9627857208251953,4.84
6,0.0002444444444444445,5.0,0.966860294342041,4.86
6,0.0002444444444444445,5.0,0.970818042755127,4.84
6,0.0002444444444444445,5.0,0.9748232364654541,4.87
6,0.0002444444444444445,5.0,0.9787495136260986,4.88
6,0.0002444444444444445,5.0,0.982823371887207,4.84
6,0.0002444444444444445,5.0,0.986234188079834,4.9
6,0.0002444444444444445,5.0,0.9908144474029541,4.88
6,0.0002444444444444445,5.0,0.994816780090332,4.93
6,0.0002444444444444445,5.0,0.99884033203125,4.86
6,0.0002444444444444445,5.0,1.0028119087219238,4.87
6,0.0002444444444444445,5.0,1.0067853927612305,4.89
6,0.0002444444444444445,5.0,1.0105714797973633,4.8500000000000005
6,0.0002444444444444445,5.0,1.0144891738891602,4.87
6,0.0002444444444444445,5.0,1.0184977054595947,4.92
6,0.0002444444444444445,5.0,1.0224714279174805,4.86
6,0.0002444444444444445,5.0,1.0265412330627441,4.89
6,0.0002444444444444445,5.0,1.0306129455566406,4.8500000000000005
6,0.0002444444444444445,5.0,1.0347466468811035,4.9
6,0.0002444444444444445,5.0,1.0387940406799316,4.87
6,0.0002444444444444445,5.0,1.042820692062378,4.91
6,0.0002444444444444445,5.0,1.046802043914795,4.9
6,0.0002444444444444445,5.0,1.050797700881958,4.9
6,0.0002444444444444445,5.0,1.0547971725463867,4.87
6,0.0002444444444444445,5.0,1.0587947368621826,4.96
6,0.0002444444444444445,5.0,1.0627858638763428,4.93
6,0.0002444444444444445,5.0,1.066786527633667,4.94
6,0.0002444444444444445,5.0,1.070786952972412,4.93
6,0.0002444444444444445,5.0,1.0748019218444824,4.94
6,0.0002444444444444445,5.0,1.0786118507385254,4.93
6,0.0002444444444444445,5.0,1.0828070640563965,4.87
6,0.0002444444444444445,5.0,1.086792230606079,4.91
6,0.0002444444444444445,5.0,1.0908002853393555,4.87
6,0.0002444444444444445,5.0,1.0948185920715332,4.96
6,0.0002444444444444445,5.0,1.0988013744354248,4.95
6,0.0002444444444444445,5.0,1.1028025150299072,4.9
6,0.0002444444444444445,5.0,1.1068010330200195,4.91
6,0.0002444444444444445,5.0,1.1107966899871826,4.9
6,0.0002444444444444445,5.0,1.1148340702056885,4.92
6,0.0002444444444444445,5.0,1.118814468383789,4.95
6,0.0002444444444444445,5.0,1.122622013092041,4.94
6,0.0002444444444444445,5.0,1.1264634132385254,4.97
6,0.0002444444444444445,5.0,1.1304731369018555,4.96
6,0.0002444444444444445,5.0,1.1346044540405273,4.94
6,0.0002444444444444445,5.0,1.1386351585388184,4.94
6,0.0002444444444444445,5.0,1.1427922248840332,4.93
6,0.0002444444444444445,5.0,1.146789789199829,4.97
6,0.0002444444444444445,5.0,1.150827407836914,4.91
6,0.0002444444444444445,5.0,1.154815673828125,4.93
6,0.0002444444444444445,5.0,1.1587610244750977,4.95
6,0.0002444444444444445,5.0,1.162820816040039,4.94
6,0.0002444444444444445,5.0,1.1668212413787842,4.9
6,0.0002444444444444445,5.0,1.170820713043213,4.99
6,0.0002444444444444445,5.0,1.174828290939331,4.98
6,0.0002444444444444445,5.0,1.1788275241851807,5.01
6,0.0002444444444444445,5.0,1.182823896408081,4.96
6,0.0002444444444444445,5.0,1.1868271827697754,5.01
6,0.0002444444444444445,5.0,1.1908318996429443,4.94
6,0.0002444444444444445,5.0,1.1948201656341553,4.94
6,0.0002444444444444445,5.0,1.1988162994384766,4.93
6,0.0002444444444444445,5.0,1.2027671337127686,4.99
6,0.0002444444444444445,5.0,1.206773281097412,5.0
6,0.0002444444444444445,5.0,1.2107703685760498,4.96
6,0.0002444444444444445,5.0,1.2147672176361084,5.0200000000000005
6,0.0002444444444444445,5.0,1.2187762260437012,4.92
6,0.0002444444444444445,5.0,1.222640037536621,4.99
6,0.0002444444444444445,5.0,1.2265026569366455,4.99
6,0.0002444444444444445,5.0,1.230454921722412,4.96
6,0.0002444444444444445,5.0,1.2345466613769531,4.96
6,0.0002444444444444445,5.0,1.238760232925415,4.98
6,0.0002444444444444445,5.0,1.242809534072876,4.96
6,0.0002444444444444445,5.0,1.246793508529663,4.93
6,0.0002444444444444445,5.0,1.2507994174957275,4.94
6,0.0002444444444444445,5.0,1.2547953128814697,4.99
6,0.0002444444444444445,5.0,1.258798599243164,5.0
6,0.0002444444444444445,5.0,1.262800931930542,4.97
6,0.0002444444444444445,5.0,1.26680326461792,5.01
6,0.0002444444444444445,5.0,1.2707524299621582,5.01
6,0.0002444444444444445,5.0,1.2747924327850342,4.95
6,0.0002444444444444445,5.0,1.2787911891937256,5.0
6,0.0002444444444444445,5.0,1.28279447555542,4.98
6,0.0002444444444444445,5.0,1.286789894104004,4.98
6,0.0002444444444444445,5.0,1.2907922267913818,4.95
6,0.0002444444444444445,5.0,1.2947874069213867,4.99
6,0.0002444444444444445,5.0,1.298799753189087,5.04
6,0.0002444444444444445,5.0,1.3027935028076172,5.08
6,0.0002444444444444445,5.0,1.3067984580993652,5.0200000000000005
6,0.0002444444444444445,5.0,1.3108031749725342,4.94
6,0.0002444444444444445,5.0,1.3148138523101807,4.98
6,0.0002444444444444445,5.0,1.3187239170074463,5.0200000000000005
6,0.0002444444444444445,5.0,1.3226113319396973,4.99
6,0.0002444444444444445,5.0,1.3264648914337158,4.99
6,0.0002444444444444445,5.0,1.330465316772461,4.97
6,0.0002444444444444445,5.0,1.334557056427002,4.99
6,0.0002444444444444445,5.0,1.3386280536651611,4.91
6,0.0002444444444444445,5.0,1.3427603244781494,4.95
6,0.0002444444444444445,5.0,1.3467490673065186,4.96
6,0.0002444444444444445,5.0,1.3507931232452393,4.94
6,0.0002444444444444445,5.0,1.3547842502593994,4.96
6,0.0002444444444444445,5.0,1.3588223457336426,4.99
6,0.0002444444444444445,5.0,1.3627793788909912,4.91
6,0.0002444444444444445,5.0,1.3667511940002441,4.95
6,0.0002444444444444445,5.0,1.3708064556121826,4.94
6,0.0002444444444444445,5.0,1.3748822212219238,4.97
6,0.0002444444444444445,5.0,1.378673791885376,4.98
6,0.0002444444444444445,5.0,1.382817268371582,4.97
6,0.0002444444444444445,5.0,1.3868460655212402,4.93
6,0.0002444444444444445,5.0,1.3907356262207031,5.01
6,0.0002444444444444445,5.0,1.394758939743042,5.01
6,0.0002444444444444445,5.0,1.3987867832183838,4.99
6,0.0002444444444444445,5.0,1.4027559757232666,4.91
6,0.0002444444444444445,5.0,1.4067778587341309,5.0200000000000005
6,0.0002444444444444445,5.0,1.4107449054718018,4.89
6,0.0002444444444444445,5.0,1.4147982597351074,4.97
6,0.0002444444444444445,5.0,1.418804407119751,4.96
6,0.0002444444444444445,5.0,1.422739028930664,4.97
6,0.0002444444444444445,5.0,1.4265632629394531,5.01
6,0.0002444444444444445,5.0,1.4304590225219727,5.04
6,0.0002444444444444445,5.0,1.4345102310180664,5.0
6,0.0002444444444444445,5.0,1.4386909008026123,4.99
6,0.0002444444444444445,5.0,1.4427952766418457,4.97
6,0.0002444444444444445,5.0,1.4467973709106445,5.01
6,0.0002444444444444445,5.0,1.4507923126220703,5.03
6,0.0002444444444444445,5.0,1.45479154586792,4.96
6,0.0002444444444444445,5.0,1.45876145362854,5.01
6,0.0002444444444444445,5.0,1.4627673625946045,4.98
6,0.0002444444444444445,5.0,1.4668011665344238,5.0200000000000005
6,0.0002444444444444445,5.0,1.4707973003387451,5.01
6,0.0002444444444444445,5.0,1.4747936725616455,5.0
6,0.0002444444444444445,5.0,1.4787676334381104,4.99
6,0.0002444444444444445,5.0,1.4825758934020996,5.0
6,0.0002444444444444445,5.0,1.4867520332336426,5.0200000000000005
6,0.0002444444444444445,5.0,1.4907636642456055,4.97
6,0.0002444444444444445,5.0,1.4947700500488281,4.96
6,0.0002444444444444445,5.0,1.4987730979919434,5.01
7,0.0002444444444444445,7.5,3.0994415283203125e-06,3.68
7,0.0002444444444444445,7.5,0.007886648178100586,3.63
7,0.0002444444444444445,7.5,0.011875629425048828,3.69
7,0.0002444444444444445,7.5,0.015883922576904297,3.75
7,0.0002444444444444445,7.5,0.019817829132080078,3.73
7,0.0002444444444444445,7.5,0.023753643035888672,3.69
7,0.0002444444444444445,7.5,0.027877092361450195,3.7800000000000002
7,0.0002444444444444445,7.5,0.031853437423706055,3.75
7,0.0002444444444444445,7.5,0.03585457801818848,3.73
7,0.0002444444444444445,7.5,0.03986167907714844,3.81
7,0.0002444444444444445,7.5,0.04381728172302246,3.7
7,0.0002444444444444445,7.5,0.047823429107666016,3.73
7,0.0002444444444444445,7.5,0.051860809326171875,3.77
7,0.0002444444444444445,7.5,0.05584287643432617,3.7800000000000002
7,0.0002444444444444445,7.5,0.05986928939819336,3.72
7,0.0002444444444444445,7.5,0.06386375427246094,3.67
7,0.0002444444444444445,7.5,0.06777620315551758,3.73
7,0.0002444444444444445,7.5,0.07159233093261719,3.73
7,0.0002444444444444445,7.5,0.07555031776428223,3.71
7,0.0002444444444444445,7.5,0.07964897155761719,3.74
7,0.0002444444444444445,7.5,0.08367681503295898,3.8200000000000003
7,0.0002444444444444445,7.5,0.0878603458404541,3.71
7,0.0002444444444444445,7.5,0.09184837341308594,3.72
7,0.0002444444444444445,7.5,0.09585833549499512,3.72
7,0.0002444444444444445,7.5,0.09987282752990723,3.7600000000000002
7,0.0002444444444444445,7.5,0.10391354560852051,3.74
7,0.0002444444444444445,7.5,0.1078493595123291,3.7600000000000002
7,0.0002444444444444445,7.5,0.11186766624450684,3.74
7,0.0002444444444444445,7.5,0.11588430404663086,3.8000000000000003
7,0.0002444444444444445,7.5,0.11969232559204102,3.8000000000000003
7,0.0002444444444444445,7.5,0.1236422061920166,3.7600000000000002
7,0.0002444444444444445,7.5,0.12786293029785156,3.72
7,0.0002444444444444445,7.5,0.1316378116607666,3.7
7,0.0002444444444444445,7.5,0.13571834564208984,3.71
7,0.0002444444444444445,7.5,0.13968348503112793,3.69
7,0.0002444444444444445,7.5,0.14366912841796875,3.7800000000000002
7,0.0002444444444444445,7.5,0.1477217674255371,3.7800000000000002
7,0.0002444444444444445,7.5,0.15181994438171387,3.67
7,0.0002444444444444445,7.5,0.15581226348876953,3.73
7,0.0002444444444444445,7.5,0.15988373756408691,3.79
7,0.0002444444444444445,7.5,0.16388487815856934,3.75
7,0.0002444444444444445,7.5,0.1678156852722168,3.74
7,0.0002444444444444445,7.5,0.1716289520263672,3.74
7,0.0002444444444444445,7.5,0.17559361457824707,3.7600000000000002
7,0.0002444444444444445,7.5,0.17958569526672363,3.75
7,0.0002444444444444445,7.5,0.183823823928833,3.77
7,0.0002444444444444445,7.5,0.18786859512329102,3.75
7,0.0002444444444444445,7.5,0.1918783187866211,3.7600000000000002
7,0.0002444444444444445,7.5,0.19588565826416016,3.81
7,0.0002444444444444445,7.5,0.19988536834716797,3.68
7,0.0002444444444444445,7.5,0.2038578987121582,3.7
7,0.0002444444444444445,7.5,0.20785951614379883,3.75
7,0.0002444444444444445,7.5,0.21191811561584473,3.83
7,0.0002444444444444445,7.5,0.21591472625732422,3.69
7,0.0002444444444444445,7.5,0.21985864639282227,3.7600000000000002
7,0.0002444444444444445,7.5,0.22388696670532227,3.72
7,0.0002444444444444445,7.5,0.22731471061706543,3.72
7,0.0002444444444444445,7.5,0.23186445236206055,3.7800000000000002
7,0.0002444444444444445,7.5,0.23586654663085938,3.73
7,0.0002444444444444445,7.5,0.23986363410949707,3.8000000000000003
7,0.0002444444444444445,7.5,0.2439117431640625,3.68
7,0.0002444444444444445,7.5,0.24785804748535156,3.72
7,0.0002444444444444445,7.5,0.2516493797302246,3.73
7,0.0002444444444444445,7.5,0.25556087493896484,3.72
7,0.0002444444444444445,7.5,0.2596256732940674,3.75
7,0.0002444444444444445,7.5,0.2637510299682617,3.75
7,0.0002444444444444445,7.5,0.2677876949310303,3.7600000000000002
7,0.0002444444444444445,7.5,0.27163267135620117,3.7600000000000002
7,0.0002444444444444445,7.5,0.2755167484283447,3.71
7,0.0002444444444444445,7.5,0.279557466506958,3.7600000000000002
7,0.0002444444444444445,7.5,0.2837061882019043,3.73
7,0.0002444444444444445,7.5,0.2878124713897705,3.83
7,0.0002444444444444445,7.5,0.2916853427886963,3.74
7,0.0002444444444444445,7.5,0.29586243629455566,3.79
7,0.0002444444444444445,7.5,0.2998635768890381,3.75
7,0.0002444444444444445,7.5,0.3038597106933594,3.77
7,0.0002444444444444445,7.5,0.3078582286834717,3.72
7,0.0002444444444444445,7.5,0.31189942359924316,3.75
7,0.0002444444444444445,7.5,0.31586194038391113,3.7800000000000002
7,0.0002444444444444445,7.5,0.31978750228881836,3.81
7,0.0002444444444444445,7.5,0.32389283180236816,3.8000000000000003
7,0.0002444444444444445,7.5,0.32784104347229004,3.73
7,0.0002444444444444445,7.5,0.33179783821105957,3.74
7,0.0002444444444444445,7.5,0.3358027935028076,3.74
7,0.0002444444444444445,7.5,0.3398420810699463,3.75
7,0.0002444444444444445,7.5,0.3438570499420166,3.7
7,0.0002444444444444445,7.5,0.3478538990020752,3.74
7,0.0002444444444444445,7.5,0.3518400192260742,3.77
7,0.0002444444444444445,7.5,0.3558366298675537,3.81
7,0.0002444444444444445,7.5,0.3598334789276123,3.7
7,0.0002444444444444445,7.5,0.3638303279876709,3.72
7,0.0002444444444444445,7.5,0.3678157329559326,3.79
7,0.0002444444444444445,7.5,0.37160539627075195,3.75
7,0.0002444444444444445,7.5,0.3755202293395996,3.75
7,0.0002444444444444445,7.5,0.37961316108703613,3.71
7,0.0002444444444444445,7.5,0.3837909698486328,3.72
7,0.0002444444444444445,7.5,0.387744665145874,3.7800000000000002
7,0.0002444444444444445,7.5,0.3917882442474365,3.77
7,0.0002444444444444445,7.5,0.39586448669433594,3.73
7,0.0002444444444444445,7.5,0.39986395835876465,3.77
7,0.0002444444444444445,7.5,0.40386104583740234,3.68
7,0.0002444444444444445,7.5,0.4078693389892578,3.64
7,0.0002444444444444445,7.5,0.4118666648864746,3.75
7,0.0002444444444444445,7.5,0.4158627986907959,3.69
7,0.0002444444444444445,7.5,0.41986584663391113,3.77
7,0.0002444444444444445,7.5,0.423858642578125,3.69
7,0.0002444444444444445,7.5,0.4278597831726074,3.79
7,0.0002444444444444445,7.5,0.4318251609802246,3.67
7,0.0002444444444444445,7.5,0.435927152633667,3.77
7,0.0002444444444444445,7.5,0.4398810863494873,3.7800000000000002
7,0.0002444444444444445,7.5,0.4438638687133789,3.74
7,0.0002444444444444445,7.5,0.4478640556335449,3.77
7,0.0002444444444444445,7.5,0.451765775680542,3.7800000000000002
7,0.0002444444444444445,7.5,0.4557344913482666,3.72
7,0.0002444444444444445,7.5,0.4597351551055908,3.77
7,0.0002444444444444445,7.5,0.46373414993286133,3.7600000000000002
7,0.0002444444444444445,7.5,0.4677248001098633,3.7
7,0.0002444444444444445,7.5,0.47159433364868164,3.7600000000000002
7,0.0002444444444444445,7.5,0.47545456886291504,3.77
7,0.0002444444444444445,7.5,0.47959184646606445,3.7
7,0.0002444444444444445,7.5,0.4837460517883301,3.7600000000000002
7,0.0002444444444444445,7.5,0.48763489723205566,3.7
7,0.0002444444444444445,7.5,0.49170994758605957,3.7
7,0.0002444444444444445,7.5,0.4957916736602783,3.69
7,0.0002444444444444445,7.5,0.49984025955200195,3.7800000000000002
7,0.0002444444444444445,7.5,0.5038435459136963,3.83
7,0.0002444444444444445,7.5,0.5118408203125,3.96
7,0.0002444444444444445,7.5,0.5158383846282959,4.04
7,0.0002444444444444445,7.5,0.51983642578125,4.09
7,0.0002444444444444445,7.5,0.5238373279571533,4.17
7,0.0002444444444444445,7.5,0.5278270244598389,4.33
7,0.0002444444444444445,7.5,0.531836986541748,4.42
7,0.0002444444444444445,7.5,0.5358445644378662,4.44
7,0.0002444444444444445,7.5,0.5398862361907959,4.55
7,0.0002444444444444445,7.5,0.5437932014465332,4.62
7,0.0002444444444444445,7.5,0.5478332042694092,4.72
7,0.0002444444444444445,7.5,0.5518429279327393,4.7700000000000005
7,0.0002444444444444445,7.5,0.5558440685272217,4.87
7,0.0002444444444444445,7.5,0.559849739074707,4.98
7,0.0002444444444444445,7.5,0.5638413429260254,5.05
7,0.0002444444444444445,7.5,0.5678200721740723,4.99
7,0.0002444444444444445,7.5,0.5716655254364014,5.17
7,0.0002444444444444445,7.5,0.5754876136779785,5.2700000000000005
7,0.0002444444444444445,7.5,0.5795378684997559,5.3
7,0.0002444444444444445,7.5,0.5836193561553955,5.32
7,0.0002444444444444445,7.5,0.5876743793487549,5.45
7,0.0002444444444444445,7.5,0.5918107032775879,5.5200000000000005
7,0.0002444444444444445,7.5,0.59584641456604,5.46
7,0.0002444444444444445,7.5,0.59981369972229,5.66
7,0.0002444444444444445,7.5,0.6038389205932617,5.7
7,0.0002444444444444445,7.5,0.6078252792358398,5.8100000000000005
7,0.0002444444444444445,7.5,0.6117486953735352,5.82
7,0.0002444444444444445,7.5,0.615788459777832,5.86
7,0.0002444444444444445,7.5,0.6197216510772705,5.96
7,0.0002444444444444445,7.5,0.6236517429351807,5.99
7,0.0002444444444444445,7.5,0.6276488304138184,5.94
7,0.0002444444444444445,7.5,0.6318159103393555,6.05
7,0.0002444444444444445,7.5,0.6358911991119385,6.0
7,0.0002444444444444445,7.5,0.6398651599884033,6.25
7,0.0002444444444444445,7.5,0.6438620090484619,6.24
7,0.0002444444444444445,7.5,0.6477906703948975,6.36
7,0.0002444444444444445,7.5,0.6518003940582275,6.29
7,0.0002444444444444445,7.5,0.6557760238647461,6.51
7,0.0002444444444444445,7.5,0.6598625183105469,6.34
7,0.0002444444444444445,7.5,0.6638410091400146,6.4
7,0.0002444444444444445,7.5,0.6678242683410645,6.41
7,0.0002444444444444445,7.5,0.671673059463501,6.53
7,0.0002444444444444445,7.5,0.6756267547607422,6.5
7,0.0002444444444444445,7.5,0.6795363426208496,6.61
7,0.0002444444444444445,7.5,0.6836223602294922,6.61
7,0.0002444444444444445,7.5,0.6876475811004639,6.54
7,0.0002444444444444445,7.5,0.6916701793670654,6.5600000000000005
7,0.0002444444444444445,7.5,0.6958572864532471,6.83
7,0.0002444444444444445,7.5,0.6997730731964111,6.72
7,0.0002444444444444445,7.5,0.7036707401275635,6.8
7,0.0002444444444444445,7.5,0.707737922668457,6.61
7,0.0002444444444444445,7.5,0.711845874786377,6.76
7,0.0002444444444444445,7.5,0.715749979019165,6.93
7,0.0002444444444444445,7.5,0.7197678089141846,6.83
7,0.0002444444444444445,7.5,0.723759651184082,6.76
7,0.0002444444444444445,7.5,0.7276639938354492,6.8100000000000005
7,0.0002444444444444445,7.5,0.7317619323730469,6.99
7,0.0002444444444444445,7.5,0.7358224391937256,6.87
7,0.0002444444444444445,7.5,0.7398324012756348,6.87
7,0.0002444444444444445,7.5,0.7438356876373291,6.99
7,0.0002444444444444445,7.5,0.747830867767334,6.82
7,0.0002444444444444445,7.5,0.7516520023345947,7.140000000000001
7,0.0002444444444444445,7.5,0.7555527687072754,7.140000000000001
7,0.0002444444444444445,7.5,0.7595465183258057,7.04
7,0.0002444444444444445,7.5,0.7635700702667236,7.08
7,0.0002444444444444445,7.5,0.7676782608032227,7.11
7,0.0002444444444444445,7.5,0.7715907096862793,7.03
7,0.0002444444444444445,7.5,0.7753157615661621,7.0
7,0.0002444444444444445,7.5,0.7783350944519043,7.0600000000000005
7,0.0002444444444444445,7.5,0.7813680171966553,7.140000000000001
7,0.0002444444444444445,7.5,0.7854382991790771,7.17
7,0.0002444444444444445,7.5,0.7894444465637207,7.23
7,0.0002444444444444445,7.5,0.7934534549713135,7.11
7,0.0002444444444444445,7.5,0.7974746227264404,7.23
7,0.0002444444444444445,7.5,0.8015124797821045,7.15
7,0.0002444444444444445,7.5,0.8055539131164551,7.04
7,0.0002444444444444445,7.5,0.8097774982452393,7.28
7,0.0002444444444444445,7.5,0.8136835098266602,7.33
7,0.0002444444444444445,7.5,0.817718505859375,7.23
7,0.0002444444444444445,7.5,0.8216514587402344,7.16
7,0.0002444444444444445,7.5,0.8256616592407227,7.18
7,0.0002444444444444445,7.5,0.8298184871673584,7.24
7,0.0002444444444444445,7.5,0.8338277339935303,6.97
7,0.0002444444444444445,7.5,0.8378157615661621,7.29
7,0.0002444444444444445,7.5,0.841829776763916,7.17
7,0.0002444444444444445,7.5,0.845834493637085,7.38
7,0.0002444444444444445,7.5,0.8498296737670898,7.3500000000000005
7,0.0002444444444444445,7.5,0.8538541793823242,7.26
7,0.0002444444444444445,7.5,0.8578250408172607,7.42
7,0.0002444444444444445,7.5,0.8618216514587402,7.3500000000000005
7,0.0002444444444444445,7.5,0.8658194541931152,7.26
7,0.0002444444444444445,7.5,0.8697481155395508,7.3100000000000005
7,0.0002444444444444445,7.5,0.8737494945526123,7.46
7,0.0002444444444444445,7.5,0.8775186538696289,7.390000000000001
7,0.0002444444444444445,7.5,0.8814566135406494,7.48
7,0.0002444444444444445,7.5,0.8855438232421875,7.3100000000000005
7,0.0002444444444444445,7.5,0.8896486759185791,7.29
7,0.0002444444444444445,7.5,0.8938405513763428,7.41
7,0.0002444444444444445,7.5,0.897845983505249,7.33
7,0.0002444444444444445,7.5,0.901832103729248,7.41
7,0.0002444444444444445,7.5,0.9058487415313721,7.4
7,0.0002444444444444445,7.5,0.9097425937652588,7.34
7,0.0002444444444444445,7.5,0.9138360023498535,7.36
7,0.0002444444444444445,7.5,0.9176247119903564,7.38
7,0.0002444444444444445,7.5,0.9215414524078369,7.36
7,0.0002444444444444445,7.5,0.9254157543182373,7.43
7,0.0002444444444444445,7.5,0.9295039176940918,7.3500000000000005
7,0.0002444444444444445,7.5,0.9335319995880127,7.23
7,0.0002444444444444445,7.5,0.9376046657562256,7.5200000000000005
7,0.0002444444444444445,7.5,0.941809892654419,7.43
7,0.0002444444444444445,7.5,0.9457912445068359,7.390000000000001
7,0.0002444444444444445,7.5,0.9498107433319092,7.43
7,0.0002444444444444445,7.5,0.9537835121154785,7.37
7,0.0002444444444444445,7.5,0.9577853679656982,7.51
7,0.0002444444444444445,7.5,0.9618232250213623,7.41
7,0.0002444444444444445,7.5,0.9658007621765137,7.53
7,0.0002444444444444445,7.5,0.9697294235229492,7.33
7,0.0002444444444444445,7.5,0.9737179279327393,7.3
7,0.0002444444444444445,7.5,0.9775006771087646,7.49
7,0.0002444444444444445,7.5,0.9814095497131348,7.49
7,0.0002444444444444445,7.5,0.9853982925415039,7.42
7,0.0002444444444444445,7.5,0.9895710945129395,7.45
7,0.0002444444444444445,7.5,0.9935586452484131,7.42
7,0.0002444444444444445,7.5,0.9976928234100342,7.37
7,0.0002444444444444445,7.5,1.001793622970581,7.51
7,0.0002444444444444445,7.5,1.0057790279388428,7.42
7,0.0002444444444444445,7.5,1.0097858905792236,7.54
7,0.0002444444444444445,7.5,1.013777732849121,7.49
7,0.0002444444444444445,7.5,1.0176172256469727,7.47
7,0.0002444444444444445,7.5,1.0215027332305908,7.57
7,0.0002444444444444445,7.5,1.0255653858184814,7.37
7,0.0002444444444444445,7.5,1.0297956466674805,7.47
7,0.0002444444444444445,7.5,1.0337882041931152,7.44
7,0.0002444444444444445,7.5,1.0377588272094727,7.54
7,0.0002444444444444445,7.5,1.0417883396148682,7.33
7,0.0002444444444444445,7.5,1.0457854270935059,7.45
7,0.0002444444444444445,7.5,1.0498220920562744,7.38
7,0.0002444444444444445,7.5,1.0537645816802979,7.49
7,0.0002444444444444445,7.5,1.0577850341796875,7.37
7,0.0002444444444444445,7.5,1.0617730617523193,7.3500000000000005
7,0.0002444444444444445,7.5,1.0657908916473389,7.53
7,0.0002444444444444445,7.5,1.0697951316833496,7.45
7,0.0002444444444444445,7.5,1.0737106800079346,7.43
7,0.0002444444444444445,7.5,1.0775575637817383,7.57
7,0.0002444444444444445,7.5,1.081444501876831,7.390000000000001
7,0.0002444444444444445,7.5,1.0855827331542969,7.38
7,0.0002444444444444445,7.5,1.0895390510559082,7.47
7,0.0002444444444444445,7.5,1.0936059951782227,7.47
7,0.0002444444444444445,7.5,1.0977799892425537,7.53
7,0.0002444444444444445,7.5,1.1018004417419434,7.5200000000000005
7,0.0002444444444444445,7.5,1.105792760848999,7.47
7,0.0002444444444444445,7.5,1.1098620891571045,7.62
7,0.0002444444444444445,7.5,1.1137988567352295,7.45
7,0.0002444444444444445,7.5,1.1177315711975098,7.43
7,0.0002444444444444445,7.5,1.1215643882751465,7.43
7,0.0002444444444444445,7.5,1.1257469654083252,7.46
7,0.0002444444444444445,7.5,1.1297755241394043,7.5
7,0.0002444444444444445,7.5,1.1337857246398926,7.5
7,0.0002444444444444445,7.5,1.1378002166748047,7.4
7,0.0002444444444444445,7.5,1.1418206691741943,7.33
7,0.0002444444444444445,7.5,1.1458230018615723,7.53
7,0.0002444444444444445,7.5,1.149749994277954,7.390000000000001
7,0.0002444444444444445,7.5,1.1535863876342773,7.55
7,0.0002444444444444445,7.5,1.1574769020080566,7.33
7,0.0002444444444444445,7.5,1.1614503860473633,7.49
7,0.0002444444444444445,7.5,1.1654438972473145,7.53
7,0.0002444444444444445,7.5,1.1694657802581787,7.44
7,0.0002444444444444445,7.5,1.1734893321990967,7.5200000000000005
7,0.0002444444444444445,7.5,1.1774356365203857,7.57
7,0.0002444444444444445,7.5,1.181420087814331,7.3100000000000005
7,0.0002444444444444445,7.5,1.1854686737060547,7.44
7,0.0002444444444444445,7.5,1.18953537940979,7.5600000000000005
7,0.0002444444444444445,7.5,1.1936488151550293,7.68
7,0.0002444444444444445,7.5,1.1977894306182861,7.49
7,0.0002444444444444445,7.5,1.201786756515503,7.46
7,0.0002444444444444445,7.5,1.2057976722717285,7.47
7,0.0002444444444444445,7.5,1.2097411155700684,7.42
7,0.0002444444444444445,7.5,1.2137858867645264,7.61
7,0.0002444444444444445,7.5,1.2177956104278564,7.48
7,0.0002444444444444445,7.5,1.2218303680419922,7.55
7,0.0002444444444444445,7.5,1.2257888317108154,7.32
7,0.0002444444444444445,7.5,1.2297890186309814,7.45
7,0.0002444444444444445,7.5,1.2337617874145508,7.44
7,0.0002444444444444445,7.5,1.2378036975860596,7.46
7,0.0002444444444444445,7.5,1.241795539855957,7.3
7,0.0002444444444444445,7.5,1.2458035945892334,7.45
7,0.0002444444444444445,7.5,1.2497470378875732,7.36
7,0.0002444444444444445,7.5,1.2536098957061768,7.43
7,0.0002444444444444445,7.5,1.2575139999389648,7.390000000000001
7,0.0002444444444444445,7.5,1.2615044116973877,7.58
7,0.0002444444444444445,7.5,1.2656867504119873,7.38
7,0.0002444444444444445,7.5,1.2697303295135498,7.4
7,0.0002444444444444445,7.5,1.2737524509429932,7.32
7,0.0002444444444444445,7.5,1.2775466442108154,7.46
7,0.0002444444444444445,7.5,1.281508207321167,7.43
7,0.0002444444444444445,7.5,1.2855947017669678,7.54
7,0.0002444444444444445,7.5,1.2896888256072998,7.53
7,0.0002444444444444445,7.5,1.2936897277832031,7.57
7,0.0002444444444444445,7.5,1.2977495193481445,7.59
7,0.0002444444444444445,7.5,1.301797866821289,7.46
7,0.0002444444444444445,7.5,1.3058042526245117,7.53
7,0.0002444444444444445,7.5,1.3097994327545166,7.45
7,0.0002444444444444445,7.5,1.3137993812561035,7.390000000000001
7,0.0002444444444444445,7.5,1.3178081512451172,7.54
7,0.0002444444444444445,7.5,1.3216416835784912,7.49
7,0.0002444444444444445,7.5,1.3258075714111328,7.59
7,0.0002444444444444445,7.5,1.3297855854034424,7.51
7,0.0002444444444444445,7.5,1.3337571620941162,7.5600000000000005
7,0.0002444444444444445,7.5,1.3377888202667236,7.54
7,0.0002444444444444445,7.5,1.3417913913726807,7.42
7,0.0002444444444444445,7.5,1.345789909362793,7.49
7,0.0002444444444444445,7.5,1.3497717380523682,7.390000000000001
7,0.0002444444444444445,7.5,1.3538248538970947,7.49
7,0.0002444444444444445,7.5,1.3577768802642822,7.38
7,0.0002444444444444445,7.5,1.3618240356445312,7.53
7,0.0002444444444444445,7.5,1.3658058643341064,7.46
7,0.0002444444444444445,7.5,1.3697700500488281,7.37
7,0.0002444444444444445,7.5,1.373828411102295,7.5
7,0.0002444444444444445,7.5,1.37760329246521,7.59
7,0.0002444444444444445,7.5,1.3815269470214844,7.59
7,0.0002444444444444445,7.5,1.38551926612854,7.48
7,0.0002444444444444445,7.5,1.38960599899292,7.4
7,0.0002444444444444445,7.5,1.3936643600463867,7.25
7,0.0002444444444444445,7.5,1.3977091312408447,7.38
7,0.0002444444444444445,7.5,1.4018325805664062,7.4
7,0.0002444444444444445,7.5,1.4057936668395996,7.44
7,0.0002444444444444445,7.5,1.4098224639892578,7.43
7,0.0002444444444444445,7.5,1.4138240814208984,7.5
7,0.0002444444444444445,7.5,1.4178380966186523,7.43
7,0.0002444444444444445,7.5,1.4216492176055908,7.33
7,0.0002444444444444445,7.5,1.4256596565246582,7.61
7,0.0002444444444444445,7.5,1.4298009872436523,7.46
7,0.0002444444444444445,7.5,1.4338030815124512,7.55
7,0.0002444444444444445,7.5,1.4377827644348145,7.49
7,0.0002444444444444445,7.5,1.4417119026184082,7.58
7,0.0002444444444444445,7.5,1.4457857608795166,7.46
7,0.0002444444444444445,7.5,1.4497876167297363,7.51
7,0.0002444444444444445,7.5,1.453796625137329,7.53
7,0.0002444444444444445,7.5,1.4577949047088623,7.41
7,0.0002444444444444445,7.5,1.4618520736694336,7.59
7,0.0002444444444444445,7.5,1.4658033847808838,7.53
7,0.0002444444444444445,7.5,1.4697535037994385,7.5200000000000005
7,0.0002444444444444445,7.5,1.4737589359283447,7.4
7,0.0002444444444444445,7.5,1.4776372909545898,7.46
7,0.0002444444444444445,7.5,1.4815151691436768,7.5200000000000005
7,0.0002444444444444445,7.5,1.4855551719665527,7.42
7,0.0002444444444444445,7.5,1.4896256923675537,7.5
7,0.0002444444444444445,7.5,1.493769645690918,7.5600000000000005
7,0.0002444444444444445,7.5,1.4975941181182861,7.42
8,0.0002444444444444445,10.0,1.430511474609375e-06,4.89
8,0.0002444444444444445,10.0,0.007993936538696289,4.96
8,0.0002444444444444445,10.0,0.012143611907958984,5.04
8,0.0002444444444444445,10.0,0.016108036041259766,5.16
8,0.0002444444444444445,10.0,0.020014524459838867,5.01
8,0.0002444444444444445,10.0,0.023916959762573242,5.18
8,0.0002444444444444445,10.0,0.027861595153808594,5.09
8,0.0002444444444444445,10.0,0.03185892105102539,5.19
8,0.0002444444444444445,10.0,0.03605151176452637,5.08
8,0.0002444444444444445,10.0,0.04016447067260742,5.26
8,0.0002444444444444445,10.0,0.044181108474731445,5.15
8,0.0002444444444444445,10.0,0.048192739486694336,4.94
8,0.0002444444444444445,10.0,0.052248477935791016,5.0600000000000005
8,0.0002444444444444445,10.0,0.05621838569641113,5.14
8,0.0002444444444444445,10.0,0.06015205383300781,5.03
8,0.0002444444444444445,10.0,0.06423068046569824,5.03
8,0.0002444444444444445,10.0,0.0682227611541748,4.95
8,0.0002444444444444445,10.0,0.0722496509552002,5.0200000000000005
8,0.0002444444444444445,10.0,0.07622480392456055,4.99
8,0.0002444444444444445,10.0,0.08021998405456543,5.0
8,0.0002444444444444445,10.0,0.08414125442504883,4.97
8,0.0002444444444444445,10.0,0.08805513381958008,5.13
8,0.0002444444444444445,10.0,0.09204506874084473,5.07
8,0.0002444444444444445,10.0,0.09606552124023438,5.0200000000000005
8,0.0002444444444444445,10.0,0.10015416145324707,4.95
8,0.0002444444444444445,10.0,0.10421442985534668,5.0
8,0.0002444444444444445,10.0,0.10812640190124512,5.05
8,0.0002444444444444445,10.0,0.11215853691101074,5.11
8,0.0002444444444444445,10.0,0.11618542671203613,5.08
8,0.0002444444444444445,10.0,0.11997318267822266,5.0
8,0.0002444444444444445,10.0,0.12389016151428223,4.97
8,0.0002444444444444445,10.0,0.1279609203338623,5.2
8,0.0002444444444444445,10.0,0.13213157653808594,5.0200000000000005
8,0.0002444444444444445,10.0,0.1362011432647705,4.89
8,0.0002444444444444445,10.0,0.1402289867401123,4.96
8,0.0002444444444444445,10.0,0.14424371719360352,4.93
8,0.0002444444444444445,10.0,0.1482219696044922,4.96
8,0.0002444444444444445,10.0,0.15223145484924316,5.04
8,0.0002444444444444445,10.0,0.15622162818908691,5.12
8,0.0002444444444444445,10.0,0.1601874828338623,4.93
8,0.0002444444444444445,10.0,0.16405034065246582,4.92
8,0.0002444444444444445,10.0,0.16809821128845215,5.0200000000000005
8,0.0002444444444444445,10.0,0.1722121238708496,4.99
8,0.0002444444444444445,10.0,0.17622017860412598,5.0
8,0.0002444444444444445,10.0,0.18022799491882324,5.0
8,0.0002444444444444445,10.0,0.1842350959777832,5.12
8,0.0002444444444444445,10.0,0.18822216987609863,5.17
8,0.0002444444444444445,10.0,0.19223427772521973,5.0200000000000005
8,0.0002444444444444445,10.0,0.19618940353393555,5.03
8,0.0002444444444444445,10.0,0.20018601417541504,5.09
8,0.0002444444444444445,10.0,0.20423197746276855,5.0600000000000005
8,0.0002444444444444445,10.0,0.20815825462341309,5.08
8,0.0002444444444444445,10.0,0.21218395233154297,4.94
8,0.0002444444444444445,10.0,0.2161874771118164,5.03
8,0.0002444444444444445,10.0,0.22000694274902344,4.89
8,0.0002444444444444445,10.0,0.22390079498291016,5.05
8,0.0002444444444444445,10.0,0.22785615921020508,5.1000000000000005
8,0.0002444444444444445,10.0,0.2321627140045166,5.07
8,0.0002444444444444445,10.0,0.23610925674438477,4.99
8,0.0002444444444444445,10.0,0.2400681972503662,4.8500000000000005
8,0.0002444444444444445,10.0,0.2442030906677246,5.0
8,0.0002444444444444445,10.0,0.24823236465454102,5.03
8,0.0002444444444444445,10.0,0.2521958351135254,4.94
8,0.0002444444444444445,10.0,0.25619029998779297,4.94
8,0.0002444444444444445,10.0,0.2600252628326416,5.07
8,0.0002444444444444445,10.0,0.2641942501068115,4.9
8,0.0002444444444444445,10.0,0.2682027816772461,5.05
8,0.0002444444444444445,10.0,0.27220773696899414,5.0
8,0.0002444444444444445,10.0,0.2761988639831543,5.0
8,0.0002444444444444445,10.0,0.28020453453063965,5.0
8,0.0002444444444444445,10.0,0.28420567512512207,4.92
8,0.0002444444444444445,10.0,0.2882072925567627,5.09
8,0.0002444444444444445,10.0,0.2922086715698242,4.98
8,0.0002444444444444445,10.0,0.2962000370025635,4.93
8,0.0002444444444444445,10.0,0.3002166748046875,5.09
8,0.0002444444444444445,10.0,0.3042144775390625,5.04
8,0.0002444444444444445,10.0,0.30812954902648926,5.05
8,0.0002444444444444445,10.0,0.3122222423553467,4.99
8,0.0002444444444444445,10.0,0.3162055015563965,5.0600000000000005
8,0.0002444444444444445,10.0,0.3200197219848633,4.99
8,0.0002444444444444445,10.0,0.3238515853881836,5.01
8,0.0002444444444444445,10.0,0.32786989212036133,5.0200000000000005
8,0.0002444444444444445,10.0,0.3320431709289551,5.07
8,0.0002444444444444445,10.0,0.336137056350708,5.0
8,0.0002444444444444445,10.0,0.34015774726867676,4.94
8,0.0002444444444444445,10.0,0.34421873092651367,5.01
8,0.0002444444444444445,10.0,0.3482065200805664,4.95
8,0.0002444444444444445,10.0,0.3522343635559082,5.0200000000000005
8,0.0002444444444444445,10.0,0.35617542266845703,5.15
8,0.0002444444444444445,10.0,0.36019349098205566,5.01
8,0.0002444444444444445,10.0,0.364208459854126,4.95
8,0.0002444444444444445,10.0,0.36817240715026855,4.97
8,0.0002444444444444445,10.0,0.3720390796661377,5.01
8,0.0002444444444444445,10.0,0.37624144554138184,5.11
8,0.0002444444444444445,10.0,0.3802206516265869,4.96
8,0.0002444444444444445,10.0,0.38423657417297363,4.97
8,0.0002444444444444445,10.0,0.3882267475128174,5.01
8,0.0002444444444444445,10.0,0.39223170280456543,4.86
8,0.0002444444444444445,10.0,0.39606595039367676,5.05
8,0.0002444444444444445,10.0,0.4001889228820801,5.09
8,0.0002444444444444445,10.0,0.4041163921356201,4.93
8,0.0002444444444444445,10.0,0.40811896324157715,5.0
8,0.0002444444444444445,10.0,0.4120669364929199,4.88
8,0.0002444444444444445,10.0,0.4160456657409668,4.92
8,0.0002444444444444445,10.0,0.4201328754425049,4.93
8,0.0002444444444444445,10.0,0.423905611038208,5.14
8,0.0002444444444444445,10.0,0.4278120994567871,5.01
8,0.0002444444444444445,10.0,0.4320392608642578,5.0
8,0.0002444444444444445,10.0,0.4360952377319336,5.0600000000000005
8,0.0002444444444444445,10.0,0.44018054008483887,4.97
8,0.0002444444444444445,10.0,0.44416260719299316,5.04
8,0.0002444444444444445,10.0,0.44820523262023926,4.93
8,0.0002444444444444445,10.0,0.4522068500518799,4.89
8,0.0002444444444444445,10.0,0.4562058448791504,5.0
8,0.0002444444444444445,10.0,0.4602065086364746,5.0600000000000005
8,0.0002444444444444445,10.0,0.4642055034637451,4.88
8,0.0002444444444444445,10.0,0.4682037830352783,5.03
8,0.0002444444444444445,10.0,0.4721992015838623,4.98
8,0.0002444444444444445,10.0,0.4762098789215088,5.0
8,0.0002444444444444445,10.0,0.4802114963531494,4.8500000000000005
8,0.0002444444444444445,10.0,0.4842214584350586,5.07
8,0.0002444444444444445,10.0,0.4882023334503174,5.0200000000000005
8,0.0002444444444444445,10.0,0.49212050437927246,5.04
8,0.0002444444444444445,10.0,0.4959070682525635,5.1000000000000005
8,0.0002444444444444445,10.0,0.4998958110809326,4.99
8,0.0002444444444444445,10.0,0.503953218460083,5.1000000000000005
8,0.0002444444444444445,10.0,0.5122003555297852,5.3500000000000005
8,0.0002444444444444445,10.0,0.5162229537963867,5.4
8,0.0002444444444444445,10.0,0.5201079845428467,5.38
8,0.0002444444444444445,10.0,0.523902177810669,5.59
8,0.0002444444444444445,10.0,0.5278911590576172,5.73
8,0.0002444444444444445,10.0,0.5319077968597412,5.83
8,0.0002444444444444445,10.0,0.5360903739929199,5.9
8,0.0002444444444444445,10.0,0.5401394367218018,6.1000000000000005
8,0.0002444444444444445,10.0,0.5440759658813477,6.32
8,0.0002444444444444445,10.0,0.5481455326080322,6.45
8,0.0002444444444444445,10.0,0.5521814823150635,6.38
8,0.0002444444444444445,10.0,0.5561511516571045,6.5600000000000005
8,0.0002444444444444445,10.0,0.5600190162658691,6.75
8,0.0002444444444444445,10.0,0.5641753673553467,6.87
8,0.0002444444444444445,10.0,0.5681552886962891,6.96
8,0.0002444444444444445,10.0,0.5720531940460205,7.07
8,0.0002444444444444445,10.0,0.5761885643005371,7.04
8,0.0002444444444444445,10.0,0.5801823139190674,7.3
8,0.0002444444444444445,10.0,0.5841813087463379,7.37
8,0.0002444444444444445,10.0,0.5881788730621338,7.48
8,0.0002444444444444445,10.0,0.5921833515167236,7.63
8,0.0002444444444444445,10.0,0.5961859226226807,7.7
8,0.0002444444444444445,10.0,0.6001806259155273,7.8100000000000005
8,0.0002444444444444445,10.0,0.6041901111602783,7.87
8,0.0002444444444444445,10.0,0.6081194877624512,7.94
8,0.0002444444444444445,10.0,0.6122117042541504,8.11
8,0.0002444444444444445,10.0,0.616173267364502,8.03
8,0.0002444444444444445,10.0,0.6200144290924072,8.120000000000001
8,0.0002444444444444445,10.0,0.6236648559570312,8.15
8,0.0002444444444444445,10.0,0.6268243789672852,8.25
8,0.0002444444444444445,10.0,0.6308929920196533,8.31
8,0.0002444444444444445,10.0,0.6350483894348145,8.3
8,0.0002444444444444445,10.0,0.6391139030456543,8.39
8,0.0002444444444444445,10.0,0.6431434154510498,8.34
8,0.0002444444444444445,10.0,0.6472110748291016,8.49
8,0.0002444444444444445,10.0,0.6512100696563721,8.59
8,0.0002444444444444445,10.0,0.6552059650421143,8.56
8,0.0002444444444444445,10.0,0.6591033935546875,8.6
8,0.0002444444444444445,10.0,0.6632101535797119,8.63
8,0.0002444444444444445,10.0,0.6672101020812988,8.69
8,0.0002444444444444445,10.0,0.6711947917938232,8.77
8,0.0002444444444444445,10.0,0.6751985549926758,8.76
8,0.0002444444444444445,10.0,0.6790814399719238,8.81
8,0.0002444444444444445,10.0,0.6832146644592285,8.870000000000001
8,0.0002444444444444445,10.0,0.6871833801269531,8.870000000000001
8,0.0002444444444444445,10.0,0.691220760345459,8.9
8,0.0002444444444444445,10.0,0.6951923370361328,8.9
8,0.0002444444444444445,10.0,0.6991891860961914,8.96
8,0.0002444444444444445,10.0,0.7031848430633545,8.94
8,0.0002444444444444445,10.0,0.707160234451294,8.9
8,0.0002444444444444445,10.0,0.7107889652252197,8.98
8,0.0002444444444444445,10.0,0.7147214412689209,9.040000000000001
8,0.0002444444444444445,10.0,0.7187130451202393,9.1
8,0.0002444444444444445,10.0,0.7230427265167236,9.13
8,0.0002444444444444445,10.0,0.7269241809844971,9.08
8,0.0002444444444444445,10.0,0.7308781147003174,9.19
8,0.0002444444444444445,10.0,0.7349510192871094,9.14
8,0.0002444444444444445,10.0,0.7392399311065674,9.200000000000001
8,0.0002444444444444445,10.0,0.7432606220245361,9.17
8,0.0002444444444444445,10.0,0.7472729682922363,9.28
8,0.0002444444444444445,10.0,0.7512538433074951,9.200000000000001
8,0.0002444444444444445,10.0,0.7552568912506104,9.22
8,0.0002444444444444445,10.0,0.7591259479522705,9.27
8,0.0002444444444444445,10.0,0.762998104095459,9.26
8,0.0002444444444444445,10.0,0.766986608505249,9.34
8,0.0002444444444444445,10.0,0.771247386932373,9.3
8,0.0002444444444444445,10.0,0.7752571105957031,9.27
8,0.0002444444444444445,10.0,0.7792420387268066,9.34
8,0.0002444444444444445,10.0,0.7832622528076172,9.35
8,0.0002444444444444445,10.0,0.7871932983398438,9.31
8,0.0002444444444444445,10.0,0.7912263870239258,9.48
8,0.0002444444444444445,10.0,0.7952592372894287,9.39
8,0.0002444444444444445,10.0,0.7992219924926758,9.42
8,0.0002444444444444445,10.0,0.8032233715057373,9.38
8,0.0002444444444444445,10.0,0.8072447776794434,9.46
8,0.0002444444444444445,10.0,0.8112380504608154,9.44
8,0.0002444444444444445,10.0,0.8152482509613037,9.370000000000001
8,0.0002444444444444445,10.0,0.8191859722137451,9.51
8,0.0002444444444444445,10.0,0.8228726387023926,9.43
8,0.0002444444444444445,10.0,0.8269608020782471,9.41
8,0.0002444444444444445,10.0,0.8311173915863037,9.47
8,0.0002444444444444445,10.0,0.8351671695709229,9.41
8,0.0002444444444444445,10.0,0.8392813205718994,9.51
8,0.0002444444444444445,10.0,0.8431854248046875,9.6
8,0.0002444444444444445,10.0,0.8471932411193848,9.5
8,0.0002444444444444445,10.0,0.8511738777160645,9.52
8,0.0002444444444444445,10.0,0.8551633358001709,9.52
8,0.0002444444444444445,10.0,0.8591549396514893,9.540000000000001
8,0.0002444444444444445,10.0,0.8632051944732666,9.540000000000001
8,0.0002444444444444445,10.0,0.8672292232513428,9.59
8,0.0002444444444444445,10.0,0.8712472915649414,9.65
8,0.0002444444444444445,10.0,0.8752663135528564,9.53
8,0.0002444444444444445,10.0,0.8792345523834229,9.71
8,0.0002444444444444445,10.0,0.8832414150238037,9.59
8,0.0002444444444444445,10.0,0.8872318267822266,9.65
8,0.0002444444444444445,10.0,0.8912835121154785,9.61
8,0.0002444444444444445,10.0,0.8952393531799316,9.67
8,0.0002444444444444445,10.0,0.8992190361022949,9.68
8,0.0002444444444444445,10.0,0.9032480716705322,9.53
8,0.0002444444444444445,10.0,0.9072327613830566,9.58
8,0.0002444444444444445,10.0,0.9112758636474609,9.64
8,0.0002444444444444445,10.0,0.9152665138244629,9.66
8,0.0002444444444444445,10.0,0.9192695617675781,9.620000000000001
8,0.0002444444444444445,10.0,0.9230616092681885,9.57
8,0.0002444444444444445,10.0,0.9268341064453125,9.5
8,0.0002444444444444445,10.0,0.9308922290802002,9.620000000000001
8,0.0002444444444444445,10.0,0.93514084815979,9.68
8,0.0002444444444444445,10.0,0.9390995502471924,9.5
8,0.0002444444444444445,10.0,0.9432215690612793,9.71
8,0.0002444444444444445,10.0,0.947260856628418,9.67
8,0.0002444444444444445,10.0,0.9512743949890137,9.68
8,0.0002444444444444445,10.0,0.9552755355834961,9.55
8,0.0002444444444444445,10.0,0.9591045379638672,9.620000000000001
8,0.0002444444444444445,10.0,0.9632720947265625,9.59
8,0.0002444444444444445,10.0,0.967266321182251,9.620000000000001
8,0.0002444444444444445,10.0,0.971268892288208,9.61
8,0.0002444444444444445,10.0,0.9752135276794434,9.57
8,0.0002444444444444445,10.0,0.979151725769043,9.68
8,0.0002444444444444445,10.0,0.9832291603088379,9.700000000000001
8,0.0002444444444444445,10.0,0.9872467517852783,9.620000000000001
8,0.0002444444444444445,10.0,0.9911608695983887,9.77
8,0.0002444444444444445,10.0,0.9948856830596924,9.56
8,0.0002444444444444445,10.0,0.9989326000213623,9.59
8,0.0002444444444444445,10.0,1.003021240234375,9.81
8,0.0002444444444444445,10.0,1.0069992542266846,9.72
8,0.0002444444444444445,10.0,1.0112051963806152,9.6
8,0.0002444444444444445,10.0,1.0152099132537842,9.67
8,0.0002444444444444445,10.0,1.0192492008209229,9.76
8,0.0002444444444444445,10.0,1.0231661796569824,9.66
8,0.0002444444444444445,10.0,1.0269246101379395,9.75
8,0.0002444444444444445,10.0,1.0308716297149658,9.63
8,0.0002444444444444445,10.0,1.0350148677825928,9.81
8,0.0002444444444444445,10.0,1.0391721725463867,9.84
8,0.0002444444444444445,10.0,1.0431995391845703,9.75
8,0.0002444444444444445,10.0,1.0472137928009033,9.5
8,0.0002444444444444445,10.0,1.0511059761047363,9.68
8,0.0002444444444444445,10.0,1.0551319122314453,9.790000000000001
8,0.0002444444444444445,10.0,1.0590953826904297,9.65
8,0.0002444444444444445,10.0,1.0631144046783447,9.77
8,0.0002444444444444445,10.0,1.0672392845153809,9.71
8,0.0002444444444444445,10.0,1.071239709854126,9.76
8,0.0002444444444444445,10.0,1.0752313137054443,9.83
8,0.0002444444444444445,10.0,1.0792181491851807,9.77
8,0.0002444444444444445,10.0,1.0832302570343018,9.88
8,0.0002444444444444445,10.0,1.0871293544769287,9.9
8,0.0002444444444444445,10.0,1.0911195278167725,9.76
8,0.0002444444444444445,10.0,1.095215082168579,9.82
8,0.0002444444444444445,10.0,1.0992205142974854,9.73
8,0.0002444444444444445,10.0,1.1032187938690186,9.85
8,0.0002444444444444445,10.0,1.1071784496307373,9.82
8,0.0002444444444444445,10.0,1.1111829280853271,9.76
8,0.0002444444444444445,10.0,1.11521315574646,9.67
8,0.0002444444444444445,10.0,1.1191613674163818,9.86
8,0.0002444444444444445,10.0,1.123110055923462,9.8
8,0.0002444444444444445,10.0,1.1268913745880127,9.94
8,0.0002444444444444445,10.0,1.1310174465179443,10.06
8,0.0002444444444444445,10.0,1.1350746154785156,9.950000000000001
8,0.0002444444444444445,10.0,1.1391685009002686,9.97
8,0.0002444444444444445,10.0,1.1431872844696045,9.89
8,0.0002444444444444445,10.0,1.1472201347351074,9.83
8,0.0002444444444444445,10.0,1.1512739658355713,9.81
8,0.0002444444444444445,10.0,1.1552574634552002,9.85
8,0.0002444444444444445,10.0,1.1592392921447754,9.83
8,0.0002444444444444445,10.0,1.1630523204803467,9.89
8,0.0002444444444444445,10.0,1.166877031326294,9.89
8,0.0002444444444444445,10.0,1.1707780361175537,9.93
8,0.0002444444444444445,10.0,1.174785852432251,9.93
8,0.0002444444444444445,10.0,1.178842544555664,9.85
8,0.0002444444444444445,10.0,1.1829817295074463,9.86
8,0.0002444444444444445,10.0,1.1869468688964844,9.88
8,0.0002444444444444445,10.0,1.1908230781555176,9.86
8,0.0002444444444444445,10.0,1.1948637962341309,9.93
8,0.0002444444444444445,10.0,1.19889235496521,9.620000000000001
8,0.0002444444444444445,10.0,1.2029216289520264,9.89
8,0.0002444444444444445,10.0,1.2070910930633545,10.07
8,0.0002444444444444445,10.0,1.2109642028808594,9.76
8,0.0002444444444444445,10.0,1.2150616645812988,9.89
8,0.0002444444444444445,10.0,1.2191343307495117,9.9
8,0.0002444444444444445,10.0,1.2230510711669922,9.86
8,0.0002444444444444445,10.0,1.2268702983856201,9.790000000000001
8,0.0002444444444444445,10.0,1.2309401035308838,9.66
8,0.0002444444444444445,10.0,1.234921932220459,9.84
8,0.0002444444444444445,10.0,1.238999366760254,9.9
8,0.0002444444444444445,10.0,1.243039846420288,9.86
8,0.0002444444444444445,10.0,1.2471418380737305,10.01
8,0.0002444444444444445,10.0,1.2511277198791504,9.98
8,0.0002444444444444445,10.0,1.2551651000976562,9.94
8,0.0002444444444444445,10.0,1.2588913440704346,9.96
8,0.0002444444444444445,10.0,1.262690782546997,10.11
8,0.0002444444444444445,10.0,1.2671315670013428,9.92
8,0.0002444444444444445,10.0,1.2712209224700928,10.040000000000001
8,0.0002444444444444445,10.0,1.2750120162963867,9.790000000000001
8,0.0002444444444444445,10.0,1.2791416645050049,9.96
8,0.0002444444444444445,10.0,1.2831358909606934,9.85
8,0.0002444444444444445,10.0,1.2871315479278564,10.13
8,0.0002444444444444445,10.0,1.291166067123413,9.83
8,0.0002444444444444445,10.0,1.2951364517211914,9.790000000000001
8,0.0002444444444444445,10.0,1.299128532409668,9.99
8,0.0002444444444444445,10.0,1.303138017654419,9.78
8,0.0002444444444444445,10.0,1.307126760482788,9.94
8,0.0002444444444444445,10.0,1.3107542991638184,9.93
8,0.0002444444444444445,10.0,1.3151419162750244,9.84
8,0.0002444444444444445,10.0,1.3191468715667725,9.89
8,0.0002444444444444445,10.0,1.3231067657470703,9.99
8,0.0002444444444444445,10.0,1.3268377780914307,9.93
8,0.0002444444444444445,10.0,1.33082914352417,9.91
8,0.0002444444444444445,10.0,1.335014820098877,9.6
8,0.0002444444444444445,10.0,1.3390462398529053,9.73
8,0.0002444444444444445,10.0,1.3430192470550537,9.84
8,0.0002444444444444445,10.0,1.3468589782714844,10.16
8,0.0002444444444444445,10.0,1.3507943153381348,9.96
8,0.0002444444444444445,10.0,1.354830265045166,9.92
8,0.0002444444444444445,10.0,1.3588261604309082,9.9
8,0.0002444444444444445,10.0,1.3626549243927002,9.94
8,0.0002444444444444445,10.0,1.3656561374664307,10.01
8,0.0002444444444444445,10.0,1.3686590194702148,10.01
8,0.0002444444444444445,10.0,1.3720831871032715,10.18
8,0.0002444444444444445,10.0,1.3760666847229004,9.89
8,0.0002444444444444445,10.0,1.3800065517425537,9.86
8,0.0002444444444444445,10.0,1.3840794563293457,9.86
8,0.0002444444444444445,10.0,1.388136625289917,9.950000000000001
8,0.0002444444444444445,10.0,1.3921384811401367,9.85
8,0.0002444444444444445,10.0,1.3960785865783691,9.89
8,0.0002444444444444445,10.0,1.4000849723815918,9.96
8,0.0002444444444444445,10.0,1.4041402339935303,9.98
8,0.0002444444444444445,10.0,1.4080166816711426,9.73
8,0.0002444444444444445,10.0,1.412128210067749,9.93
8,0.0002444444444444445,10.0,1.416147232055664,9.72
8,0.0002444444444444445,10.0,1.4201335906982422,9.89
8,0.0002444444444444445,10.0,1.4240918159484863,9.82
8,0.0002444444444444445,10.0,1.4278066158294678,9.88
8,0.0002444444444444445,10.0,1.432002067565918,10.0
8,0.0002444444444444445,10.0,1.435990810394287,9.89
8,0.0002444444444444445,10.0,1.440037727355957,10.05
8,0.0002444444444444445,10.0,1.4440462589263916,9.78
8,0.0002444444444444445,10.0,1.448143720626831,10.05
8,0.0002444444444444445,10.0,1.4521474838256836,9.92
8,0.0002444444444444445,10.0,1.4560647010803223,9.94
8,0.0002444444444444445,10.0,1.460036277770996,9.93
8,0.0002444444444444445,10.0,1.464008092880249,10.05
8,0.0002444444444444445,10.0,1.4681658744812012,9.96
8,0.0002444444444444445,10.0,1.4721360206604004,10.07
8,0.0002444444444444445,10.0,1.476130485534668,9.98
8,0.0002444444444444445,10.0,1.4801313877105713,10.02
8,0.0002444444444444445,10.0,1.4841442108154297,9.98
8,0.0002444444444444445,10.0,1.4881460666656494,10.01
8,0.0002444444444444445,10.0,1.4921166896820068,9.99
8,0.0002444444444444445,10.0,1.4958348274230957,9.85
8,0.0002444444444444445,10.0,1.499840259552002,9.96
9,0.0002666666666666667,5.0,2.86102294921875e-06,2.52
9,0.0002666666666666667,5.0,0.00786733627319336,2.49
9,0.0002666666666666667,5.0,0.011846065521240234,2.52
9,0.0002666666666666667,5.0,0.015863656997680664,2.5
9,0.0002666666666666667,5.0,0.019840717315673828,2.5100000000000002
9,0.0002666666666666667,5.0,0.023843050003051758,2.5
9,0.0002666666666666667,5.0,0.027851343154907227,2.5
9,0.0002666666666666667,5.0,0.03184652328491211,2.48
9,0.0002666666666666667,5.0,0.03585195541381836,2.5100000000000002
9,0.0002666666666666667,5.0,0.03985023498535156,2.49
9,0.0002666666666666667,5.0,0.04385018348693848,2.48
9,0.0002666666666666667,5.0,0.04770636558532715,2.5100000000000002
9,0.0002666666666666667,5.0,0.051685333251953125,2.5100000000000002
9,0.0002666666666666667,5.0,0.05569124221801758,2.5
9,0.0002666666666666667,5.0,0.059862375259399414,2.5100000000000002
9,0.0002666666666666667,5.0,0.06384420394897461,2.47
9,0.0002666666666666667,5.0,0.06777167320251465,2.48
9,0.0002666666666666667,5.0,0.07156991958618164,2.49
9,0.0002666666666666667,5.0,0.07552599906921387,2.5
9,0.0002666666666666667,5.0,0.07963919639587402,2.48
9,0.0002666666666666667,5.0,0.08379888534545898,2.52
9,0.0002666666666666667,5.0,0.08779382705688477,2.5100000000000002
9,0.0002666666666666667,5.0,0.09187841415405273,2.5
9,0.0002666666666666667,5.0,0.09588122367858887,2.5
9,0.0002666666666666667,5.0,0.09963297843933105,2.47
9,0.0002666666666666667,5.0,0.10363030433654785,2.5
9,0.0002666666666666667,5.0,0.10769176483154297,2.52
9,0.0002666666666666667,5.0,0.11173510551452637,2.52
9,0.0002666666666666667,5.0,0.1157691478729248,2.5
9,0.0002666666666666667,5.0,0.11986684799194336,2.47
9,0.0002666666666666667,5.0,0.12382841110229492,2.5100000000000002
9,0.0002666666666666667,5.0,0.12787389755249023,2.49
9,0.0002666666666666667,5.0,0.13187098503112793,2.5100000000000002
9,0.0002666666666666667,5.0,0.1358644962310791,2.48
9,0.0002666666666666667,5.0,0.13984274864196777,2.49
9,0.0002666666666666667,5.0,0.14386892318725586,2.49
9,0.0002666666666666667,5.0,0.14778518676757812,2.5100000000000002
9,0.0002666666666666667,5.0,0.151871919631958,2.5100000000000002
9,0.0002666666666666667,5.0,0.15587139129638672,2.5100000000000002
9,0.0002666666666666667,5.0,0.15987539291381836,2.5100000000000002
9,0.0002666666666666667,5.0,0.1638500690460205,2.52
9,0.0002666666666666667,5.0,0.16777801513671875,2.5
9,0.0002666666666666667,5.0,0.17157340049743652,2.48
9,0.0002666666666666667,5.0,0.17567229270935059,2.49
9,0.0002666666666666667,5.0,0.1796431541442871,2.5300000000000002
9,0.0002666666666666667,5.0,0.18375468254089355,2.48
9,0.0002666666666666667,5.0,0.18786978721618652,2.5
9,0.0002666666666666667,5.0,0.19173049926757812,2.5100000000000002
9,0.0002666666666666667,5.0,0.19585299491882324,2.5
9,0.0002666666666666667,5.0,0.19968795776367188,2.49
9,0.0002666666666666667,5.0,0.2037191390991211,2.5100000000000002
9,0.0002666666666666667,5.0,0.20787811279296875,2.48
9,0.0002666666666666667,5.0,0.21184635162353516,2.5
9,0.0002666666666666667,5.0,0.21581244468688965,2.47
9,0.0002666666666666667,5.0,0.21978116035461426,2.5100000000000002
9,0.0002666666666666667,5.0,0.22380614280700684,2.49
9,0.0002666666666666667,5.0,0.22783803939819336,2.5
9,0.0002666666666666667,5.0,0.23177719116210938,2.5
9,0.0002666666666666667,5.0,0.23552799224853516,2.5
9,0.0002666666666666667,5.0,0.2395789623260498,2.5
9,0.0002666666666666667,5.0,0.24361085891723633,2.5100000000000002
9,0.0002666666666666667,5.0,0.24776005744934082,2.52
9,0.0002666666666666667,5.0,0.25176143646240234,2.49
9,0.0002666666666666667,5.0,0.2558255195617676,2.49
9,0.0002666666666666667,5.0,0.2598419189453125,2.52
9,0.0002666666666666667,5.0,0.26386237144470215,2.5100000000000002
9,0.0002666666666666667,5.0,0.26779818534851074,2.5
9,0.0002666666666666667,5.0,0.27155590057373047,2.5
9,0.0002666666666666667,5.0,0.2755451202392578,2.49
9,0.0002666666666666667,5.0,0.27960753440856934,2.5
9,0.0002666666666666667,5.0,0.28379321098327637,2.47
9,0.0002666666666666667,5.0,0.28780388832092285,2.5100000000000002
9,0.0002666666666666667,5.0,0.2918272018432617,2.5100000000000002
9,0.0002666666666666667,5.0,0.2957131862640381,2.49
9,0.0002666666666666667,5.0,0.2998216152191162,2.5100000000000002
9,0.0002666666666666667,5.0,0.30382513999938965,2.48
9,0.0002666666666666667,5.0,0.30782532691955566,2.5100000000000002
9,0.0002666666666666667,5.0,0.31183600425720215,2.47
9,0.0002666666666666667,5.0,0.31583189964294434,2.49
9,0.0002666666666666667,5.0,0.31981992721557617,2.5
9,0.0002666666666666667,5.0,0.32381677627563477,2.5100000000000002
9,0.0002666666666666667,5.0,0.327838659286499,2.49
9,0.0002666666666666667,5.0,0.3317854404449463,2.46
9,0.0002666666666666667,5.0,0.33582019805908203,2.49
9,0.0002666666666666667,5.0,0.3398125171661377,2.52
9,0.0002666666666666667,5.0,0.3438150882720947,2.5
9,0.0002666666666666667,5.0,0.3476982116699219,2.49
9,0.0002666666666666667,5.0,0.3516573905944824,2.48
9,0.0002666666666666667,5.0,0.3558065891265869,2.47
9,0.0002666666666666667,5.0,0.35982441902160645,2.5
9,0.0002666666666666667,5.0,0.36382102966308594,2.5100000000000002
9,0.0002666666666666667,5.0,0.3678464889526367,2.5100000000000002
9,0.0002666666666666667,5.0,0.37162256240844727,2.52
9,0.0002666666666666667,5.0,0.3755168914794922,2.49
9,0.0002666666666666667,5.0,0.3795905113220215,2.5
9,0.0002666666666666667,5.0,0.3838376998901367,2.49
9,0.0002666666666666667,5.0,0.3878512382507324,2.5100000000000002
9,0.0002666666666666667,5.0,0.3918159008026123,2.5
9,0.0002666666666666667,5.0,0.3958144187927246,2.48
9,0.0002666666666666667,5.0,0.3996915817260742,2.5
9,0.0002666666666666667,5.0,0.40366649627685547,2.5
9,0.0002666666666666667,5.0,0.4077267646789551,2.5
9,0.0002666666666666667,5.0,0.41176557540893555,2.52
9,0.0002666666666666667,5.0,0.41582393646240234,2.45
9,0.0002666666666666667,5.0,0.41956210136413574,2.5100000000000002
9,0.0002666666666666667,5.0,0.42368102073669434,2.47
9,0.0002666666666666667,5.0,0.42773985862731934,2.49
9,0.0002666666666666667,5.0,0.4318077564239502,2.48
9,0.0002666666666666667,5.0,0.4357619285583496,2.5100000000000002
9,0.0002666666666666667,5.0,0.43974924087524414,2.48
9,0.0002666666666666667,5.0,0.44379758834838867,2.47
9,0.0002666666666666667,5.0,0.4477839469909668,2.5
9,0.0002666666666666667,5.0,0.4518611431121826,2.49
9,0.0002666666666666667,5.0,0.4557816982269287,2.5
9,0.0002666666666666667,5.0,0.45980310440063477,2.47
9,0.0002666666666666667,5.0,0.46384739875793457,2.49
9,0.0002666666666666667,5.0,0.46784138679504395,2.49
9,0.0002666666666666667,5.0,0.47165608406066895,2.5100000000000002
9,0.0002666666666666667,5.0,0.47548556327819824,2.49
9,0.0002666666666666667,5.0,0.4793682098388672,2.48
9,0.0002666666666666667,5.0,0.4837484359741211,2.47
9,0.0002666666666666667,5.0,0.4878246784210205,2.49
9,0.0002666666666666667,5.0,0.49178218841552734,2.47
9,0.0002666666666666667,5.0,0.49561285972595215,2.5100000000000002
9,0.0002666666666666667,5.0,0.49958205223083496,2.5
9,0.0002666666666666667,5.0,0.5037288665771484,2.54
9,0.0002666666666666667,5.0,0.5118303298950195,2.61
9,0.0002666666666666667,5.0,0.5158240795135498,2.68
9,0.0002666666666666667,5.0,0.5198230743408203,2.75
9,0.0002666666666666667,5.0,0.5238451957702637,2.82
9,0.0002666666666666667,5.0,0.5278239250183105,2.87
9,0.0002666666666666667,5.0,0.5318264961242676,2.95
9,0.0002666666666666667,5.0,0.5358269214630127,3.0
9,0.0002666666666666667,5.0,0.5398285388946533,3.04
9,0.0002666666666666667,5.0,0.5437643527984619,3.15
9,0.0002666666666666667,5.0,0.5477333068847656,3.17
9,0.0002666666666666667,5.0,0.5515875816345215,3.21
9,0.0002666666666666667,5.0,0.5556166172027588,3.2600000000000002
9,0.0002666666666666667,5.0,0.5598094463348389,3.31
9,0.0002666666666666667,5.0,0.563805341720581,3.4
9,0.0002666666666666667,5.0,0.5678074359893799,3.42
9,0.0002666666666666667,5.0,0.5717391967773438,3.39
9,0.0002666666666666667,5.0,0.575324535369873,3.47
9,0.0002666666666666667,5.0,0.578498125076294,3.54
9,0.0002666666666666667,5.0,0.5825855731964111,3.56
9,0.0002666666666666667,5.0,0.5867748260498047,3.61
9,0.0002666666666666667,5.0,0.5906813144683838,3.63
9,0.0002666666666666667,5.0,0.5948019027709961,3.69
9,0.0002666666666666667,5.0,0.5987327098846436,3.71
9,0.0002666666666666667,5.0,0.6026535034179688,3.7600000000000002
9,0.0002666666666666667,5.0,0.6066622734069824,3.77
9,0.0002666666666666667,5.0,0.610673189163208,3.83
9,0.0002666666666666667,5.0,0.6146724224090576,3.81
9,0.0002666666666666667,5.0,0.6186692714691162,3.85
9,0.0002666666666666667,5.0,0.6227548122406006,3.9
9,0.0002666666666666667,5.0,0.6267993450164795,3.9
9,0.0002666666666666667,5.0,0.630748987197876,3.95
9,0.0002666666666666667,5.0,0.6347978115081787,3.96
9,0.0002666666666666667,5.0,0.6388285160064697,4.03
9,0.0002666666666666667,5.0,0.6428313255310059,4.03
9,0.0002666666666666667,5.0,0.6468181610107422,4.0200000000000005
9,0.0002666666666666667,5.0,0.6506168842315674,4.08
9,0.0002666666666666667,5.0,0.6546320915222168,4.13
9,0.0002666666666666667,5.0,0.6588311195373535,4.14
9,0.0002666666666666667,5.0,0.6628172397613525,4.11
9,0.0002666666666666667,5.0,0.6668422222137451,4.18
9,0.0002666666666666667,5.0,0.6707596778869629,4.22
9,0.0002666666666666667,5.0,0.6746268272399902,4.25
9,0.0002666666666666667,5.0,0.6785259246826172,4.23
9,0.0002666666666666667,5.0,0.6825387477874756,4.28
9,0.0002666666666666667,5.0,0.6867978572845459,4.28
9,0.0002666666666666667,5.0,0.6908249855041504,4.32
9,0.0002666666666666667,5.0,0.6948249340057373,4.33
9,0.0002666666666666667,5.0,0.6986708641052246,4.33
9,0.0002666666666666667,5.0,0.7026114463806152,4.39
9,0.0002666666666666667,5.0,0.7065269947052002,4.36
9,0.0002666666666666667,5.0,0.7108376026153564,4.41
9,0.0002666666666666667,5.0,0.7148067951202393,4.3500000000000005
9,0.0002666666666666667,5.0,0.7188117504119873,4.41
9,0.0002666666666666667,5.0,0.7228102684020996,4.45
9,0.0002666666666666667,5.0,0.7268292903900146,4.44
9,0.0002666666666666667,5.0,0.7308075428009033,4.44
9,0.0002666666666666667,5.0,0.7346827983856201,4.5
9,0.0002666666666666667,5.0,0.7384839057922363,4.49
9,0.0002666666666666667,5.0,0.7424929141998291,4.47
9,0.0002666666666666667,5.0,0.7467522621154785,4.55
9,0.0002666666666666667,5.0,0.7506434917449951,4.49
9,0.0002666666666666667,5.0,0.7548050880432129,4.6000000000000005
9,0.0002666666666666667,5.0,0.7588050365447998,4.5600000000000005
9,0.0002666666666666667,5.0,0.7627813816070557,4.59
9,0.0002666666666666667,5.0,0.766819953918457,4.5600000000000005
9,0.0002666666666666667,5.0,0.7708468437194824,4.6000000000000005
9,0.0002666666666666667,5.0,0.7745962142944336,4.63
9,0.0002666666666666667,5.0,0.7785079479217529,4.71
9,0.0002666666666666667,5.0,0.7826502323150635,4.61
9,0.0002666666666666667,5.0,0.7867445945739746,4.59
9,0.0002666666666666667,5.0,0.7907931804656982,4.66
9,0.0002666666666666667,5.0,0.794762134552002,4.68
9,0.0002666666666666667,5.0,0.7986636161804199,4.68
9,0.0002666666666666667,5.0,0.802664041519165,4.68
9,0.0002666666666666667,5.0,0.8066890239715576,4.73
9,0.0002666666666666667,5.0,0.810659646987915,4.64
9,0.0002666666666666667,5.0,0.8147788047790527,4.65
9,0.0002666666666666667,5.0,0.8187811374664307,4.72
9,0.0002666666666666667,5.0,0.8227787017822266,4.75
9,0.0002666666666666667,5.0,0.8266863822937012,4.79
9,0.0002666666666666667,5.0,0.8307983875274658,4.71
9,0.0002666666666666667,5.0,0.8347804546356201,4.76
9,0.0002666666666666667,5.0,0.8387725353240967,4.76
9,0.0002666666666666667,5.0,0.842787504196167,4.83
9,0.0002666666666666667,5.0,0.846782922744751,4.68
9,0.0002666666666666667,5.0,0.8507246971130371,4.79
9,0.0002666666666666667,5.0,0.8547482490539551,4.7700000000000005
9,0.0002666666666666667,5.0,0.8587851524353027,4.7700000000000005
9,0.0002666666666666667,5.0,0.862774133682251,4.76
9,0.0002666666666666667,5.0,0.86678147315979,4.8500000000000005
9,0.0002666666666666667,5.0,0.8707764148712158,4.73
9,0.0002666666666666667,5.0,0.8746023178100586,4.84
9,0.0002666666666666667,5.0,0.8784325122833252,4.82
9,0.0002666666666666667,5.0,0.882500410079956,4.8100000000000005
9,0.0002666666666666667,5.0,0.8867411613464355,4.8500000000000005
9,0.0002666666666666667,5.0,0.8907666206359863,4.83
9,0.0002666666666666667,5.0,0.8948030471801758,4.78
9,0.0002666666666666667,5.0,0.8987898826599121,4.82
9,0.0002666666666666667,5.0,0.9026861190795898,4.82
9,0.0002666666666666667,5.0,0.9067988395690918,4.8100000000000005
9,0.0002666666666666667,5.0,0.9107654094696045,4.8500000000000005
9,0.0002666666666666667,5.0,0.9147758483886719,4.84
9,0.0002666666666666667,5.0,0.918811559677124,4.86
9,0.0002666666666666667,5.0,0.9226565361022949,4.86
9,0.0002666666666666667,5.0,0.9266469478607178,4.8500000000000005
9,0.0002666666666666667,5.0,0.9308044910430908,4.88
9,0.0002666666666666667,5.0,0.9348034858703613,4.93
9,0.0002666666666666667,5.0,0.9388189315795898,4.86
9,0.0002666666666666667,5.0,0.9428126811981201,4.87
9,0.0002666666666666667,5.0,0.9467957019805908,4.93
9,0.0002666666666666667,5.0,0.9508547782897949,4.89
9,0.0002666666666666667,5.0,0.9548084735870361,4.8500000000000005
9,0.0002666666666666667,5.0,0.9587957859039307,4.93
9,0.0002666666666666667,5.0,0.9628126621246338,4.88
9,0.0002666666666666667,5.0,0.9667816162109375,4.89
9,0.0002666666666666667,5.0,0.9708232879638672,4.91
9,0.0002666666666666667,5.0,0.9746489524841309,4.92
9,0.0002666666666666667,5.0,0.9785315990447998,4.87
9,0.0002666666666666667,5.0,0.9825022220611572,4.8100000000000005
9,0.0002666666666666667,5.0,0.9866166114807129,4.91
9,0.0002666666666666667,5.0,0.9906203746795654,4.93
9,0.0002666666666666667,5.0,0.9946713447570801,4.93
9,0.0002666666666666667,5.0,0.9986724853515625,4.96
9,0.0002666666666666667,5.0,1.002664566040039,4.89
9,0.0002666666666666667,5.0,1.0066471099853516,4.95
9,0.0002666666666666667,5.0,1.0106630325317383,4.91
9,0.0002666666666666667,5.0,1.0146658420562744,4.9
9,0.0002666666666666667,5.0,1.018782377243042,4.95
9,0.0002666666666666667,5.0,1.0227832794189453,4.88
9,0.0002666666666666667,5.0,1.02669358253479,4.9
9,0.0002666666666666667,5.0,1.0307331085205078,4.9
9,0.0002666666666666667,5.0,1.0348057746887207,4.9
9,0.0002666666666666667,5.0,1.0387978553771973,4.97
9,0.0002666666666666667,5.0,1.042799472808838,4.97
9,0.0002666666666666667,5.0,1.046778917312622,4.94
9,0.0002666666666666667,5.0,1.0507268905639648,4.89
9,0.0002666666666666667,5.0,1.0546953678131104,4.94
9,0.0002666666666666667,5.0,1.0587754249572754,4.97
9,0.0002666666666666667,5.0,1.0626237392425537,5.0
9,0.0002666666666666667,5.0,1.066789150238037,4.94
9,0.0002666666666666667,5.0,1.0707809925079346,4.98
9,0.0002666666666666667,5.0,1.0747199058532715,4.9
9,0.0002666666666666667,5.0,1.078545331954956,4.98
9,0.0002666666666666667,5.0,1.082486629486084,4.95
9,0.0002666666666666667,5.0,1.0865066051483154,4.95
9,0.0002666666666666667,5.0,1.0907037258148193,4.97
9,0.0002666666666666667,5.0,1.0947563648223877,4.94
9,0.0002666666666666667,5.0,1.0987176895141602,4.93
9,0.0002666666666666667,5.0,1.1027729511260986,4.96
9,0.0002666666666666667,5.0,1.1068031787872314,4.86
9,0.0002666666666666667,5.0,1.1108076572418213,4.96
9,0.0002666666666666667,5.0,1.1147823333740234,4.97
9,0.0002666666666666667,5.0,1.1187148094177246,4.94
9,0.0002666666666666667,5.0,1.1226472854614258,4.96
9,0.0002666666666666667,5.0,1.126650333404541,5.03
9,0.0002666666666666667,5.0,1.1306366920471191,4.98
9,0.0002666666666666667,5.0,1.134638786315918,4.99
9,0.0002666666666666667,5.0,1.1386749744415283,4.93
9,0.0002666666666666667,5.0,1.142693042755127,4.95
9,0.0002666666666666667,5.0,1.1466782093048096,4.96
9,0.0002666666666666667,5.0,1.150627613067627,5.01
9,0.0002666666666666667,5.0,1.1546711921691895,4.97
9,0.0002666666666666667,5.0,1.158820629119873,4.95
9,0.0002666666666666667,5.0,1.1626718044281006,5.0
9,0.0002666666666666667,5.0,1.1668128967285156,4.94
9,0.0002666666666666667,5.0,1.1708076000213623,4.96
9,0.0002666666666666667,5.0,1.1747331619262695,4.94
9,0.0002666666666666667,5.0,1.1784980297088623,4.96
9,0.0002666666666666667,5.0,1.1825182437896729,4.96
9,0.0002666666666666667,5.0,1.1866965293884277,4.98
9,0.0002666666666666667,5.0,1.1907529830932617,5.0
9,0.0002666666666666667,5.0,1.194673776626587,4.98
9,0.0002666666666666667,5.0,1.1987431049346924,5.03
9,0.0002666666666666667,5.0,1.202655553817749,4.97
9,0.0002666666666666667,5.0,1.2067060470581055,4.97
9,0.0002666666666666667,5.0,1.2107055187225342,4.98
9,0.0002666666666666667,5.0,1.2147068977355957,4.99
9,0.0002666666666666667,5.0,1.2187747955322266,4.97
9,0.0002666666666666667,5.0,1.222773790359497,5.01
9,0.0002666666666666667,5.0,1.2267489433288574,4.94
9,0.0002666666666666667,5.0,1.2306687831878662,5.05
9,0.0002666666666666667,5.0,1.2346222400665283,4.96
9,0.0002666666666666667,5.0,1.2385234832763672,5.01
9,0.0002666666666666667,5.0,1.2426681518554688,4.98
9,0.0002666666666666667,5.0,1.2465989589691162,4.91
9,0.0002666666666666667,5.0,1.2505548000335693,5.01
9,0.0002666666666666667,5.0,1.254596471786499,4.93
9,0.0002666666666666667,5.0,1.2587904930114746,5.03
9,0.0002666666666666667,5.0,1.2628130912780762,5.0200000000000005
9,0.0002666666666666667,5.0,1.2667248249053955,4.91
9,0.0002666666666666667,5.0,1.2708384990692139,4.97
9,0.0002666666666666667,5.0,1.2747597694396973,4.97
9,0.0002666666666666667,5.0,1.2785675525665283,4.99
9,0.0002666666666666667,5.0,1.282522201538086,4.98
9,0.0002666666666666667,5.0,1.286545753479004,5.0200000000000005
9,0.0002666666666666667,5.0,1.2907695770263672,4.99
9,0.0002666666666666667,5.0,1.2948071956634521,4.99
9,0.0002666666666666667,5.0,1.2985680103302002,4.93
9,0.0002666666666666667,5.0,1.3026378154754639,4.98
9,0.0002666666666666667,5.0,1.3066513538360596,4.98
9,0.0002666666666666667,5.0,1.3108124732971191,4.94
9,0.0002666666666666667,5.0,1.3147892951965332,4.96
9,0.0002666666666666667,5.0,1.3188107013702393,4.97
9,0.0002666666666666667,5.0,1.3227565288543701,4.97
9,0.0002666666666666667,5.0,1.3268098831176758,5.0
9,0.0002666666666666667,5.0,1.330815315246582,5.0
9,0.0002666666666666667,5.0,1.3346152305603027,4.97
9,0.0002666666666666667,5.0,1.3384358882904053,4.97
9,0.0002666666666666667,5.0,1.3425254821777344,5.03
9,0.0002666666666666667,5.0,1.3465802669525146,5.01
9,0.0002666666666666667,5.0,1.350487232208252,4.96
9,0.0002666666666666667,5.0,1.3547608852386475,4.95
9,0.0002666666666666667,5.0,1.3587899208068848,4.97
9,0.0002666666666666667,5.0,1.362809181213379,4.93
9,0.0002666666666666667,5.0,1.366673231124878,5.01
9,0.0002666666666666667,5.0,1.370727777481079,4.99
9,0.0002666666666666667,5.0,1.3747401237487793,4.99
9,0.0002666666666666667,5.0,1.3785467147827148,4.98
9,0.0002666666666666667,5.0,1.382479190826416,5.0200000000000005
9,0.0002666666666666667,5.0,1.3865509033203125,4.97
9,0.0002666666666666667,5.0,1.3906149864196777,4.98
9,0.0002666666666666667,5.0,1.3947641849517822,5.0
9,0.0002666666666666667,5.0,1.398770809173584,4.94
9,0.0002666666666666667,5.0,1.402663230895996,5.01
9,0.0002666666666666667,5.0,1.4067776203155518,5.0200000000000005
9,0.0002666666666666667,5.0,1.4105515480041504,5.01
9,0.0002666666666666667,5.0,1.414419174194336,4.98
9,0.0002666666666666667,5.0,1.4184587001800537,4.98
9,0.0002666666666666667,5.0,1.422464370727539,5.0200000000000005
9,0.0002666666666666667,5.0,1.4263513088226318,4.99
9,0.0002666666666666667,5.0,1.4304580688476562,4.97
9,0.0002666666666666667,5.0,1.4344568252563477,4.97
9,0.0002666666666666667,5.0,1.4385113716125488,4.99
9,0.0002666666666666667,5.0,1.4425632953643799,4.99
9,0.0002666666666666667,5.0,1.446580171585083,5.03
9,0.0002666666666666667,5.0,1.4505829811096191,5.03
9,0.0002666666666666667,5.0,1.4547228813171387,5.04
9,0.0002666666666666667,5.0,1.4587502479553223,4.99
9,0.0002666666666666667,5.0,1.462749719619751,4.99
9,0.0002666666666666667,5.0,1.466726303100586,4.99
9,0.0002666666666666667,5.0,1.4707286357879639,5.04
9,0.0002666666666666667,5.0,1.4747288227081299,4.98
9,0.0002666666666666667,5.0,1.478653907775879,4.96
9,0.0002666666666666667,5.0,1.4824278354644775,4.97
9,0.0002666666666666667,5.0,1.486424446105957,4.99
9,0.0002666666666666667,5.0,1.490614891052246,4.99
9,0.0002666666666666667,5.0,1.494720697402954,4.98
9,0.0002666666666666667,5.0,1.4986917972564697,5.0
10,0.0002666666666666667,7.5,2.86102294921875e-06,3.75
10,0.0002666666666666667,7.5,0.008009195327758789,3.7600000000000002
10,0.0002666666666666667,7.5,0.01200413703918457,3.71
10,0.0002666666666666667,7.5,0.016007661819458008,3.72
10,0.0002666666666666667,7.5,0.020031452178955078,3.77
10,0.0002666666666666667,7.5,0.023789167404174805,3.74
10,0.0002666666666666667,7.5,0.027687788009643555,3.69
10,0.0002666666666666667,7.5,0.03185725212097168,3.71
10,0.0002666666666666667,7.5,0.03596973419189453,3.7600000000000002
10,0.0002666666666666667,7.5,0.039873361587524414,3.74
10,0.0002666666666666667,7.5,0.04387354850769043,3.74
10,0.0002666666666666667,7.5,0.04787278175354004,3.73
10,0.0002666666666666667,7.5,0.051964521408081055,3.7800000000000002
10,0.0002666666666666667,7.5,0.05600595474243164,3.7800000000000002
10,0.0002666666666666667,7.5,0.06000542640686035,3.72
10,0.0002666666666666667,7.5,0.06399965286254883,3.72
10,0.0002666666666666667,7.5,0.06795477867126465,3.7800000000000002
10,0.0002666666666666667,7.5,0.07207179069519043,3.7800000000000002
10,0.0002666666666666667,7.5,0.07601428031921387,3.77
10,0.0002666666666666667,7.5,0.08000469207763672,3.8000000000000003
10,0.0002666666666666667,7.5,0.08400726318359375,3.8000000000000003
10,0.0002666666666666667,7.5,0.08800745010375977,3.68
10,0.0002666666666666667,7.5,0.09183645248413086,3.75
10,0.0002666666666666667,7.5,0.09602093696594238,3.73
10,0.0002666666666666667,7.5,0.10000491142272949,3.71
10,0.0002666666666666667,7.5,0.10400700569152832,3.81
10,0.0002666666666666667,7.5,0.10801982879638672,3.8200000000000003
10,0.0002666666666666667,7.5,0.11199593544006348,3.7
10,0.0002666666666666667,7.5,0.11600708961486816,3.74
10,0.0002666666666666667,7.5,0.11998414993286133,3.74
10,0.0002666666666666667,7.5,0.12380433082580566,3.68
10,0.0002666666666666667,7.5,0.12771105766296387,3.79
10,0.0002666666666666667,7.5,0.13176226615905762,3.83
10,0.0002666666666666667,7.5,0.13579154014587402,3.79
10,0.0002666666666666667,7.5,0.13987350463867188,3.81
10,0.0002666666666666667,7.5,0.14403414726257324,3.72
10,0.0002666666666666667,7.5,0.1480271816253662,3.74
10,0.0002666666666666667,7.5,0.15204215049743652,3.77
10,0.0002666666666666667,7.5,0.15602850914001465,3.75
10,0.0002666666666666667,7.5,0.16003012657165527,3.7800000000000002
10,0.0002666666666666667,7.5,0.1638779640197754,3.69
10,0.0002666666666666667,7.5,0.16788244247436523,3.7600000000000002
10,0.0002666666666666667,7.5,0.17187786102294922,3.77
10,0.0002666666666666667,7.5,0.176039457321167,3.79
10,0.0002666666666666667,7.5,0.18000388145446777,3.81
10,0.0002666666666666667,7.5,0.18401789665222168,3.8000000000000003
10,0.0002666666666666667,7.5,0.18800878524780273,3.67
10,0.0002666666666666667,7.5,0.19186949729919434,3.85
10,0.0002666666666666667,7.5,0.1960127353668213,3.7600000000000002
10,0.0002666666666666667,7.5,0.20000839233398438,3.73
10,0.0002666666666666667,7.5,0.20401430130004883,3.74
10,0.0002666666666666667,7.5,0.20801281929016113,3.8200000000000003
10,0.0002666666666666667,7.5,0.21200942993164062,3.64
10,0.0002666666666666667,7.5,0.21599817276000977,3.85
10,0.0002666666666666667,7.5,0.22001266479492188,3.81
10,0.0002666666666666667,7.5,0.22384214401245117,3.8200000000000003
10,0.0002666666666666667,7.5,0.22771048545837402,3.75
10,0.0002666666666666667,7.5,0.23189496994018555,3.7800000000000002
10,0.0002666666666666667,7.5,0.23595213890075684,3.86
10,0.0002666666666666667,7.5,0.23989105224609375,3.67
10,0.0002666666666666667,7.5,0.24387526512145996,3.73
10,0.0002666666666666667,7.5,0.24788117408752441,3.74
10,0.0002666666666666667,7.5,0.25200915336608887,3.72
10,0.0002666666666666667,7.5,0.25600743293762207,3.81
10,0.0002666666666666667,7.5,0.2600078582763672,3.73
10,0.0002666666666666667,7.5,0.2640209197998047,3.63
10,0.0002666666666666667,7.5,0.2680168151855469,3.8200000000000003
10,0.0002666666666666667,7.5,0.2720613479614258,3.75
10,0.0002666666666666667,7.5,0.2760026454925537,3.72
10,0.0002666666666666667,7.5,0.28000521659851074,3.72
10,0.0002666666666666667,7.5,0.28398561477661133,3.71
10,0.0002666666666666667,7.5,0.2879798412322998,3.7
10,0.0002666666666666667,7.5,0.29184675216674805,3.73
10,0.0002666666666666667,7.5,0.2959885597229004,3.71
10,0.0002666666666666667,7.5,0.29998064041137695,3.75
10,0.0002666666666666667,7.5,0.30397605895996094,3.84
10,0.0002666666666666667,7.5,0.3080012798309326,3.79
10,0.0002666666666666667,7.5,0.3119964599609375,3.7600000000000002
10,0.0002666666666666667,7.5,0.3159787654876709,3.71
10,0.0002666666666666667,7.5,0.31998491287231445,3.75
10,0.0002666666666666667,7.5,0.32376551628112793,3.68
10,0.0002666666666666667,7.5,0.3276791572570801,3.73
10,0.0002666666666666667,7.5,0.331876277923584,3.75
10,0.0002666666666666667,7.5,0.3359532356262207,3.7600000000000002
10,0.0002666666666666667,7.5,0.33980560302734375,3.8000000000000003
10,0.0002666666666666667,7.5,0.3438136577606201,3.83
10,0.0002666666666666667,7.5,0.3478550910949707,3.73
10,0.0002666666666666667,7.5,0.3519594669342041,3.8000000000000003
10,0.0002666666666666667,7.5,0.35598230361938477,3.8200000000000003
10,0.0002666666666666667,7.5,0.35999155044555664,3.71
10,0.0002666666666666667,7.5,0.3639862537384033,3.67
10,0.0002666666666666667,7.5,0.3679933547973633,3.71
10,0.0002666666666666667,7.5,0.37200021743774414,3.72
10,0.0002666666666666667,7.5,0.37599730491638184,3.8000000000000003
10,0.0002666666666666667,7.5,0.3799855709075928,3.7600000000000002
10,0.0002666666666666667,7.5,0.38396334648132324,3.74
10,0.0002666666666666667,7.5,0.38793301582336426,3.77
10,0.0002666666666666667,7.5,0.3919346332550049,3.63
10,0.0002666666666666667,7.5,0.3959805965423584,3.89
10,0.0002666666666666667,7.5,0.40001630783081055,3.69
10,0.0002666666666666667,7.5,0.404010534286499,3.79
10,0.0002666666666666667,7.5,0.40801286697387695,3.73
10,0.0002666666666666667,7.5,0.4120192527770996,3.84
10,0.0002666666666666667,7.5,0.41600894927978516,3.77
10,0.0002666666666666667,7.5,0.4200172424316406,3.77
10,0.0002666666666666667,7.5,0.4238443374633789,3.7800000000000002
10,0.0002666666666666667,7.5,0.4275813102722168,3.72
10,0.0002666666666666667,7.5,0.43186068534851074,3.74
10,0.0002666666666666667,7.5,0.43595170974731445,3.79
10,0.0002666666666666667,7.5,0.4399590492248535,3.75
10,0.0002666666666666667,7.5,0.4439995288848877,3.71
10,0.0002666666666666667,7.5,0.44797348976135254,3.8000000000000003
10,0.0002666666666666667,7.5,0.4519801139831543,3.72
10,0.0002666666666666667,7.5,0.45592451095581055,3.7
10,0.0002666666666666667,7.5,0.4599792957305908,3.74
10,0.0002666666666666667,7.5,0.4640073776245117,3.7600000000000002
10,0.0002666666666666667,7.5,0.46797704696655273,3.7600000000000002
10,0.0002666666666666667,7.5,0.47197937965393066,3.77
10,0.0002666666666666667,7.5,0.47598934173583984,3.72
10,0.0002666666666666667,7.5,0.4797375202178955,3.79
10,0.0002666666666666667,7.5,0.4838402271270752,3.65
10,0.0002666666666666667,7.5,0.48791956901550293,3.75
10,0.0002666666666666667,7.5,0.4918820858001709,3.7800000000000002
10,0.0002666666666666667,7.5,0.4959845542907715,3.7600000000000002
10,0.0002666666666666667,7.5,0.4999525547027588,3.77
10,0.0002666666666666667,7.5,0.503856897354126,3.83
10,0.0002666666666666667,7.5,0.5117671489715576,3.84
10,0.0002666666666666667,7.5,0.5155572891235352,4.01
10,0.0002666666666666667,7.5,0.5196001529693604,4.18
10,0.0002666666666666667,7.5,0.5236103534698486,4.3100000000000005
10,0.0002666666666666667,7.5,0.5276603698730469,4.34
10,0.0002666666666666667,7.5,0.5317413806915283,4.45
10,0.0002666666666666667,7.5,0.5356771945953369,4.51
10,0.0002666666666666667,7.5,0.5396866798400879,4.61
10,0.0002666666666666667,7.5,0.5437724590301514,4.76
10,0.0002666666666666667,7.5,0.5479538440704346,4.9
10,0.0002666666666666667,7.5,0.5519835948944092,4.83
10,0.0002666666666666667,7.5,0.5559794902801514,4.95
10,0.0002666666666666667,7.5,0.5599915981292725,5.13
10,0.0002666666666666667,7.5,0.5639398097991943,5.12
10,0.0002666666666666667,7.5,0.5679619312286377,5.24
10,0.0002666666666666667,7.5,0.57196044921875,5.44
10,0.0002666666666666667,7.5,0.5759758949279785,5.42
10,0.0002666666666666667,7.5,0.5799574851989746,5.45
10,0.0002666666666666667,7.5,0.5838925838470459,5.49
10,0.0002666666666666667,7.5,0.587867021560669,5.48
10,0.0002666666666666667,7.5,0.5917246341705322,5.6000000000000005
10,0.0002666666666666667,7.5,0.5959012508392334,5.73
10,0.0002666666666666667,7.5,0.5999243259429932,5.8100000000000005
10,0.0002666666666666667,7.5,0.6038827896118164,5.79
10,0.0002666666666666667,7.5,0.6078968048095703,5.97
10,0.0002666666666666667,7.5,0.6119239330291748,5.96
10,0.0002666666666666667,7.5,0.615924596786499,6.03
10,0.0002666666666666667,7.5,0.6199204921722412,6.07
10,0.0002666666666666667,7.5,0.6239173412322998,6.1000000000000005
10,0.0002666666666666667,7.5,0.6276760101318359,6.17
10,0.0002666666666666667,7.5,0.6317758560180664,6.16
10,0.0002666666666666667,7.5,0.6357588768005371,6.3500000000000005
10,0.0002666666666666667,7.5,0.6399190425872803,6.26
10,0.0002666666666666667,7.5,0.6438376903533936,6.43
10,0.0002666666666666667,7.5,0.6477465629577637,6.45
10,0.0002666666666666667,7.5,0.6517934799194336,6.28
10,0.0002666666666666667,7.5,0.6559252738952637,6.43
10,0.0002666666666666667,7.5,0.6601097583770752,6.57
10,0.0002666666666666667,7.5,0.6639935970306396,6.5600000000000005
10,0.0002666666666666667,7.5,0.6680264472961426,6.62
10,0.0002666666666666667,7.5,0.6721978187561035,6.74
10,0.0002666666666666667,7.5,0.6758115291595459,6.67
10,0.0002666666666666667,7.5,0.67987060546875,6.71
10,0.0002666666666666667,7.5,0.683875322341919,6.63
10,0.0002666666666666667,7.5,0.6879138946533203,6.76
10,0.0002666666666666667,7.5,0.6921052932739258,6.79
10,0.0002666666666666667,7.5,0.6959226131439209,6.91
10,0.0002666666666666667,7.5,0.6998989582061768,6.98
10,0.0002666666666666667,7.5,0.7040398120880127,6.890000000000001
10,0.0002666666666666667,7.5,0.7080373764038086,6.7700000000000005
10,0.0002666666666666667,7.5,0.7120399475097656,6.86
10,0.0002666666666666667,7.5,0.7160437107086182,6.95
10,0.0002666666666666667,7.5,0.7200436592102051,6.97
10,0.0002666666666666667,7.5,0.7239694595336914,7.0200000000000005
10,0.0002666666666666667,7.5,0.7277028560638428,6.91
10,0.0002666666666666667,7.5,0.7316868305206299,7.24
10,0.0002666666666666667,7.5,0.735698938369751,6.98
10,0.0002666666666666667,7.5,0.7398614883422852,7.1000000000000005
10,0.0002666666666666667,7.5,0.7438225746154785,7.0200000000000005
10,0.0002666666666666667,7.5,0.7479534149169922,6.94
10,0.0002666666666666667,7.5,0.7519257068634033,7.08
10,0.0002666666666666667,7.5,0.7559342384338379,7.0600000000000005
10,0.0002666666666666667,7.5,0.759962797164917,7.21
10,0.0002666666666666667,7.5,0.763925313949585,7.15
10,0.0002666666666666667,7.5,0.7679290771484375,7.07
10,0.0002666666666666667,7.5,0.7719264030456543,7.15
10,0.0002666666666666667,7.5,0.7759275436401367,7.140000000000001
10,0.0002666666666666667,7.5,0.7799649238586426,7.15
10,0.0002666666666666667,7.5,0.7838757038116455,7.16
10,0.0002666666666666667,7.5,0.787926435470581,7.22
10,0.0002666666666666667,7.5,0.7916271686553955,7.37
10,0.0002666666666666667,7.5,0.7954878807067871,7.2
10,0.0002666666666666667,7.5,0.7998299598693848,7.28
10,0.0002666666666666667,7.5,0.8039381504058838,7.3100000000000005
10,0.0002666666666666667,7.5,0.8079347610473633,7.15
10,0.0002666666666666667,7.5,0.8119473457336426,7.390000000000001
10,0.0002666666666666667,7.5,0.8159291744232178,7.23
10,0.0002666666666666667,7.5,0.8199336528778076,7.28
10,0.0002666666666666667,7.5,0.8238883018493652,7.2700000000000005
10,0.0002666666666666667,7.5,0.8276939392089844,7.2700000000000005
10,0.0002666666666666667,7.5,0.8317763805389404,7.24
10,0.0002666666666666667,7.5,0.8358578681945801,7.26
10,0.0002666666666666667,7.5,0.8397314548492432,7.3100000000000005
10,0.0002666666666666667,7.5,0.8435118198394775,7.37
10,0.0002666666666666667,7.5,0.8474702835083008,7.55
10,0.0002666666666666667,7.5,0.8507568836212158,7.3
10,0.0002666666666666667,7.5,0.8548221588134766,7.21
10,0.0002666666666666667,7.5,0.8587868213653564,7.21
10,0.0002666666666666667,7.5,0.8627855777740479,7.34
10,0.0002666666666666667,7.5,0.8667848110198975,7.44
10,0.0002666666666666667,7.5,0.8708193302154541,7.49
10,0.0002666666666666667,7.5,0.8748106956481934,7.3500000000000005
10,0.0002666666666666667,7.5,0.8788020610809326,7.390000000000001
10,0.0002666666666666667,7.5,0.8828802108764648,7.42
10,0.0002666666666666667,7.5,0.886803388595581,7.26
10,0.0002666666666666667,7.5,0.8907589912414551,7.34
10,0.0002666666666666667,7.5,0.894810676574707,7.34
10,0.0002666666666666667,7.5,0.8989279270172119,7.390000000000001
10,0.0002666666666666667,7.5,0.9029443264007568,7.3500000000000005
10,0.0002666666666666667,7.5,0.9069263935089111,7.33
10,0.0002666666666666667,7.5,0.9109680652618408,7.390000000000001
10,0.0002666666666666667,7.5,0.9149622917175293,7.47
10,0.0002666666666666667,7.5,0.9189591407775879,7.36
10,0.0002666666666666667,7.5,0.9229559898376465,7.42
10,0.0002666666666666667,7.5,0.9268550872802734,7.36
10,0.0002666666666666667,7.5,0.9306106567382812,7.37
10,0.0002666666666666667,7.5,0.9344968795776367,7.49
10,0.0002666666666666667,7.5,0.9374959468841553,7.45
10,0.0002666666666666667,7.5,0.940497636795044,7.53
10,0.0002666666666666667,7.5,0.9434895515441895,7.45
10,0.0002666666666666667,7.5,0.9464917182922363,7.51
10,0.0002666666666666667,7.5,0.9494659900665283,7.4
10,0.0002666666666666667,7.5,0.952467679977417,7.44
10,0.0002666666666666667,7.5,0.9554786682128906,7.38
10,0.0002666666666666667,7.5,0.9589307308197021,7.38
10,0.0002666666666666667,7.5,0.9629335403442383,7.43
10,0.0002666666666666667,7.5,0.9669361114501953,7.44
10,0.0002666666666666667,7.5,0.9709491729736328,7.42
10,0.0002666666666666667,7.5,0.9749062061309814,7.44
10,0.0002666666666666667,7.5,0.9787931442260742,7.4
10,0.0002666666666666667,7.5,0.9825465679168701,7.44
10,0.0002666666666666667,7.5,0.9864757061004639,7.71
10,0.0002666666666666667,7.5,0.9894804954528809,7.41
10,0.0002666666666666667,7.5,0.9924702644348145,7.44
10,0.0002666666666666667,7.5,0.9954714775085449,7.67
10,0.0002666666666666667,7.5,0.998502254486084,7.32
10,0.0002666666666666667,7.5,1.0029292106628418,7.5600000000000005
10,0.0002666666666666667,7.5,1.0069329738616943,7.45
10,0.0002666666666666667,7.5,1.0109305381774902,7.36
10,0.0002666666666666667,7.5,1.0149357318878174,7.42
10,0.0002666666666666667,7.5,1.0189266204833984,7.390000000000001
10,0.0002666666666666667,7.5,1.022982120513916,7.47
10,0.0002666666666666667,7.5,1.026892900466919,7.58
10,0.0002666666666666667,7.5,1.0304985046386719,7.3500000000000005
10,0.0002666666666666667,7.5,1.0334994792938232,7.4
10,0.0002666666666666667,7.5,1.0374951362609863,7.4
10,0.0002666666666666667,7.5,1.0415046215057373,7.48
10,0.0002666666666666667,7.5,1.0454764366149902,7.38
10,0.0002666666666666667,7.5,1.0494673252105713,7.44
10,0.0002666666666666667,7.5,1.052490472793579,7.47
10,0.0002666666666666667,7.5,1.0569279193878174,7.5
10,0.0002666666666666667,7.5,1.0609283447265625,7.4
10,0.0002666666666666667,7.5,1.064903974533081,7.48
10,0.0002666666666666667,7.5,1.0689585208892822,7.45
10,0.0002666666666666667,7.5,1.0729024410247803,7.36
10,0.0002666666666666667,7.5,1.076904535293579,7.45
10,0.0002666666666666667,7.5,1.080904483795166,7.46
10,0.0002666666666666667,7.5,1.0848512649536133,7.5
10,0.0002666666666666667,7.5,1.0887951850891113,7.41
10,0.0002666666666666667,7.5,1.0925071239471436,7.49
10,0.0002666666666666667,7.5,1.0968959331512451,7.55
10,0.0002666666666666667,7.5,1.1009106636047363,7.33
10,0.0002666666666666667,7.5,1.1049325466156006,7.55
10,0.0002666666666666667,7.5,1.1089303493499756,7.42
10,0.0002666666666666667,7.5,1.1129069328308105,7.63
10,0.0002666666666666667,7.5,1.1169073581695557,7.41
10,0.0002666666666666667,7.5,1.1209142208099365,7.390000000000001
10,0.0002666666666666667,7.5,1.124932050704956,7.47
10,0.0002666666666666667,7.5,1.1287503242492676,7.48
10,0.0002666666666666667,7.5,1.1325418949127197,7.51
10,0.0002666666666666667,7.5,1.1367597579956055,7.61
10,0.0002666666666666667,7.5,1.14085054397583,7.5
10,0.0002666666666666667,7.5,1.1449193954467773,7.4
10,0.0002666666666666667,7.5,1.1488139629364014,7.44
10,0.0002666666666666667,7.5,1.1529266834259033,7.5
10,0.0002666666666666667,7.5,1.156938076019287,7.5
10,0.0002666666666666667,7.5,1.1609306335449219,7.42
10,0.0002666666666666667,7.5,1.164818525314331,7.5
10,0.0002666666666666667,7.5,1.1685266494750977,7.67
10,0.0002666666666666667,7.5,1.1729402542114258,7.47
10,0.0002666666666666667,7.5,1.1769413948059082,7.46
10,0.0002666666666666667,7.5,1.1809308528900146,7.42
10,0.0002666666666666667,7.5,1.1849300861358643,7.51
10,0.0002666666666666667,7.5,1.1888072490692139,7.4
10,0.0002666666666666667,7.5,1.1927895545959473,7.37
10,0.0002666666666666667,7.5,1.196930170059204,7.44
10,0.0002666666666666667,7.5,1.200934886932373,7.43
10,0.0002666666666666667,7.5,1.2049481868743896,7.49
10,0.0002666666666666667,7.5,1.2089307308197021,7.5600000000000005
10,0.0002666666666666667,7.5,1.21293306350708,7.48
10,0.0002666666666666667,7.5,1.216895341873169,7.45
10,0.0002666666666666667,7.5,1.2209017276763916,7.53
10,0.0002666666666666667,7.5,1.2249364852905273,7.45
10,0.0002666666666666667,7.5,1.2288267612457275,7.49
10,0.0002666666666666667,7.5,1.2326571941375732,7.5200000000000005
10,0.0002666666666666667,7.5,1.2366223335266113,7.62
10,0.0002666666666666667,7.5,1.240727424621582,7.44
10,0.0002666666666666667,7.5,1.244884729385376,7.5
10,0.0002666666666666667,7.5,1.2489089965820312,7.49
10,0.0002666666666666667,7.5,1.2529151439666748,7.37
10,0.0002666666666666667,7.5,1.2569160461425781,7.4
10,0.0002666666666666667,7.5,1.2609052658081055,7.49
10,0.0002666666666666667,7.5,1.264911413192749,7.54
10,0.0002666666666666667,7.5,1.2689111232757568,7.5200000000000005
10,0.0002666666666666667,7.5,1.2729310989379883,7.48
10,0.0002666666666666667,7.5,1.2769172191619873,7.57
10,0.0002666666666666667,7.5,1.2809126377105713,7.48
10,0.0002666666666666667,7.5,1.2849175930023193,7.43
10,0.0002666666666666667,7.5,1.2888884544372559,7.41
10,0.0002666666666666667,7.5,1.2927708625793457,7.44
10,0.0002666666666666667,7.5,1.2969152927398682,7.45
10,0.0002666666666666667,7.5,1.3009161949157715,7.49
10,0.0002666666666666667,7.5,1.304915189743042,7.51
10,0.0002666666666666667,7.5,1.3089118003845215,7.47
10,0.0002666666666666667,7.5,1.3129072189331055,7.44
10,0.0002666666666666667,7.5,1.3169102668762207,7.59
10,0.0002666666666666667,7.5,1.3209097385406494,7.51
10,0.0002666666666666667,7.5,1.3249120712280273,7.58
10,0.0002666666666666667,7.5,1.328892707824707,7.54
10,0.0002666666666666667,7.5,1.3326563835144043,7.44
10,0.0002666666666666667,7.5,1.3366329669952393,7.5
10,0.0002666666666666667,7.5,1.3407096862792969,7.390000000000001
10,0.0002666666666666667,7.5,1.3448786735534668,7.38
10,0.0002666666666666667,7.5,1.3489160537719727,7.43
10,0.0002666666666666667,7.5,1.3529067039489746,7.54
10,0.0002666666666666667,7.5,1.3569087982177734,7.54
10,0.0002666666666666667,7.5,1.3609142303466797,7.55
10,0.0002666666666666667,7.5,1.364914894104004,7.55
10,0.0002666666666666667,7.5,1.3689031600952148,7.48
10,0.0002666666666666667,7.5,1.3729057312011719,7.5
10,0.0002666666666666667,7.5,1.376899242401123,7.48
10,0.0002666666666666667,7.5,1.3809814453125,7.5200000000000005
10,0.0002666666666666667,7.5,1.3849174976348877,7.45
10,0.0002666666666666667,7.5,1.388840913772583,7.33
10,0.0002666666666666667,7.5,1.3929378986358643,7.32
10,0.0002666666666666667,7.5,1.396885633468628,7.46
10,0.0002666666666666667,7.5,1.4009358882904053,7.49
10,0.0002666666666666667,7.5,1.40494704246521,7.640000000000001
10,0.0002666666666666667,7.5,1.408918857574463,7.21
10,0.0002666666666666667,7.5,1.4129180908203125,7.53
10,0.0002666666666666667,7.5,1.416924238204956,7.51
10,0.0002666666666666667,7.5,1.420912742614746,7.54
10,0.0002666666666666667,7.5,1.4249134063720703,7.53
10,0.0002666666666666667,7.5,1.428816318511963,7.53
10,0.0002666666666666667,7.5,1.432629108428955,7.55
10,0.0002666666666666667,7.5,1.436763048171997,7.43
10,0.0002666666666666667,7.5,1.4407570362091064,7.55
10,0.0002666666666666667,7.5,1.4448018074035645,7.48
10,0.0002666666666666667,7.5,1.4488005638122559,7.42
10,0.0002666666666666667,7.5,1.4528114795684814,7.5600000000000005
10,0.0002666666666666667,7.5,1.456907033920288,7.47
10,0.0002666666666666667,7.5,1.4608960151672363,7.57
10,0.0002666666666666667,7.5,1.464864730834961,7.47
10,0.0002666666666666667,7.5,1.4688806533813477,7.63
10,0.0002666666666666667,7.5,1.4728460311889648,7.47
10,0.0002666666666666667,7.5,1.4768190383911133,7.53
10,0.0002666666666666667,7.5,1.4806435108184814,7.46
10,0.0002666666666666667,7.5,1.4846203327178955,7.49
10,0.0002666666666666667,7.5,1.4886798858642578,7.65
10,0.0002666666666666667,7.5,1.4928863048553467,7.54
10,0.0002666666666666667,7.5,1.4969160556793213,7.55
11,0.0002666666666666667,10.0,2.86102294921875e-06,4.99
11,0.0002666666666666667,10.0,0.007888078689575195,4.8
11,0.0002666666666666667,10.0,0.011887073516845703,4.89
11,0.0002666666666666667,10.0,0.015888452529907227,4.99
11,0.0002666666666666667,10.0,0.0198819637298584,4.92
11,0.0002666666666666667,10.0,0.02389216423034668,4.8100000000000005
11,0.0002666666666666667,10.0,0.027896404266357422,4.95
11,0.0002666666666666667,10.0,0.031877994537353516,4.88
11,0.0002666666666666667,10.0,0.035758256912231445,4.83
11,0.0002666666666666667,10.0,0.0397639274597168,4.91
11,0.0002666666666666667,10.0,0.04388761520385742,4.98
11,0.0002666666666666667,10.0,0.0478968620300293,5.03
11,0.0002666666666666667,10.0,0.05189085006713867,4.8
11,0.0002666666666666667,10.0,0.05587458610534668,4.95
11,0.0002666666666666667,10.0,0.05989241600036621,4.78
11,0.0002666666666666667,10.0,0.06389904022216797,4.93
11,0.0002666666666666667,10.0,0.06789588928222656,4.9
11,0.0002666666666666667,10.0,0.07189559936523438,4.91
11,0.0002666666666666667,10.0,0.0756683349609375,4.8500000000000005
11,0.0002666666666666667,10.0,0.07952308654785156,5.04
11,0.0002666666666666667,10.0,0.08358573913574219,4.98
11,0.0002666666666666667,10.0,0.08760714530944824,4.91
11,0.0002666666666666667,10.0,0.09161758422851562,4.93
11,0.0002666666666666667,10.0,0.09562444686889648,4.8500000000000005
11,0.0002666666666666667,10.0,0.09966492652893066,4.95
11,0.0002666666666666667,10.0,0.10382986068725586,4.98
11,0.0002666666666666667,10.0,0.10776519775390625,4.83
11,0.0002666666666666667,10.0,0.1118924617767334,4.95
11,0.0002666666666666667,10.0,0.11589312553405762,4.96
11,0.0002666666666666667,10.0,0.11988353729248047,4.97
11,0.0002666666666666667,10.0,0.12384915351867676,4.94
11,0.0002666666666666667,10.0,0.12789630889892578,4.91
11,0.0002666666666666667,10.0,0.13182735443115234,4.93
11,0.0002666666666666667,10.0,0.13589692115783691,4.91
11,0.0002666666666666667,10.0,0.1398000717163086,4.82
11,0.0002666666666666667,10.0,0.14389395713806152,4.97
11,0.0002666666666666667,10.0,0.14789319038391113,5.03
11,0.0002666666666666667,10.0,0.15189337730407715,4.91
11,0.0002666666666666667,10.0,0.15589165687561035,4.94
11,0.0002666666666666667,10.0,0.15989041328430176,4.9
11,0.0002666666666666667,10.0,0.16389727592468262,4.87
11,0.0002666666666666667,10.0,0.1678941249847412,5.07
11,0.0002666666666666667,10.0,0.17188501358032227,4.96
11,0.0002666666666666667,10.0,0.17570972442626953,5.0
11,0.0002666666666666667,10.0,0.17957830429077148,4.96
11,0.0002666666666666667,10.0,0.18361377716064453,4.95
11,0.0002666666666666667,10.0,0.18781828880310059,5.07
11,0.0002666666666666667,10.0,0.19185423851013184,5.0
11,0.0002666666666666667,10.0,0.19588756561279297,4.89
11,0.0002666666666666667,10.0,0.19989776611328125,4.97
11,0.0002666666666666667,10.0,0.20385026931762695,5.08
11,0.0002666666666666667,10.0,0.20789599418640137,4.9
11,0.0002666666666666667,10.0,0.21188569068908691,4.89
11,0.0002666666666666667,10.0,0.21589422225952148,4.89
11,0.0002666666666666667,10.0,0.21971535682678223,5.09
11,0.0002666666666666667,10.0,0.22360539436340332,5.01
11,0.0002666666666666667,10.0,0.22753500938415527,5.0600000000000005
11,0.0002666666666666667,10.0,0.23159050941467285,4.97
11,0.0002666666666666667,10.0,0.23569989204406738,4.88
11,0.0002666666666666667,10.0,0.23976778984069824,4.99
11,0.0002666666666666667,10.0,0.24381709098815918,5.11
11,0.0002666666666666667,10.0,0.2478177547454834,4.94
11,0.0002666666666666667,10.0,0.2518117427825928,4.97
11,0.0002666666666666667,10.0,0.25582003593444824,5.09
11,0.0002666666666666667,10.0,0.2598106861114502,4.97
11,0.0002666666666666667,10.0,0.263826847076416,5.05
11,0.0002666666666666667,10.0,0.2678196430206299,4.94
11,0.0002666666666666667,10.0,0.27181196212768555,4.87
11,0.0002666666666666667,10.0,0.27577900886535645,4.96
11,0.0002666666666666667,10.0,0.2795100212097168,5.08
11,0.0002666666666666667,10.0,0.2835574150085449,4.99
11,0.0002666666666666667,10.0,0.28771018981933594,4.92
11,0.0002666666666666667,10.0,0.29177379608154297,5.07
11,0.0002666666666666667,10.0,0.29578304290771484,4.94
11,0.0002666666666666667,10.0,0.299823522567749,4.91
11,0.0002666666666666667,10.0,0.3038201332092285,4.93
11,0.0002666666666666667,10.0,0.3078184127807617,5.0
11,0.0002666666666666667,10.0,0.31182384490966797,4.94
11,0.0002666666666666667,10.0,0.3158125877380371,5.04
11,0.0002666666666666667,10.0,0.3197758197784424,5.17
11,0.0002666666666666667,10.0,0.3237643241882324,4.89
11,0.0002666666666666667,10.0,0.32776474952697754,4.93
11,0.0002666666666666667,10.0,0.33176207542419434,4.99
11,0.0002666666666666667,10.0,0.33579421043395996,5.0200000000000005
11,0.0002666666666666667,10.0,0.33981966972351074,4.98
11,0.0002666666666666667,10.0,0.34378933906555176,4.99
11,0.0002666666666666667,10.0,0.3477287292480469,4.9
11,0.0002666666666666667,10.0,0.35178661346435547,5.09
11,0.0002666666666666667,10.0,0.35581254959106445,5.05
11,0.0002666666666666667,10.0,0.3598148822784424,4.97
11,0.0002666666666666667,10.0,0.36382174491882324,4.8100000000000005
11,0.0002666666666666667,10.0,0.3678140640258789,5.0
11,0.0002666666666666667,10.0,0.37181520462036133,5.13
11,0.0002666666666666667,10.0,0.376054048538208,5.04
11,0.0002666666666666667,10.0,0.3797726631164551,4.94
11,0.0002666666666666667,10.0,0.3837089538574219,4.96
11,0.0002666666666666667,10.0,0.38773369789123535,5.0
11,0.0002666666666666667,10.0,0.39185070991516113,5.01
11,0.0002666666666666667,10.0,0.39600062370300293,5.15
11,0.0002666666666666667,10.0,0.39991211891174316,4.93
11,0.0002666666666666667,10.0,0.40395045280456543,4.92
11,0.0002666666666666667,10.0,0.407991886138916,5.08
11,0.0002666666666666667,10.0,0.41199660301208496,4.83
11,0.0002666666666666667,10.0,0.41603755950927734,4.88
11,0.0002666666666666667,10.0,0.42003774642944336,5.03
11,0.0002666666666666667,10.0,0.42389798164367676,5.01
11,0.0002666666666666667,10.0,0.427945613861084,5.04
11,0.0002666666666666667,10.0,0.4320964813232422,5.0200000000000005
11,0.0002666666666666667,10.0,0.43569397926330566,5.13
11,0.0002666666666666667,10.0,0.4397003650665283,4.7700000000000005
11,0.0002666666666666667,10.0,0.44382548332214355,4.96
11,0.0002666666666666667,10.0,0.44782423973083496,4.99
11,0.0002666666666666667,10.0,0.45182037353515625,4.93
11,0.0002666666666666667,10.0,0.45583224296569824,5.12
11,0.0002666666666666667,10.0,0.459822416305542,5.03
11,0.0002666666666666667,10.0,0.46383142471313477,5.03
11,0.0002666666666666667,10.0,0.46782875061035156,5.1000000000000005
11,0.0002666666666666667,10.0,0.47182583808898926,5.03
11,0.0002666666666666667,10.0,0.4758157730102539,4.86
11,0.0002666666666666667,10.0,0.47964048385620117,5.0
11,0.0002666666666666667,10.0,0.48353028297424316,5.05
11,0.0002666666666666667,10.0,0.4876894950866699,5.08
11,0.0002666666666666667,10.0,0.49167847633361816,4.94
11,0.0002666666666666667,10.0,0.49582791328430176,4.98
11,0.0002666666666666667,10.0,0.49972081184387207,4.93
11,0.0002666666666666667,10.0,0.5037176609039307,5.16
11,0.0002666666666666667,10.0,0.5118322372436523,5.33
11,0.0002666666666666667,10.0,0.5158319473266602,5.34
11,0.0002666666666666667,10.0,0.5198414325714111,5.55
11,0.0002666666666666667,10.0,0.523780345916748,5.66
11,0.0002666666666666667,10.0,0.5278012752532959,5.8500000000000005
11,0.0002666666666666667,10.0,0.531792163848877,6.08
11,0.0002666666666666667,10.0,0.5358271598815918,5.8
11,0.0002666666666666667,10.0,0.5398313999176025,6.23
11,0.0002666666666666667,10.0,0.5438232421875,6.29
11,0.0002666666666666667,10.0,0.5478441715240479,6.41
11,0.0002666666666666667,10.0,0.5518171787261963,6.73
11,0.0002666666666666667,10.0,0.5558269023895264,6.83
11,0.0002666666666666667,10.0,0.5598268508911133,6.99
11,0.0002666666666666667,10.0,0.563835620880127,7.17
11,0.0002666666666666667,10.0,0.5678329467773438,6.97
11,0.0002666666666666667,10.0,0.5718340873718262,7.34
11,0.0002666666666666667,10.0,0.575808048248291,7.44
11,0.0002666666666666667,10.0,0.5796589851379395,7.41
11,0.0002666666666666667,10.0,0.5835416316986084,7.53
11,0.0002666666666666667,10.0,0.5876917839050293,7.68
11,0.0002666666666666667,10.0,0.5917749404907227,7.78
11,0.0002666666666666667,10.0,0.5957248210906982,7.84
11,0.0002666666666666667,10.0,0.5996205806732178,7.890000000000001
11,0.0002666666666666667,10.0,0.6036293506622314,7.94
11,0.0002666666666666667,10.0,0.6077334880828857,8.0
11,0.0002666666666666667,10.0,0.611630916595459,8.11
11,0.0002666666666666667,10.0,0.6157817840576172,8.21
11,0.0002666666666666667,10.0,0.6197762489318848,8.19
11,0.0002666666666666667,10.0,0.6237738132476807,8.33
11,0.0002666666666666667,10.0,0.6277709007263184,8.35
11,0.0002666666666666667,10.0,0.6317005157470703,8.39
11,0.0002666666666666667,10.0,0.6357779502868652,8.4
11,0.0002666666666666667,10.0,0.6397650241851807,8.5
11,0.0002666666666666667,10.0,0.6437702178955078,8.540000000000001
11,0.0002666666666666667,10.0,0.6477725505828857,8.56
11,0.0002666666666666667,10.0,0.6517724990844727,8.65
11,0.0002666666666666667,10.0,0.6557674407958984,8.72
11,0.0002666666666666667,10.0,0.6597623825073242,8.74
11,0.0002666666666666667,10.0,0.663780689239502,8.82
11,0.0002666666666666667,10.0,0.6676993370056152,8.77
11,0.0002666666666666667,10.0,0.6717979907989502,8.78
11,0.0002666666666666667,10.0,0.6757795810699463,8.82
11,0.0002666666666666667,10.0,0.679539680480957,8.870000000000001
11,0.0002666666666666667,10.0,0.6835346221923828,8.88
11,0.0002666666666666667,10.0,0.6875834465026855,8.96
11,0.0002666666666666667,10.0,0.6916587352752686,8.870000000000001
11,0.0002666666666666667,10.0,0.695716142654419,9.01
11,0.0002666666666666667,10.0,0.6997687816619873,9.01
11,0.0002666666666666667,10.0,0.7037184238433838,9.08
11,0.0002666666666666667,10.0,0.7077302932739258,9.09
11,0.0002666666666666667,10.0,0.7117056846618652,9.09
11,0.0002666666666666667,10.0,0.7157254219055176,9.1
11,0.0002666666666666667,10.0,0.7197215557098389,9.1
11,0.0002666666666666667,10.0,0.7236001491546631,9.16
11,0.0002666666666666667,10.0,0.7275376319885254,9.13
11,0.0002666666666666667,10.0,0.731541633605957,9.19
11,0.0002666666666666667,10.0,0.7355806827545166,9.200000000000001
11,0.0002666666666666667,10.0,0.739508867263794,9.26
11,0.0002666666666666667,10.0,0.7434723377227783,9.24
11,0.0002666666666666667,10.0,0.747417688369751,9.26
11,0.0002666666666666667,10.0,0.7514088153839111,9.26
11,0.0002666666666666667,10.0,0.7555773258209229,9.26
11,0.0002666666666666667,10.0,0.7595441341400146,9.25
11,0.0002666666666666667,10.0,0.7635912895202637,9.33
11,0.0002666666666666667,10.0,0.7675936222076416,9.35
11,0.0002666666666666667,10.0,0.7715194225311279,9.27
11,0.0002666666666666667,10.0,0.7755603790283203,9.34
11,0.0002666666666666667,10.0,0.7794210910797119,9.36
11,0.0002666666666666667,10.0,0.7834949493408203,9.42
11,0.0002666666666666667,10.0,0.7875354290008545,9.4
11,0.0002666666666666667,10.0,0.7914831638336182,9.4
11,0.0002666666666666667,10.0,0.7955808639526367,9.38
11,0.0002666666666666667,10.0,0.7996306419372559,9.46
11,0.0002666666666666667,10.0,0.8035435676574707,9.450000000000001
11,0.0002666666666666667,10.0,0.8076982498168945,9.41
11,0.0002666666666666667,10.0,0.8117544651031494,9.38
11,0.0002666666666666667,10.0,0.8157730102539062,9.46
11,0.0002666666666666667,10.0,0.8197529315948486,9.36
11,0.0002666666666666667,10.0,0.8237705230712891,9.46
11,0.0002666666666666667,10.0,0.8277661800384521,9.47
11,0.0002666666666666667,10.0,0.8316879272460938,9.450000000000001
11,0.0002666666666666667,10.0,0.835620641708374,9.51
11,0.0002666666666666667,10.0,0.8397321701049805,9.55
11,0.0002666666666666667,10.0,0.8435530662536621,9.46
11,0.0002666666666666667,10.0,0.847661018371582,9.53
11,0.0002666666666666667,10.0,0.851677417755127,9.51
11,0.0002666666666666667,10.0,0.8556210994720459,9.620000000000001
11,0.0002666666666666667,10.0,0.8596293926239014,9.540000000000001
11,0.0002666666666666667,10.0,0.8636293411254883,9.44
11,0.0002666666666666667,10.0,0.8677003383636475,9.53
11,0.0002666666666666667,10.0,0.8716297149658203,9.69
11,0.0002666666666666667,10.0,0.8756382465362549,9.65
11,0.0002666666666666667,10.0,0.8795413970947266,9.64
11,0.0002666666666666667,10.0,0.8834421634674072,9.51
11,0.0002666666666666667,10.0,0.887420654296875,9.53
11,0.0002666666666666667,10.0,0.8915278911590576,9.61
11,0.0002666666666666667,10.0,0.8955926895141602,9.69
11,0.0002666666666666667,10.0,0.8995640277862549,9.56
11,0.0002666666666666667,10.0,0.9035518169403076,9.540000000000001
11,0.0002666666666666667,10.0,0.9074103832244873,9.44
11,0.0002666666666666667,10.0,0.9114909172058105,9.56
11,0.0002666666666666667,10.0,0.9155702590942383,9.71
11,0.0002666666666666667,10.0,0.9196646213531494,9.57
11,0.0002666666666666667,10.0,0.923696756362915,9.67
11,0.0002666666666666667,10.0,0.927802562713623,9.71
11,0.0002666666666666667,10.0,0.9317841529846191,9.68
11,0.0002666666666666667,10.0,0.9357683658599854,9.73
11,0.0002666666666666667,10.0,0.9398496150970459,9.67
11,0.0002666666666666667,10.0,0.9437611103057861,9.74
11,0.0002666666666666667,10.0,0.9478282928466797,9.48
11,0.0002666666666666667,10.0,0.9517333507537842,9.56
11,0.0002666666666666667,10.0,0.9557769298553467,9.64
11,0.0002666666666666667,10.0,0.9597938060760498,9.65
11,0.0002666666666666667,10.0,0.9637658596038818,9.55
11,0.0002666666666666667,10.0,0.967775821685791,9.620000000000001
11,0.0002666666666666667,10.0,0.9717869758605957,9.72
11,0.0002666666666666667,10.0,0.9757754802703857,9.78
11,0.0002666666666666667,10.0,0.9797029495239258,9.700000000000001
11,0.0002666666666666667,10.0,0.9834520816802979,9.870000000000001
11,0.0002666666666666667,10.0,0.987438440322876,9.8
11,0.0002666666666666667,10.0,0.9915382862091064,9.620000000000001
11,0.0002666666666666667,10.0,0.9957308769226074,9.88
11,0.0002666666666666667,10.0,0.9998371601104736,9.82
11,0.0002666666666666667,10.0,1.003765344619751,9.51
11,0.0002666666666666667,10.0,1.007772445678711,9.65
11,0.0002666666666666667,10.0,1.0117716789245605,9.67
11,0.0002666666666666667,10.0,1.015772819519043,9.790000000000001
11,0.0002666666666666667,10.0,1.0197703838348389,9.74
11,0.0002666666666666667,10.0,1.0237772464752197,9.73
11,0.0002666666666666667,10.0,1.0277745723724365,9.67
11,0.0002666666666666667,10.0,1.0318121910095215,9.82
11,0.0002666666666666667,10.0,1.035783290863037,9.64
11,0.0002666666666666667,10.0,1.039771556854248,9.9
11,0.0002666666666666667,10.0,1.0437898635864258,9.76
11,0.0002666666666666667,10.0,1.0477426052093506,9.68
11,0.0002666666666666667,10.0,1.0517797470092773,9.85
11,0.0002666666666666667,10.0,1.0557477474212646,9.85
11,0.0002666666666666667,10.0,1.0598013401031494,9.88
11,0.0002666666666666667,10.0,1.0637500286102295,9.73
11,0.0002666666666666667,10.0,1.0677521228790283,9.9
11,0.0002666666666666667,10.0,1.071765661239624,9.84
11,0.0002666666666666667,10.0,1.0757510662078857,9.91
11,0.0002666666666666667,10.0,1.079698085784912,9.83
11,0.0002666666666666667,10.0,1.0833947658538818,9.82
11,0.0002666666666666667,10.0,1.087266206741333,10.0
11,0.0002666666666666667,10.0,1.0915205478668213,9.85
11,0.0002666666666666667,10.0,1.0957214832305908,9.72
11,0.0002666666666666667,10.0,1.0995774269104004,9.83
11,0.0002666666666666667,10.0,1.1036059856414795,9.88
11,0.0002666666666666667,10.0,1.1076033115386963,9.72
11,0.0002666666666666667,10.0,1.1116037368774414,9.88
11,0.0002666666666666667,10.0,1.115593671798706,10.040000000000001
11,0.0002666666666666667,10.0,1.1195900440216064,9.88
11,0.0002666666666666667,10.0,1.1235771179199219,9.98
11,0.0002666666666666667,10.0,1.1275405883789062,9.77
11,0.0002666666666666667,10.0,1.1315562725067139,9.9
11,0.0002666666666666667,10.0,1.1356635093688965,9.86
11,0.0002666666666666667,10.0,1.1397361755371094,10.0
11,0.0002666666666666667,10.0,1.1437273025512695,9.96
11,0.0002666666666666667,10.0,1.1477413177490234,9.8
11,0.0002666666666666667,10.0,1.1517398357391357,9.790000000000001
11,0.0002666666666666667,10.0,1.1557438373565674,10.03
11,0.0002666666666666667,10.0,1.1597423553466797,9.92
11,0.0002666666666666667,10.0,1.1637423038482666,9.71
11,0.0002666666666666667,10.0,1.167740821838379,10.02
11,0.0002666666666666667,10.0,1.1717805862426758,9.76
11,0.0002666666666666667,10.0,1.1757709980010986,9.99
11,0.0002666666666666667,10.0,1.1797599792480469,9.96
11,0.0002666666666666667,10.0,1.1834900379180908,9.9
11,0.0002666666666666667,10.0,1.187368392944336,9.9
11,0.0002666666666666667,10.0,1.1912143230438232,9.790000000000001
11,0.0002666666666666667,10.0,1.194277048110962,10.08
11,0.0002666666666666667,10.0,1.1973633766174316,9.9
11,0.0002666666666666667,10.0,1.2017757892608643,9.870000000000001
11,0.0002666666666666667,10.0,1.205763816833496,9.77
11,0.0002666666666666667,10.0,1.2097680568695068,9.99
11,0.0002666666666666667,10.0,1.21376633644104,9.98
11,0.0002666666666666667,10.0,1.2177386283874512,9.81
11,0.0002666666666666667,10.0,1.2217049598693848,9.92
11,0.0002666666666666667,10.0,1.225560188293457,9.88
11,0.0002666666666666667,10.0,1.229431390762329,9.96
11,0.0002666666666666667,10.0,1.2334179878234863,9.97
11,0.0002666666666666667,10.0,1.237518548965454,10.040000000000001
11,0.0002666666666666667,10.0,1.2418270111083984,9.94
11,0.0002666666666666667,10.0,1.2458240985870361,9.81
11,0.0002666666666666667,10.0,1.2498259544372559,9.99
11,0.0002666666666666667,10.0,1.2537322044372559,9.81
11,0.0002666666666666667,10.0,1.25779390335083,9.83
11,0.0002666666666666667,10.0,1.2618331909179688,10.03
11,0.0002666666666666667,10.0,1.2658240795135498,10.02
11,0.0002666666666666667,10.0,1.269829511642456,10.040000000000001
11,0.0002666666666666667,10.0,1.273824691772461,9.950000000000001
11,0.0002666666666666667,10.0,1.2778263092041016,9.9
11,0.0002666666666666667,10.0,1.2817039489746094,9.93
11,0.0002666666666666667,10.0,1.2854068279266357,10.02
11,0.0002666666666666667,10.0,1.2893986701965332,9.94
11,0.0002666666666666667,10.0,1.2934777736663818,9.96
11,0.0002666666666666667,10.0,1.297546148300171,10.0
11,0.0002666666666666667,10.0,1.301537275314331,10.02
11,0.0002666666666666667,10.0,1.3058197498321533,10.1
11,0.0002666666666666667,10.0,1.3098227977752686,9.97
11,0.0002666666666666667,10.0,1.3138294219970703,9.93
11,0.0002666666666666667,10.0,1.3178188800811768,9.99
11,0.0002666666666666667,10.0,1.3218200206756592,10.05
11,0.0002666666666666667,10.0,1.325768232345581,9.91
11,0.0002666666666666667,10.0,1.329796314239502,9.93
11,0.0002666666666666667,10.0,1.333646535873413,9.65
11,0.0002666666666666667,10.0,1.3376500606536865,10.040000000000001
11,0.0002666666666666667,10.0,1.341639757156372,9.89
11,0.0002666666666666667,10.0,1.3457987308502197,9.86
11,0.0002666666666666667,10.0,1.3497538566589355,9.950000000000001
11,0.0002666666666666667,10.0,1.3538012504577637,10.11
11,0.0002666666666666667,10.0,1.357823133468628,9.9
11,0.0002666666666666667,10.0,1.3618109226226807,9.870000000000001
11,0.0002666666666666667,10.0,1.3658015727996826,10.05
11,0.0002666666666666667,10.0,1.3697881698608398,9.88
11,0.0002666666666666667,10.0,1.373795747756958,9.99
11,0.0002666666666666667,10.0,1.3777620792388916,10.1
11,0.0002666666666666667,10.0,1.3816452026367188,9.9
11,0.0002666666666666667,10.0,1.3854198455810547,9.96
11,0.0002666666666666667,10.0,1.3892638683319092,10.0
11,0.0002666666666666667,10.0,1.3932087421417236,9.77
11,0.0002666666666666667,10.0,1.3962128162384033,9.94
11,0.0002666666666666667,10.0,1.3995649814605713,10.120000000000001
11,0.0002666666666666667,10.0,1.403733253479004,10.14
11,0.0002666666666666667,10.0,1.407599687576294,10.09
11,0.0002666666666666667,10.0,1.411740779876709,10.040000000000001
11,0.0002666666666666667,10.0,1.4157395362854004,9.9
11,0.0002666666666666667,10.0,1.4197688102722168,9.86
11,0.0002666666666666667,10.0,1.4237661361694336,9.99
11,0.0002666666666666667,10.0,1.427748203277588,9.94
11,0.0002666666666666667,10.0,1.4316542148590088,10.02
11,0.0002666666666666667,10.0,1.4357199668884277,9.93
11,0.0002666666666666667,10.0,1.4397428035736084,9.98
11,0.0002666666666666667,10.0,1.4437522888183594,9.94
11,0.0002666666666666667,10.0,1.4477601051330566,10.05
11,0.0002666666666666667,10.0,1.4517619609832764,10.040000000000001
11,0.0002666666666666667,10.0,1.455751657485962,9.96
11,0.0002666666666666667,10.0,1.459754228591919,10.08
11,0.0002666666666666667,10.0,1.4637534618377686,9.85
11,0.0002666666666666667,10.0,1.4677512645721436,9.82
11,0.0002666666666666667,10.0,1.4717473983764648,10.06
11,0.0002666666666666667,10.0,1.4757590293884277,9.98
11,0.0002666666666666667,10.0,1.4797496795654297,10.06
11,0.0002666666666666667,10.0,1.4836854934692383,10.040000000000001
11,0.0002666666666666667,10.0,1.4873847961425781,9.92
11,0.0002666666666666667,10.0,1.491248369216919,9.89
11,0.0002666666666666667,10.0,1.4942355155944824,10.03
11,0.0002666666666666667,10.0,1.4977197647094727,10.08
12,0.0002888888888888889,5.0,3.0994415283203125e-06,2.5
12,0.0002888888888888889,5.0,0.007881402969360352,2.48
12,0.0002888888888888889,5.0,0.011881828308105469,2.46
12,0.0002888888888888889,5.0,0.015874147415161133,2.47
12,0.0002888888888888889,5.0,0.019785165786743164,2.5
12,0.0002888888888888889,5.0,0.02365398406982422,2.5100000000000002
12,0.0002888888888888889,5.0,0.02752399444580078,2.5
12,0.0002888888888888889,5.0,0.03141140937805176,2.48
12,0.0002888888888888889,5.0,0.03549599647521973,2.49
12,0.0002888888888888889,5.0,0.03977513313293457,2.49
12,0.0002888888888888889,5.0,0.04380393028259277,2.47
12,0.0002888888888888889,5.0,0.04748702049255371,2.47
12,0.0002888888888888889,5.0,0.05158376693725586,2.47
12,0.0002888888888888889,5.0,0.05564618110656738,2.5100000000000002
12,0.0002888888888888889,5.0,0.059743404388427734,2.47
12,0.0002888888888888889,5.0,0.06371116638183594,2.49
12,0.0002888888888888889,5.0,0.06778287887573242,2.49
12,0.0002888888888888889,5.0,0.07178378105163574,2.49
12,0.0002888888888888889,5.0,0.07582569122314453,2.47
12,0.0002888888888888889,5.0,0.07972168922424316,2.47
12,0.0002888888888888889,5.0,0.08377861976623535,2.5100000000000002
12,0.0002888888888888889,5.0,0.08777427673339844,2.5100000000000002
12,0.0002888888888888889,5.0,0.09161043167114258,2.49
12,0.0002888888888888889,5.0,0.09545755386352539,2.48
12,0.0002888888888888889,5.0,0.09963321685791016,2.49
12,0.0002888888888888889,5.0,0.1035149097442627,2.48
12,0.0002888888888888889,5.0,0.10748744010925293,2.49
12,0.0002888888888888889,5.0,0.11150193214416504,2.5
12,0.0002888888888888889,5.0,0.11557364463806152,2.49
12,0.0002888888888888889,5.0,0.11964178085327148,2.5
12,0.0002888888888888889,5.0,0.1236114501953125,2.47
12,0.0002888888888888889,5.0,0.1275796890258789,2.49
12,0.0002888888888888889,5.0,0.1314561367034912,2.47
12,0.0002888888888888889,5.0,0.135451078414917,2.5
12,0.0002888888888888889,5.0,0.13949275016784668,2.48
12,0.0002888888888888889,5.0,0.1434180736541748,2.47
12,0.0002888888888888889,5.0,0.14738798141479492,2.49
12,0.0002888888888888889,5.0,0.15146350860595703,2.46
12,0.0002888888888888889,5.0,0.15563344955444336,2.49
12,0.0002888888888888889,5.0,0.159775972366333,2.48
12,0.0002888888888888889,5.0,0.1636676788330078,2.46
12,0.0002888888888888889,5.0,0.1676337718963623,2.46
12,0.0002888888888888889,5.0,0.17166590690612793,2.47
12,0.0002888888888888889,5.0,0.1756744384765625,2.45
12,0.0002888888888888889,5.0,0.17969179153442383,2.48
12,0.0002888888888888889,5.0,0.18367314338684082,2.5300000000000002
12,0.0002888888888888889,5.0,0.18782806396484375,2.48
12,0.0002888888888888889,5.0,0.19182562828063965,2.49
12,0.0002888888888888889,5.0,0.19582772254943848,2.48
12,0.0002888888888888889,5.0,0.19980692863464355,2.5
12,0.0002888888888888889,5.0,0.20381665229797363,2.48
12,0.0002888888888888889,5.0,0.20781588554382324,2.48
12,0.0002888888888888889,5.0,0.21181154251098633,2.5100000000000002
12,0.0002888888888888889,5.0,0.21581315994262695,2.5
12,0.0002888888888888889,5.0,0.21975040435791016,2.48
12,0.0002888888888888889,5.0,0.22365236282348633,2.5
12,0.0002888888888888889,5.0,0.22748255729675293,2.5
12,0.0002888888888888889,5.0,0.23147010803222656,2.5100000000000002
12,0.0002888888888888889,5.0,0.23546862602233887,2.49
12,0.0002888888888888889,5.0,0.23955607414245605,2.5300000000000002
12,0.0002888888888888889,5.0,0.24352598190307617,2.48
12,0.0002888888888888889,5.0,0.24761033058166504,2.5
12,0.0002888888888888889,5.0,0.25166869163513184,2.5300000000000002
12,0.0002888888888888889,5.0,0.25579118728637695,2.5
12,0.0002888888888888889,5.0,0.259671688079834,2.5
12,0.0002888888888888889,5.0,0.26366472244262695,2.49
12,0.0002888888888888889,5.0,0.26773762702941895,2.5
12,0.0002888888888888889,5.0,0.2717869281768799,2.5100000000000002
12,0.0002888888888888889,5.0,0.27579522132873535,2.48
12,0.0002888888888888889,5.0,0.2797994613647461,2.5100000000000002
12,0.0002888888888888889,5.0,0.28380441665649414,2.46
12,0.0002888888888888889,5.0,0.287792444229126,2.5
12,0.0002888888888888889,5.0,0.291792631149292,2.49
12,0.0002888888888888889,5.0,0.29578733444213867,2.5100000000000002
12,0.0002888888888888889,5.0,0.29980015754699707,2.47
12,0.0002888888888888889,5.0,0.303783655166626,2.47
12,0.0002888888888888889,5.0,0.3077867031097412,2.5
12,0.0002888888888888889,5.0,0.3117964267730713,2.5
12,0.0002888888888888889,5.0,0.3157927989959717,2.5300000000000002
12,0.0002888888888888889,5.0,0.31978607177734375,2.5
12,0.0002888888888888889,5.0,0.3236265182495117,2.5
12,0.0002888888888888889,5.0,0.32756876945495605,2.49
12,0.0002888888888888889,5.0,0.3314094543457031,2.46
12,0.0002888888888888889,5.0,0.33557581901550293,2.5
12,0.0002888888888888889,5.0,0.33968281745910645,2.49
12,0.0002888888888888889,5.0,0.3437037467956543,2.5
12,0.0002888888888888889,5.0,0.3476378917694092,2.47
12,0.0002888888888888889,5.0,0.35163235664367676,2.49
12,0.0002888888888888889,5.0,0.35562777519226074,2.48
12,0.0002888888888888889,5.0,0.35976624488830566,2.5
12,0.0002888888888888889,5.0,0.3637697696685791,2.49
12,0.0002888888888888889,5.0,0.36776137351989746,2.5
12,0.0002888888888888889,5.0,0.37172698974609375,2.46
12,0.0002888888888888889,5.0,0.3756086826324463,2.48
12,0.0002888888888888889,5.0,0.37959957122802734,2.49
12,0.0002888888888888889,5.0,0.38376450538635254,2.5
12,0.0002888888888888889,5.0,0.38777852058410645,2.5100000000000002
12,0.0002888888888888889,5.0,0.3917696475982666,2.5
12,0.0002888888888888889,5.0,0.39580869674682617,2.5100000000000002
12,0.0002888888888888889,5.0,0.3998117446899414,2.5
12,0.0002888888888888889,5.0,0.4038276672363281,2.49
12,0.0002888888888888889,5.0,0.40781378746032715,2.5
12,0.0002888888888888889,5.0,0.4118325710296631,2.47
12,0.0002888888888888889,5.0,0.4158139228820801,2.49
12,0.0002888888888888889,5.0,0.4197511672973633,2.5
12,0.0002888888888888889,5.0,0.4235858917236328,2.5100000000000002
12,0.0002888888888888889,5.0,0.4276134967803955,2.49
12,0.0002888888888888889,5.0,0.43149781227111816,2.5
12,0.0002888888888888889,5.0,0.4354281425476074,2.5
12,0.0002888888888888889,5.0,0.4396648406982422,2.49
12,0.0002888888888888889,5.0,0.44374656677246094,2.5
12,0.0002888888888888889,5.0,0.44765353202819824,2.5
12,0.0002888888888888889,5.0,0.4516410827636719,2.5300000000000002
12,0.0002888888888888889,5.0,0.45565342903137207,2.49
12,0.0002888888888888889,5.0,0.45967674255371094,2.49
12,0.0002888888888888889,5.0,0.46347880363464355,2.52
12,0.0002888888888888889,5.0,0.4674820899963379,2.5
12,0.0002888888888888889,5.0,0.4714393615722656,2.48
12,0.0002888888888888889,5.0,0.4754927158355713,2.5
12,0.0002888888888888889,5.0,0.4795725345611572,2.5100000000000002
12,0.0002888888888888889,5.0,0.48363804817199707,2.5
12,0.0002888888888888889,5.0,0.48764634132385254,2.47
12,0.0002888888888888889,5.0,0.49162745475769043,2.52
12,0.0002888888888888889,5.0,0.49574875831604004,2.48
12,0.0002888888888888889,5.0,0.49977946281433105,2.52
12,0.0002888888888888889,5.0,0.5037784576416016,2.52
12,0.0002888888888888889,5.0,0.5117671489715576,2.63
12,0.0002888888888888889,5.0,0.5157735347747803,2.7
12,0.0002888888888888889,5.0,0.5197486877441406,2.75
12,0.0002888888888888889,5.0,0.5236649513244629,2.86
12,0.0002888888888888889,5.0,0.5277509689331055,2.91
12,0.0002888888888888889,5.0,0.5313911437988281,2.95
12,0.0002888888888888889,5.0,0.535531759262085,3.02
12,0.0002888888888888889,5.0,0.5396254062652588,3.11
12,0.0002888888888888889,5.0,0.5437281131744385,3.16
12,0.0002888888888888889,5.0,0.5476768016815186,3.23
12,0.0002888888888888889,5.0,0.5516648292541504,3.24
12,0.0002888888888888889,5.0,0.5556385517120361,3.3000000000000003
12,0.0002888888888888889,5.0,0.5597574710845947,3.36
12,0.0002888888888888889,5.0,0.5638039112091064,3.45
12,0.0002888888888888889,5.0,0.5677645206451416,3.47
12,0.0002888888888888889,5.0,0.5717535018920898,3.5100000000000002
12,0.0002888888888888889,5.0,0.5756361484527588,3.54
12,0.0002888888888888889,5.0,0.5796527862548828,3.61
12,0.0002888888888888889,5.0,0.5837616920471191,3.5700000000000003
12,0.0002888888888888889,5.0,0.587777853012085,3.68
12,0.0002888888888888889,5.0,0.5917537212371826,3.74
12,0.0002888888888888889,5.0,0.5957622528076172,3.72
12,0.0002888888888888889,5.0,0.5997698307037354,3.7600000000000002
12,0.0002888888888888889,5.0,0.603766679763794,3.8000000000000003
12,0.0002888888888888889,5.0,0.6077880859375,3.84
12,0.0002888888888888889,5.0,0.611767053604126,3.87
12,0.0002888888888888889,5.0,0.6157798767089844,3.9
12,0.0002888888888888889,5.0,0.6197643280029297,3.95
12,0.0002888888888888889,5.0,0.6237678527832031,3.95
12,0.0002888888888888889,5.0,0.6276965141296387,3.97
12,0.0002888888888888889,5.0,0.6314854621887207,4.04
12,0.0002888888888888889,5.0,0.635390043258667,4.03
12,0.0002888888888888889,5.0,0.6394438743591309,4.09
12,0.0002888888888888889,5.0,0.6436882019042969,4.11
12,0.0002888888888888889,5.0,0.6477129459381104,4.11
12,0.0002888888888888889,5.0,0.6515271663665771,4.13
12,0.0002888888888888889,5.0,0.6556003093719482,4.17
12,0.0002888888888888889,5.0,0.6597373485565186,4.22
12,0.0002888888888888889,5.0,0.6637413501739502,4.18
12,0.0002888888888888889,5.0,0.6677498817443848,4.3
12,0.0002888888888888889,5.0,0.6716005802154541,4.2700000000000005
12,0.0002888888888888889,5.0,0.6757619380950928,4.32
12,0.0002888888888888889,5.0,0.6797490119934082,4.3100000000000005
12,0.0002888888888888889,5.0,0.6837632656097412,4.32
12,0.0002888888888888889,5.0,0.6877622604370117,4.34
12,0.0002888888888888889,5.0,0.6917581558227539,4.33
12,0.0002888888888888889,5.0,0.6957483291625977,4.39
12,0.0002888888888888889,5.0,0.6997711658477783,4.4
12,0.0002888888888888889,5.0,0.7037639617919922,4.41
12,0.0002888888888888889,5.0,0.7077648639678955,4.46
12,0.0002888888888888889,5.0,0.711768627166748,4.5
12,0.0002888888888888889,5.0,0.7157597541809082,4.44
12,0.0002888888888888889,5.0,0.719731330871582,4.51
12,0.0002888888888888889,5.0,0.7237279415130615,4.5
12,0.0002888888888888889,5.0,0.72776198387146,4.48
12,0.0002888888888888889,5.0,0.7314739227294922,4.57
12,0.0002888888888888889,5.0,0.735421895980835,4.5
12,0.0002888888888888889,5.0,0.7394266128540039,4.5600000000000005
12,0.0002888888888888889,5.0,0.7437291145324707,4.55
12,0.0002888888888888889,5.0,0.7477355003356934,4.59
12,0.0002888888888888889,5.0,0.7516202926635742,4.58
12,0.0002888888888888889,5.0,0.7555925846099854,4.63
12,0.0002888888888888889,5.0,0.7598075866699219,4.63
12,0.0002888888888888889,5.0,0.7637333869934082,4.68
12,0.0002888888888888889,5.0,0.7677047252655029,4.68
12,0.0002888888888888889,5.0,0.7716739177703857,4.64
12,0.0002888888888888889,5.0,0.7757153511047363,4.7
12,0.0002888888888888889,5.0,0.7797760963439941,4.66
12,0.0002888888888888889,5.0,0.7837693691253662,4.61
12,0.0002888888888888889,5.0,0.7877435684204102,4.69
12,0.0002888888888888889,5.0,0.7917673587799072,4.71
12,0.0002888888888888889,5.0,0.7957532405853271,4.73
12,0.0002888888888888889,5.0,0.799748420715332,4.67
12,0.0002888888888888889,5.0,0.803765058517456,4.73
12,0.0002888888888888889,5.0,0.8077068328857422,4.79
12,0.0002888888888888889,5.0,0.8117516040802002,4.76
12,0.0002888888888888889,5.0,0.8157374858856201,4.75
12,0.0002888888888888889,5.0,0.8197379112243652,4.76
12,0.0002888888888888889,5.0,0.8236677646636963,4.7700000000000005
12,0.0002888888888888889,5.0,0.8275198936462402,4.78
12,0.0002888888888888889,5.0,0.8315050601959229,4.79
12,0.0002888888888888889,5.0,0.835404634475708,4.79
12,0.0002888888888888889,5.0,0.8393723964691162,4.75
12,0.0002888888888888889,5.0,0.8436667919158936,4.78
12,0.0002888888888888889,5.0,0.8475241661071777,4.8500000000000005
12,0.0002888888888888889,5.0,0.851707935333252,4.88
12,0.0002888888888888889,5.0,0.8557496070861816,4.82
12,0.0002888888888888889,5.0,0.8596837520599365,4.82
12,0.0002888888888888889,5.0,0.8636858463287354,4.9
12,0.0002888888888888889,5.0,0.8677358627319336,4.87
12,0.0002888888888888889,5.0,0.8716967105865479,4.8100000000000005
12,0.0002888888888888889,5.0,0.8756968975067139,4.75
12,0.0002888888888888889,5.0,0.8797452449798584,4.78
12,0.0002888888888888889,5.0,0.8837409019470215,4.88
12,0.0002888888888888889,5.0,0.8877508640289307,4.9
12,0.0002888888888888889,5.0,0.8917365074157715,4.9
12,0.0002888888888888889,5.0,0.895716667175293,4.94
12,0.0002888888888888889,5.0,0.8997488021850586,4.87
12,0.0002888888888888889,5.0,0.9037430286407471,4.93
12,0.0002888888888888889,5.0,0.9077270030975342,4.89
12,0.0002888888888888889,5.0,0.9117434024810791,4.83
12,0.0002888888888888889,5.0,0.9157354831695557,4.9
12,0.0002888888888888889,5.0,0.9197402000427246,4.92
12,0.0002888888888888889,5.0,0.9237618446350098,4.9
12,0.0002888888888888889,5.0,0.9277405738830566,4.89
12,0.0002888888888888889,5.0,0.9315686225891113,4.9
12,0.0002888888888888889,5.0,0.9354381561279297,4.92
12,0.0002888888888888889,5.0,0.9394116401672363,4.8500000000000005
12,0.0002888888888888889,5.0,0.9437057971954346,4.88
12,0.0002888888888888889,5.0,0.9477729797363281,4.9
12,0.0002888888888888889,5.0,0.9516282081604004,4.97
12,0.0002888888888888889,5.0,0.9557614326477051,4.89
12,0.0002888888888888889,5.0,0.9597470760345459,4.98
12,0.0002888888888888889,5.0,0.9637548923492432,4.94
12,0.0002888888888888889,5.0,0.9674539566040039,4.8
12,0.0002888888888888889,5.0,0.9713852405548096,4.96
12,0.0002888888888888889,5.0,0.9754269123077393,4.93
12,0.0002888888888888889,5.0,0.979480504989624,4.89
12,0.0002888888888888889,5.0,0.9836809635162354,4.88
12,0.0002888888888888889,5.0,0.9877429008483887,4.96
12,0.0002888888888888889,5.0,0.9917559623718262,4.93
12,0.0002888888888888889,5.0,0.99574875831604,4.92
12,0.0002888888888888889,5.0,0.9997365474700928,4.9
12,0.0002888888888888889,5.0,1.0037508010864258,4.95
12,0.0002888888888888889,5.0,1.0077471733093262,4.94
12,0.0002888888888888889,5.0,1.0116758346557617,4.98
12,0.0002888888888888889,5.0,1.0157334804534912,5.01
12,0.0002888888888888889,5.0,1.0197529792785645,5.01
12,0.0002888888888888889,5.0,1.0236823558807373,4.92
12,0.0002888888888888889,5.0,1.0275886058807373,4.99
12,0.0002888888888888889,5.0,1.0315892696380615,4.98
12,0.0002888888888888889,5.0,1.0354773998260498,4.95
12,0.0002888888888888889,5.0,1.0395526885986328,4.99
12,0.0002888888888888889,5.0,1.0437283515930176,4.91
12,0.0002888888888888889,5.0,1.047778606414795,4.94
12,0.0002888888888888889,5.0,1.051675796508789,4.87
12,0.0002888888888888889,5.0,1.0556941032409668,4.91
12,0.0002888888888888889,5.0,1.0597169399261475,5.01
12,0.0002888888888888889,5.0,1.063814401626587,5.0200000000000005
12,0.0002888888888888889,5.0,1.0678174495697021,4.99
12,0.0002888888888888889,5.0,1.0717999935150146,4.97
12,0.0002888888888888889,5.0,1.0758304595947266,5.01
12,0.0002888888888888889,5.0,1.0797626972198486,4.99
12,0.0002888888888888889,5.0,1.0838088989257812,4.95
12,0.0002888888888888889,5.0,1.0878190994262695,5.0
12,0.0002888888888888889,5.0,1.0918095111846924,4.99
12,0.0002888888888888889,5.0,1.0958216190338135,4.97
12,0.0002888888888888889,5.0,1.0996427536010742,4.98
12,0.0002888888888888889,5.0,1.1037766933441162,5.03
12,0.0002888888888888889,5.0,1.1077616214752197,5.05
12,0.0002888888888888889,5.0,1.1117932796478271,4.98
12,0.0002888888888888889,5.0,1.115795612335205,4.87
12,0.0002888888888888889,5.0,1.1198420524597168,4.92
12,0.0002888888888888889,5.0,1.1237099170684814,5.0
12,0.0002888888888888889,5.0,1.1275696754455566,4.88
12,0.0002888888888888889,5.0,1.1316030025482178,4.98
12,0.0002888888888888889,5.0,1.1354866027832031,5.0200000000000005
12,0.0002888888888888889,5.0,1.1394734382629395,4.98
12,0.0002888888888888889,5.0,1.1435956954956055,4.98
12,0.0002888888888888889,5.0,1.1476502418518066,5.07
12,0.0002888888888888889,5.0,1.1516876220703125,5.0
12,0.0002888888888888889,5.0,1.1557555198669434,4.96
12,0.0002888888888888889,5.0,1.1598050594329834,4.97
12,0.0002888888888888889,5.0,1.1637635231018066,5.03
12,0.0002888888888888889,5.0,1.167754888534546,5.0
12,0.0002888888888888889,5.0,1.1717700958251953,5.0
12,0.0002888888888888889,5.0,1.1758308410644531,5.0
12,0.0002888888888888889,5.0,1.179839849472046,5.01
12,0.0002888888888888889,5.0,1.1838302612304688,4.94
12,0.0002888888888888889,5.0,1.1878421306610107,4.9
12,0.0002888888888888889,5.0,1.1918296813964844,4.95
12,0.0002888888888888889,5.0,1.1958045959472656,5.03
12,0.0002888888888888889,5.0,1.1998281478881836,5.03
12,0.0002888888888888889,5.0,1.2038395404815674,5.01
12,0.0002888888888888889,5.0,1.2077555656433105,5.0
12,0.0002888888888888889,5.0,1.2118291854858398,4.98
12,0.0002888888888888889,5.0,1.2158222198486328,5.03
12,0.0002888888888888889,5.0,1.219770908355713,5.0
12,0.0002888888888888889,5.0,1.2234926223754883,5.01
12,0.0002888888888888889,5.0,1.2276864051818848,5.03
12,0.0002888888888888889,5.0,1.2317094802856445,5.01
12,0.0002888888888888889,5.0,1.2355008125305176,5.03
12,0.0002888888888888889,5.0,1.2395284175872803,4.94
12,0.0002888888888888889,5.0,1.243617296218872,5.0
12,0.0002888888888888889,5.0,1.2477056980133057,4.99
12,0.0002888888888888889,5.0,1.2516899108886719,4.89
12,0.0002888888888888889,5.0,1.2556946277618408,4.94
12,0.0002888888888888889,5.0,1.25968337059021,5.01
12,0.0002888888888888889,5.0,1.26369309425354,4.91
12,0.0002888888888888889,5.0,1.2678396701812744,4.97
12,0.0002888888888888889,5.0,1.2718946933746338,5.01
12,0.0002888888888888889,5.0,1.2758185863494873,4.95
12,0.0002888888888888889,5.0,1.2798359394073486,4.99
12,0.0002888888888888889,5.0,1.283832311630249,4.97
12,0.0002888888888888889,5.0,1.2878310680389404,5.03
12,0.0002888888888888889,5.0,1.2918336391448975,5.07
12,0.0002888888888888889,5.0,1.2957913875579834,5.07
12,0.0002888888888888889,5.0,1.29982328414917,5.05
12,0.0002888888888888889,5.0,1.3038032054901123,4.95
12,0.0002888888888888889,5.0,1.3077976703643799,5.05
12,0.0002888888888888889,5.0,1.3118019104003906,4.94
12,0.0002888888888888889,5.0,1.3158164024353027,5.04
12,0.0002888888888888889,5.0,1.3197901248931885,4.98
12,0.0002888888888888889,5.0,1.323791265487671,5.01
12,0.0002888888888888889,5.0,1.327810287475586,5.03
12,0.0002888888888888889,5.0,1.3317439556121826,5.01
12,0.0002888888888888889,5.0,1.3354625701904297,4.96
12,0.0002888888888888889,5.0,1.3393614292144775,5.05
12,0.0002888888888888889,5.0,1.343409538269043,5.01
12,0.0002888888888888889,5.0,1.3474833965301514,4.95
12,0.0002888888888888889,5.0,1.351722002029419,4.98
12,0.0002888888888888889,5.0,1.3556807041168213,5.0
12,0.0002888888888888889,5.0,1.3597311973571777,4.96
12,0.0002888888888888889,5.0,1.3637189865112305,4.94
12,0.0002888888888888889,5.0,1.3676939010620117,5.0
12,0.0002888888888888889,5.0,1.3715684413909912,4.99
12,0.0002888888888888889,5.0,1.3755848407745361,5.01
12,0.0002888888888888889,5.0,1.3795890808105469,4.97
12,0.0002888888888888889,5.0,1.3835217952728271,5.04
12,0.0002888888888888889,5.0,1.3877108097076416,5.0
12,0.0002888888888888889,5.0,1.3916997909545898,5.0
12,0.0002888888888888889,5.0,1.3957178592681885,4.99
12,0.0002888888888888889,5.0,1.399703025817871,5.0600000000000005
12,0.0002888888888888889,5.0,1.4037153720855713,5.08
12,0.0002888888888888889,5.0,1.4076976776123047,4.99
12,0.0002888888888888889,5.0,1.4117121696472168,4.96
12,0.0002888888888888889,5.0,1.4156908988952637,4.98
12,0.0002888888888888889,5.0,1.4197545051574707,5.01
12,0.0002888888888888889,5.0,1.4238011837005615,4.95
12,0.0002888888888888889,5.0,1.4277455806732178,5.01
12,0.0002888888888888889,5.0,1.4316775798797607,4.91
12,0.0002888888888888889,5.0,1.4354767799377441,5.0200000000000005
12,0.0002888888888888889,5.0,1.4394266605377197,5.0200000000000005
12,0.0002888888888888889,5.0,1.443683385848999,4.95
12,0.0002888888888888889,5.0,1.4476799964904785,5.0200000000000005
12,0.0002888888888888889,5.0,1.4517464637756348,5.08
12,0.0002888888888888889,5.0,1.4556024074554443,4.97
12,0.0002888888888888889,5.0,1.459740161895752,5.07
12,0.0002888888888888889,5.0,1.4637186527252197,5.0
12,0.0002888888888888889,5.0,1.4674997329711914,4.96
12,0.0002888888888888889,5.0,1.4714126586914062,5.05
12,0.0002888888888888889,5.0,1.4753875732421875,5.01
12,0.0002888888888888889,5.0,1.4794971942901611,5.04
12,0.0002888888888888889,5.0,1.483583927154541,4.94
12,0.0002888888888888889,5.0,1.4875779151916504,4.91
12,0.0002888888888888889,5.0,1.4915828704833984,5.03
12,0.0002888888888888889,5.0,1.4955906867980957,5.0
12,0.0002888888888888889,5.0,1.4997127056121826,5.07
13,0.0002888888888888889,7.5,4.76837158203125e-07,3.83
13,0.0002888888888888889,7.5,0.007882356643676758,3.7800000000000002
13,0.0002888888888888889,7.5,0.010866880416870117,3.7800000000000002
13,0.0002888888888888889,7.5,0.013855218887329102,3.85
13,0.0002888888888888889,7.5,0.016849279403686523,3.84
13,0.0002888888888888889,7.5,0.019835710525512695,3.83
13,0.0002888888888888889,7.5,0.022855043411254883,3.85
13,0.0002888888888888889,7.5,0.025827646255493164,3.84
13,0.0002888888888888889,7.5,0.02889084815979004,3.84
13,0.0002888888888888889,7.5,0.031879425048828125,3.67
13,0.0002888888888888889,7.5,0.03486776351928711,3.72
13,0.0002888888888888889,7.5,0.03786420822143555,3.7600000000000002
13,0.0002888888888888889,7.5,0.040859222412109375,3.79
13,0.0002888888888888889,7.5,0.043981313705444336,3.81
13,0.0002888888888888889,7.5,0.047977447509765625,3.86
13,0.0002888888888888889,7.5,0.05188417434692383,3.8200000000000003
13,0.0002888888888888889,7.5,0.05483722686767578,3.84
13,0.0002888888888888889,7.5,0.057848453521728516,3.83
13,0.0002888888888888889,7.5,0.060843467712402344,3.7600000000000002
13,0.0002888888888888889,7.5,0.06387448310852051,3.79
13,0.0002888888888888889,7.5,0.06687641143798828,3.69
13,0.0002888888888888889,7.5,0.0698392391204834,3.7800000000000002
13,0.0002888888888888889,7.5,0.07285380363464355,3.84
13,0.0002888888888888889,7.5,0.07587265968322754,3.77
13,0.0002888888888888889,7.5,0.07886099815368652,3.77
13,0.0002888888888888889,7.5,0.08188915252685547,3.73
13,0.0002888888888888889,7.5,0.0848538875579834,3.79
13,0.0002888888888888889,7.5,0.08780646324157715,3.74
13,0.0002888888888888889,7.5,0.09082698822021484,3.7800000000000002
13,0.0002888888888888889,7.5,0.09381103515625,3.7600000000000002
13,0.0002888888888888889,7.5,0.09685206413269043,3.81
13,0.0002888888888888889,7.5,0.09984660148620605,3.7600000000000002
13,0.0002888888888888889,7.5,0.10283875465393066,3.72
13,0.0002888888888888889,7.5,0.10586142539978027,3.77
13,0.0002888888888888889,7.5,0.10885262489318848,3.79
13,0.0002888888888888889,7.5,0.11184358596801758,3.83
13,0.0002888888888888889,7.5,0.11483144760131836,3.77
13,0.0002888888888888889,7.5,0.11783051490783691,3.81
13,0.0002888888888888889,7.5,0.12080788612365723,3.77
13,0.0002888888888888889,7.5,0.12383532524108887,3.81
13,0.0002888888888888889,7.5,0.12683987617492676,3.7800000000000002
13,0.0002888888888888889,7.5,0.12991023063659668,3.7800000000000002
13,0.0002888888888888889,7.5,0.13289093971252441,3.7600000000000002
13,0.0002888888888888889,7.5,0.13596534729003906,3.8200000000000003
13,0.0002888888888888889,7.5,0.13990283012390137,3.69
13,0.0002888888888888889,7.5,0.14419007301330566,3.7600000000000002
13,0.0002888888888888889,7.5,0.14818167686462402,3.75
13,0.0002888888888888889,7.5,0.1524648666381836,3.7
13,0.0002888888888888889,7.5,0.15647459030151367,3.67
13,0.0002888888888888889,7.5,0.1605219841003418,3.74
13,0.0002888888888888889,7.5,0.16446685791015625,3.8000000000000003
13,0.0002888888888888889,7.5,0.16848039627075195,3.77
13,0.0002888888888888889,7.5,0.1724998950958252,3.77
13,0.0002888888888888889,7.5,0.1761767864227295,3.77
13,0.0002888888888888889,7.5,0.18009018898010254,3.7800000000000002
13,0.0002888888888888889,7.5,0.18414974212646484,3.71
13,0.0002888888888888889,7.5,0.1883409023284912,3.75
13,0.0002888888888888889,7.5,0.19231581687927246,3.7600000000000002
13,0.0002888888888888889,7.5,0.1962730884552002,3.75
13,0.0002888888888888889,7.5,0.20019006729125977,3.7600000000000002
13,0.0002888888888888889,7.5,0.20407462120056152,3.81
13,0.0002888888888888889,7.5,0.20806145668029785,3.65
13,0.0002888888888888889,7.5,0.21207857131958008,3.7800000000000002
13,0.0002888888888888889,7.5,0.21614766120910645,3.87
13,0.0002888888888888889,7.5,0.22020220756530762,3.75
13,0.0002888888888888889,7.5,0.22439885139465332,3.85
13,0.0002888888888888889,7.5,0.22829818725585938,3.73
13,0.0002888888888888889,7.5,0.23231196403503418,3.7600000000000002
13,0.0002888888888888889,7.5,0.23630952835083008,3.71
13,0.0002888888888888889,7.5,0.24027681350708008,3.7800000000000002
13,0.0002888888888888889,7.5,0.24413275718688965,3.74
13,0.0002888888888888889,7.5,0.24805283546447754,3.74
13,0.0002888888888888889,7.5,0.25204992294311523,3.74
13,0.0002888888888888889,7.5,0.2560727596282959,3.71
13,0.0002888888888888889,7.5,0.2601330280303955,3.71
13,0.0002888888888888889,7.5,0.26415514945983887,3.72
13,0.0002888888888888889,7.5,0.2680392265319824,3.73
13,0.0002888888888888889,7.5,0.2721676826477051,3.79
13,0.0002888888888888889,7.5,0.2761044502258301,3.7
13,0.0002888888888888889,7.5,0.28010010719299316,3.7600000000000002
13,0.0002888888888888889,7.5,0.2840874195098877,3.7600000000000002
13,0.0002888888888888889,7.5,0.2882273197174072,3.75
13,0.0002888888888888889,7.5,0.2922661304473877,3.84
13,0.0002888888888888889,7.5,0.2963123321533203,3.72
13,0.0002888888888888889,7.5,0.30028581619262695,3.74
13,0.0002888888888888889,7.5,0.30446553230285645,3.81
13,0.0002888888888888889,7.5,0.3084750175476074,3.73
13,0.0002888888888888889,7.5,0.31238436698913574,3.7600000000000002
13,0.0002888888888888889,7.5,0.31627678871154785,3.7800000000000002
13,0.0002888888888888889,7.5,0.3202168941497803,3.7800000000000002
13,0.0002888888888888889,7.5,0.3243851661682129,3.75
13,0.0002888888888888889,7.5,0.3283998966217041,3.74
13,0.0002888888888888889,7.5,0.3322930335998535,3.8000000000000003
13,0.0002888888888888889,7.5,0.33631181716918945,3.84
13,0.0002888888888888889,7.5,0.34041261672973633,3.64
13,0.0002888888888888889,7.5,0.3443889617919922,3.7600000000000002
13,0.0002888888888888889,7.5,0.34834790229797363,3.75
13,0.0002888888888888889,7.5,0.35216832160949707,3.6
13,0.0002888888888888889,7.5,0.356182336807251,3.7
13,0.0002888888888888889,7.5,0.36014461517333984,3.72
13,0.0002888888888888889,7.5,0.3641841411590576,3.7600000000000002
13,0.0002888888888888889,7.5,0.3682987689971924,3.73
13,0.0002888888888888889,7.5,0.3722877502441406,3.77
13,0.0002888888888888889,7.5,0.37616968154907227,3.7
13,0.0002888888888888889,7.5,0.38007092475891113,3.89
13,0.0002888888888888889,7.5,0.3839993476867676,3.8200000000000003
13,0.0002888888888888889,7.5,0.38794922828674316,3.75
13,0.0002888888888888889,7.5,0.3919970989227295,3.65
13,0.0002888888888888889,7.5,0.39609503746032715,3.7800000000000002
13,0.0002888888888888889,7.5,0.40013551712036133,3.73
13,0.0002888888888888889,7.5,0.40400147438049316,3.69
13,0.0002888888888888889,7.5,0.4079892635345459,3.71
13,0.0002888888888888889,7.5,0.4120059013366699,3.66
13,0.0002888888888888889,7.5,0.4160957336425781,3.72
13,0.0002888888888888889,7.5,0.42019128799438477,3.69
13,0.0002888888888888889,7.5,0.42415595054626465,3.74
13,0.0002888888888888889,7.5,0.42820072174072266,3.8000000000000003
13,0.0002888888888888889,7.5,0.43222713470458984,3.71
13,0.0002888888888888889,7.5,0.4362921714782715,3.74
13,0.0002888888888888889,7.5,0.44037580490112305,3.7
13,0.0002888888888888889,7.5,0.4443674087524414,3.83
13,0.0002888888888888889,7.5,0.44835662841796875,3.73
13,0.0002888888888888889,7.5,0.45235204696655273,3.77
13,0.0002888888888888889,7.5,0.4563436508178711,3.8000000000000003
13,0.0002888888888888889,7.5,0.4603617191314697,3.73
13,0.0002888888888888889,7.5,0.46417832374572754,3.72
13,0.0002888888888888889,7.5,0.4683511257171631,3.73
13,0.0002888888888888889,7.5,0.47236204147338867,3.75
13,0.0002888888888888889,7.5,0.47627925872802734,3.69
13,0.0002888888888888889,7.5,0.48007798194885254,3.73
13,0.0002888888888888889,7.5,0.4840226173400879,3.7600000000000002
13,0.0002888888888888889,7.5,0.4880971908569336,3.71
13,0.0002888888888888889,7.5,0.49216556549072266,3.7600000000000002
13,0.0002888888888888889,7.5,0.4963059425354004,3.74
13,0.0002888888888888889,7.5,0.5003657341003418,3.8200000000000003
13,0.0002888888888888889,7.5,0.5083601474761963,4.07
13,0.0002888888888888889,7.5,0.5123281478881836,4.05
13,0.0002888888888888889,7.5,0.5163259506225586,4.19
13,0.0002888888888888889,7.5,0.5203471183776855,4.29
13,0.0002888888888888889,7.5,0.5243520736694336,4.45
13,0.0002888888888888889,7.5,0.5283536911010742,4.42
13,0.0002888888888888889,7.5,0.5323708057403564,4.6000000000000005
13,0.0002888888888888889,7.5,0.536358118057251,4.68
13,0.0002888888888888889,7.5,0.5403571128845215,4.8100000000000005
13,0.0002888888888888889,7.5,0.5443463325500488,4.88
13,0.0002888888888888889,7.5,0.5483331680297852,4.96
13,0.0002888888888888889,7.5,0.5520908832550049,5.09
13,0.0002888888888888889,7.5,0.5560305118560791,5.17
13,0.0002888888888888889,7.5,0.5599966049194336,5.21
13,0.0002888888888888889,7.5,0.5639426708221436,5.3500000000000005
13,0.0002888888888888889,7.5,0.567863941192627,5.36
13,0.0002888888888888889,7.5,0.5708591938018799,5.53
13,0.0002888888888888889,7.5,0.5738568305969238,5.49
13,0.0002888888888888889,7.5,0.5771150588989258,5.61
13,0.0002888888888888889,7.5,0.5810091495513916,5.55
13,0.0002888888888888889,7.5,0.5849952697753906,5.74
13,0.0002888888888888889,7.5,0.5890710353851318,5.92
13,0.0002888888888888889,7.5,0.5932068824768066,5.84
13,0.0002888888888888889,7.5,0.5971763134002686,5.95
13,0.0002888888888888889,7.5,0.6011245250701904,5.9
13,0.0002888888888888889,7.5,0.6053597927093506,6.07
13,0.0002888888888888889,7.5,0.6093554496765137,6.07
13,0.0002888888888888889,7.5,0.6130833625793457,6.17
13,0.0002888888888888889,7.5,0.6168513298034668,6.19
13,0.0002888888888888889,7.5,0.6198399066925049,6.2
13,0.0002888888888888889,7.5,0.6228501796722412,6.32
13,0.0002888888888888889,7.5,0.6258487701416016,6.36
13,0.0002888888888888889,7.5,0.629328727722168,6.36
13,0.0002888888888888889,7.5,0.6333732604980469,6.33
13,0.0002888888888888889,7.5,0.637352705001831,6.4
13,0.0002888888888888889,7.5,0.641324520111084,6.48
13,0.0002888888888888889,7.5,0.6453206539154053,6.5
13,0.0002888888888888889,7.5,0.6493637561798096,6.65
13,0.0002888888888888889,7.5,0.6533901691436768,6.57
13,0.0002888888888888889,7.5,0.657374382019043,6.5600000000000005
13,0.0002888888888888889,7.5,0.6613826751708984,6.65
13,0.0002888888888888889,7.5,0.6653382778167725,6.78
13,0.0002888888888888889,7.5,0.6693379878997803,6.8500000000000005
13,0.0002888888888888889,7.5,0.6733279228210449,6.7700000000000005
13,0.0002888888888888889,7.5,0.6773452758789062,6.8
13,0.0002888888888888889,7.5,0.6810882091522217,6.87
13,0.0002888888888888889,7.5,0.6849145889282227,6.93
13,0.0002888888888888889,7.5,0.6888909339904785,7.13
13,0.0002888888888888889,7.5,0.6932847499847412,6.890000000000001
13,0.0002888888888888889,7.5,0.6973674297332764,6.98
13,0.0002888888888888889,7.5,0.7012755870819092,6.98
13,0.0002888888888888889,7.5,0.705176591873169,6.94
13,0.0002888888888888889,7.5,0.7090630531311035,7.12
13,0.0002888888888888889,7.5,0.7128956317901611,6.98
13,0.0002888888888888889,7.5,0.7168736457824707,6.9
13,0.0002888888888888889,7.5,0.7198426723480225,7.0600000000000005
13,0.0002888888888888889,7.5,0.7228436470031738,6.97
13,0.0002888888888888889,7.5,0.7258574962615967,7.18
13,0.0002888888888888889,7.5,0.7291498184204102,7.18
13,0.0002888888888888889,7.5,0.7333533763885498,7.25
13,0.0002888888888888889,7.5,0.7373530864715576,7.16
13,0.0002888888888888889,7.5,0.7413411140441895,7.140000000000001
13,0.0002888888888888889,7.5,0.7453463077545166,7.3100000000000005
13,0.0002888888888888889,7.5,0.7493364810943604,7.18
13,0.0002888888888888889,7.5,0.7533342838287354,7.16
13,0.0002888888888888889,7.5,0.7573568820953369,7.25
13,0.0002888888888888889,7.5,0.7613699436187744,7.3100000000000005
13,0.0002888888888888889,7.5,0.765333890914917,7.19
13,0.0002888888888888889,7.5,0.7693338394165039,7.33
13,0.0002888888888888889,7.5,0.7733359336853027,7.3500000000000005
13,0.0002888888888888889,7.5,0.7773144245147705,7.29
13,0.0002888888888888889,7.5,0.7810945510864258,7.3
13,0.0002888888888888889,7.5,0.784954309463501,7.3100000000000005
13,0.0002888888888888889,7.5,0.7888524532318115,7.32
13,0.0002888888888888889,7.5,0.791846752166748,7.32
13,0.0002888888888888889,7.5,0.7948787212371826,7.38
13,0.0002888888888888889,7.5,0.7991745471954346,7.32
13,0.0002888888888888889,7.5,0.8033602237701416,7.3
13,0.0002888888888888889,7.5,0.8073859214782715,7.3100000000000005
13,0.0002888888888888889,7.5,0.8113327026367188,7.3100000000000005
13,0.0002888888888888889,7.5,0.8149669170379639,7.48
13,0.0002888888888888889,7.5,0.8192653656005859,7.38
13,0.0002888888888888889,7.5,0.8233411312103271,7.3500000000000005
13,0.0002888888888888889,7.5,0.8273706436157227,7.37
13,0.0002888888888888889,7.5,0.8313641548156738,7.390000000000001
13,0.0002888888888888889,7.5,0.8353462219238281,7.51
13,0.0002888888888888889,7.5,0.839348316192627,7.3500000000000005
13,0.0002888888888888889,7.5,0.8433704376220703,7.34
13,0.0002888888888888889,7.5,0.8473412990570068,7.25
13,0.0002888888888888889,7.5,0.8513484001159668,7.43
13,0.0002888888888888889,7.5,0.8553464412689209,7.41
13,0.0002888888888888889,7.5,0.8593344688415527,7.42
13,0.0002888888888888889,7.5,0.8633437156677246,7.37
13,0.0002888888888888889,7.5,0.8673453330993652,7.47
13,0.0002888888888888889,7.5,0.8713455200195312,7.44
13,0.0002888888888888889,7.5,0.8753440380096436,7.42
13,0.0002888888888888889,7.5,0.879279375076294,7.42
13,0.0002888888888888889,7.5,0.8830385208129883,7.3500000000000005
13,0.0002888888888888889,7.5,0.8871865272521973,7.4
13,0.0002888888888888889,7.5,0.890972375869751,7.42
13,0.0002888888888888889,7.5,0.8952109813690186,7.48
13,0.0002888888888888889,7.5,0.8991894721984863,7.41
13,0.0002888888888888889,7.5,0.9031848907470703,7.44
13,0.0002888888888888889,7.5,0.907196044921875,7.44
13,0.0002888888888888889,7.5,0.9112107753753662,7.43
13,0.0002888888888888889,7.5,0.9154787063598633,7.37
13,0.0002888888888888889,7.5,0.9195306301116943,7.4
13,0.0002888888888888889,7.5,0.9236001968383789,7.49
13,0.0002888888888888889,7.5,0.9277811050415039,7.41
13,0.0002888888888888889,7.5,0.9323759078979492,7.43
13,0.0002888888888888889,7.5,0.9363884925842285,7.45
13,0.0002888888888888889,7.5,0.9403417110443115,7.55
13,0.0002888888888888889,7.5,0.9443857669830322,7.58
13,0.0002888888888888889,7.5,0.9483816623687744,7.36
13,0.0002888888888888889,7.5,0.9523801803588867,7.42
13,0.0002888888888888889,7.5,0.9563753604888916,7.41
13,0.0002888888888888889,7.5,0.9603695869445801,7.45
13,0.0002888888888888889,7.5,0.9641852378845215,7.47
13,0.0002888888888888889,7.5,0.9683794975280762,7.57
13,0.0002888888888888889,7.5,0.9723806381225586,7.48
13,0.0002888888888888889,7.5,0.9763798713684082,7.49
13,0.0002888888888888889,7.5,0.9803533554077148,7.49
13,0.0002888888888888889,7.5,0.9841291904449463,7.48
13,0.0002888888888888889,7.5,0.9880552291870117,7.53
13,0.0002888888888888889,7.5,0.9920682907104492,7.47
13,0.0002888888888888889,7.5,0.9963150024414062,7.53
13,0.0002888888888888889,7.5,1.000380277633667,7.45
13,0.0002888888888888889,7.5,1.0043766498565674,7.5
13,0.0002888888888888889,7.5,1.0083887577056885,7.47
13,0.0002888888888888889,7.5,1.0123720169067383,7.5
13,0.0002888888888888889,7.5,1.0163156986236572,7.46
13,0.0002888888888888889,7.5,1.0203278064727783,7.47
13,0.0002888888888888889,7.5,1.0243823528289795,7.47
13,0.0002888888888888889,7.5,1.0283620357513428,7.43
13,0.0002888888888888889,7.5,1.03236722946167,7.49
13,0.0002888888888888889,7.5,1.0363543033599854,7.5
13,0.0002888888888888889,7.5,1.0403563976287842,7.5200000000000005
13,0.0002888888888888889,7.5,1.0443580150604248,7.44
13,0.0002888888888888889,7.5,1.0483486652374268,7.49
13,0.0002888888888888889,7.5,1.0523509979248047,7.44
13,0.0002888888888888889,7.5,1.0563414096832275,7.48
13,0.0002888888888888889,7.5,1.0603513717651367,7.5600000000000005
13,0.0002888888888888889,7.5,1.0641655921936035,7.46
13,0.0002888888888888889,7.5,1.0683562755584717,7.53
13,0.0002888888888888889,7.5,1.0723607540130615,7.59
13,0.0002888888888888889,7.5,1.0763554573059082,7.44
13,0.0002888888888888889,7.5,1.0803658962249756,7.48
13,0.0002888888888888889,7.5,1.0840723514556885,7.54
13,0.0002888888888888889,7.5,1.0880355834960938,7.5200000000000005
13,0.0002888888888888889,7.5,1.0920579433441162,7.47
13,0.0002888888888888889,7.5,1.096278190612793,7.44
13,0.0002888888888888889,7.5,1.1003069877624512,7.46
13,0.0002888888888888889,7.5,1.1043365001678467,7.45
13,0.0002888888888888889,7.5,1.1083433628082275,7.49
13,0.0002888888888888889,7.5,1.1123366355895996,7.49
13,0.0002888888888888889,7.5,1.1163454055786133,7.45
13,0.0002888888888888889,7.5,1.1201684474945068,7.51
13,0.0002888888888888889,7.5,1.1238865852355957,7.54
13,0.0002888888888888889,7.5,1.1278905868530273,7.38
13,0.0002888888888888889,7.5,1.1318778991699219,7.5
13,0.0002888888888888889,7.5,1.1358795166015625,7.47
13,0.0002888888888888889,7.5,1.1398952007293701,7.48
13,0.0002888888888888889,7.5,1.1439075469970703,7.51
13,0.0002888888888888889,7.5,1.1480448246002197,7.51
13,0.0002888888888888889,7.5,1.1520428657531738,7.48
13,0.0002888888888888889,7.5,1.156038761138916,7.5
13,0.0002888888888888889,7.5,1.1600873470306396,7.5200000000000005
13,0.0002888888888888889,7.5,1.163931131362915,7.48
13,0.0002888888888888889,7.5,1.1679866313934326,7.53
13,0.0002888888888888889,7.5,1.172004222869873,7.48
13,0.0002888888888888889,7.5,1.1761629581451416,7.47
13,0.0002888888888888889,7.5,1.1801893711090088,7.46
13,0.0002888888888888889,7.5,1.184173583984375,7.53
13,0.0002888888888888889,7.5,1.1881754398345947,7.48
13,0.0002888888888888889,7.5,1.192164421081543,7.53
13,0.0002888888888888889,7.5,1.1962103843688965,7.47
13,0.0002888888888888889,7.5,1.2003343105316162,7.5200000000000005
13,0.0002888888888888889,7.5,1.2043414115905762,7.45
13,0.0002888888888888889,7.5,1.208160638809204,7.53
13,0.0002888888888888889,7.5,1.2119834423065186,7.5
13,0.0002888888888888889,7.5,1.21602463722229,7.54
13,0.0002888888888888889,7.5,1.2201077938079834,7.5
13,0.0002888888888888889,7.5,1.224132776260376,7.45
13,0.0002888888888888889,7.5,1.2281718254089355,7.48
13,0.0002888888888888889,7.5,1.2321717739105225,7.53
13,0.0002888888888888889,7.5,1.236194372177124,7.54
13,0.0002888888888888889,7.5,1.24019193649292,7.49
13,0.0002888888888888889,7.5,1.244187593460083,7.46
13,0.0002888888888888889,7.5,1.2480835914611816,7.4
13,0.0002888888888888889,7.5,1.2521336078643799,7.38
13,0.0002888888888888889,7.5,1.2561345100402832,7.49
13,0.0002888888888888889,7.5,1.260223388671875,7.44
13,0.0002888888888888889,7.5,1.264272689819336,7.5
13,0.0002888888888888889,7.5,1.2682812213897705,7.65
13,0.0002888888888888889,7.5,1.2722976207733154,7.48
13,0.0002888888888888889,7.5,1.2763721942901611,7.49
13,0.0002888888888888889,7.5,1.28037428855896,7.49
13,0.0002888888888888889,7.5,1.2841589450836182,7.49
13,0.0002888888888888889,7.5,1.28810453414917,7.49
13,0.0002888888888888889,7.5,1.292020320892334,7.48
13,0.0002888888888888889,7.5,1.2960872650146484,7.42
13,0.0002888888888888889,7.5,1.3001596927642822,7.43
13,0.0002888888888888889,7.5,1.3041701316833496,7.5
13,0.0002888888888888889,7.5,1.3081614971160889,7.55
13,0.0002888888888888889,7.5,1.3120570182800293,7.6000000000000005
13,0.0002888888888888889,7.5,1.3160099983215332,7.54
13,0.0002888888888888889,7.5,1.3200395107269287,7.49
13,0.0002888888888888889,7.5,1.32419753074646,7.54
13,0.0002888888888888889,7.5,1.3282954692840576,7.58
13,0.0002888888888888889,7.5,1.3323276042938232,7.51
13,0.0002888888888888889,7.5,1.3361985683441162,7.49
13,0.0002888888888888889,7.5,1.340322732925415,7.43
13,0.0002888888888888889,7.5,1.344322681427002,7.51
13,0.0002888888888888889,7.5,1.3483169078826904,7.45
13,0.0002888888888888889,7.5,1.352142572402954,7.42
13,0.0002888888888888889,7.5,1.356189489364624,7.49
13,0.0002888888888888889,7.5,1.3602805137634277,7.45
13,0.0002888888888888889,7.5,1.364306926727295,7.47
13,0.0002888888888888889,7.5,1.368025541305542,7.51
13,0.0002888888888888889,7.5,1.3718938827514648,7.57
13,0.0002888888888888889,7.5,1.3758742809295654,7.47
13,0.0002888888888888889,7.5,1.3797969818115234,7.5200000000000005
13,0.0002888888888888889,7.5,1.3829193115234375,7.54
13,0.0002888888888888889,7.5,1.386847972869873,7.45
13,0.0002888888888888889,7.5,1.3908731937408447,7.5
13,0.0002888888888888889,7.5,1.394916296005249,7.41
13,0.0002888888888888889,7.5,1.3988616466522217,7.5
13,0.0002888888888888889,7.5,1.4028949737548828,7.5600000000000005
13,0.0002888888888888889,7.5,1.4069368839263916,7.54
13,0.0002888888888888889,7.5,1.410933256149292,7.49
13,0.0002888888888888889,7.5,1.4149715900421143,7.49
13,0.0002888888888888889,7.5,1.41898512840271,7.46
13,0.0002888888888888889,7.5,1.4230802059173584,7.5200000000000005
13,0.0002888888888888889,7.5,1.4271957874298096,7.49
13,0.0002888888888888889,7.5,1.4312760829925537,7.59
13,0.0002888888888888889,7.5,1.4352920055389404,7.5200000000000005
13,0.0002888888888888889,7.5,1.439349889755249,7.38
13,0.0002888888888888889,7.5,1.443354845046997,7.49
13,0.0002888888888888889,7.5,1.4473459720611572,7.5200000000000005
13,0.0002888888888888889,7.5,1.4513530731201172,7.5
13,0.0002888888888888889,7.5,1.4553375244140625,7.58
13,0.0002888888888888889,7.5,1.4593510627746582,7.41
13,0.0002888888888888889,7.5,1.4630439281463623,7.47
13,0.0002888888888888889,7.5,1.4669411182403564,7.5
13,0.0002888888888888889,7.5,1.4710314273834229,7.43
13,0.0002888888888888889,7.5,1.4750933647155762,7.46
13,0.0002888888888888889,7.5,1.4791512489318848,7.51
13,0.0002888888888888889,7.5,1.483217477798462,7.43
13,0.0002888888888888889,7.5,1.4871699810028076,7.57
13,0.0002888888888888889,7.5,1.4911274909973145,7.49
13,0.0002888888888888889,7.5,1.4951345920562744,7.5200000000000005
13,0.0002888888888888889,7.5,1.4991962909698486,7.43
14,0.0002888888888888889,10.0,3.337860107421875e-06,4.8500000000000005
14,0.0002888888888888889,10.0,0.007737636566162109,4.93
14,0.0002888888888888889,10.0,0.011722326278686523,4.82
14,0.0002888888888888889,10.0,0.016028881072998047,4.84
14,0.0002888888888888889,10.0,0.020059823989868164,4.8500000000000005
14,0.0002888888888888889,10.0,0.02398395538330078,4.82
14,0.0002888888888888889,10.0,0.027802228927612305,5.01
14,0.0002888888888888889,10.0,0.03151440620422363,4.86
14,0.0002888888888888889,10.0,0.03560233116149902,4.97
14,0.0002888888888888889,10.0,0.03967642784118652,4.87
14,0.0002888888888888889,10.0,0.04397726058959961,4.8
14,0.0002888888888888889,10.0,0.047951698303222656,4.8
14,0.0002888888888888889,10.0,0.05188727378845215,4.94
14,0.0002888888888888889,10.0,0.05598926544189453,5.0
14,0.0002888888888888889,10.0,0.060022592544555664,4.88
14,0.0002888888888888889,10.0,0.06383347511291504,4.89
14,0.0002888888888888889,10.0,0.06775426864624023,4.89
14,0.0002888888888888889,10.0,0.07194042205810547,4.93
14,0.0002888888888888889,10.0,0.07596731185913086,4.94
14,0.0002888888888888889,10.0,0.07988309860229492,4.89
14,0.0002888888888888889,10.0,0.08380556106567383,4.94
14,0.0002888888888888889,10.0,0.08776712417602539,4.88
14,0.0002888888888888889,10.0,0.09181094169616699,4.89
14,0.0002888888888888889,10.0,0.09589910507202148,4.87
14,0.0002888888888888889,10.0,0.09980964660644531,4.92
14,0.0002888888888888889,10.0,0.10373139381408691,4.92
14,0.0002888888888888889,10.0,0.10769844055175781,4.74
14,0.0002888888888888889,10.0,0.11170554161071777,4.98
14,0.0002888888888888889,10.0,0.11598372459411621,5.01
14,0.0002888888888888889,10.0,0.12003540992736816,4.99
14,0.0002888888888888889,10.0,0.12404870986938477,5.08
14,0.0002888888888888889,10.0,0.1279301643371582,4.9
14,0.0002888888888888889,10.0,0.13161611557006836,5.07
14,0.0002888888888888889,10.0,0.13539528846740723,4.95
14,0.0002888888888888889,10.0,0.13843154907226562,4.92
14,0.0002888888888888889,10.0,0.14239168167114258,4.8100000000000005
14,0.0002888888888888889,10.0,0.14540743827819824,4.98
14,0.0002888888888888889,10.0,0.14969301223754883,4.89
14,0.0002888888888888889,10.0,0.15376734733581543,5.0
14,0.0002888888888888889,10.0,0.1577930450439453,4.86
14,0.0002888888888888889,10.0,0.1619410514831543,4.95
14,0.0002888888888888889,10.0,0.16592192649841309,4.94
14,0.0002888888888888889,10.0,0.16988873481750488,4.88
14,0.0002888888888888889,10.0,0.17379355430603027,4.87
14,0.0002888888888888889,10.0,0.17790794372558594,4.93
14,0.0002888888888888889,10.0,0.18191742897033691,5.1000000000000005
14,0.0002888888888888889,10.0,0.18590950965881348,4.98
14,0.0002888888888888889,10.0,0.18991947174072266,5.03
14,0.0002888888888888889,10.0,0.19374918937683105,4.98
14,0.0002888888888888889,10.0,0.19791817665100098,5.04
14,0.0002888888888888889,10.0,0.20192480087280273,4.95
14,0.0002888888888888889,10.0,0.20592689514160156,4.87
14,0.0002888888888888889,10.0,0.20991730690002441,4.95
14,0.0002888888888888889,10.0,0.21392393112182617,5.01
14,0.0002888888888888889,10.0,0.21791958808898926,4.91
14,0.0002888888888888889,10.0,0.22191762924194336,4.96
14,0.0002888888888888889,10.0,0.2259056568145752,4.9
14,0.0002888888888888889,10.0,0.22975826263427734,4.95
14,0.0002888888888888889,10.0,0.2336122989654541,4.95
14,0.0002888888888888889,10.0,0.23746299743652344,4.99
14,0.0002888888888888889,10.0,0.24140715599060059,4.89
14,0.0002888888888888889,10.0,0.2447223663330078,4.93
14,0.0002888888888888889,10.0,0.24874210357666016,5.04
14,0.0002888888888888889,10.0,0.2526850700378418,5.03
14,0.0002888888888888889,10.0,0.2564728260040283,4.95
14,0.0002888888888888889,10.0,0.26081204414367676,5.01
14,0.0002888888888888889,10.0,0.26486992835998535,4.99
14,0.0002888888888888889,10.0,0.2688741683959961,4.95
14,0.0002888888888888889,10.0,0.2728915214538574,5.0
14,0.0002888888888888889,10.0,0.2769126892089844,4.98
14,0.0002888888888888889,10.0,0.2809159755706787,4.95
14,0.0002888888888888889,10.0,0.28493213653564453,4.8500000000000005
14,0.0002888888888888889,10.0,0.28891849517822266,5.01
14,0.0002888888888888889,10.0,0.2928159236907959,4.8
14,0.0002888888888888889,10.0,0.2968881130218506,4.97
14,0.0002888888888888889,10.0,0.30077290534973145,5.13
14,0.0002888888888888889,10.0,0.3048868179321289,4.97
14,0.0002888888888888889,10.0,0.3088972568511963,4.92
14,0.0002888888888888889,10.0,0.3128926753997803,5.0
14,0.0002888888888888889,10.0,0.31690502166748047,5.12
14,0.0002888888888888889,10.0,0.3208942413330078,4.82
14,0.0002888888888888889,10.0,0.3248910903930664,5.12
14,0.0002888888888888889,10.0,0.3288910388946533,5.09
14,0.0002888888888888889,10.0,0.3326694965362549,4.87
14,0.0002888888888888889,10.0,0.3365297317504883,5.0
14,0.0002888888888888889,10.0,0.3403961658477783,4.99
14,0.0002888888888888889,10.0,0.3447554111480713,5.04
14,0.0002888888888888889,10.0,0.34888768196105957,4.93
14,0.0002888888888888889,10.0,0.35296201705932617,5.05
14,0.0002888888888888889,10.0,0.35674524307250977,5.07
14,0.0002888888888888889,10.0,0.36074161529541016,4.87
14,0.0002888888888888889,10.0,0.36489129066467285,4.93
14,0.0002888888888888889,10.0,0.3688952922821045,4.98
14,0.0002888888888888889,10.0,0.37289953231811523,5.08
14,0.0002888888888888889,10.0,0.3768904209136963,5.0200000000000005
14,0.0002888888888888889,10.0,0.3808877468109131,5.01
14,0.0002888888888888889,10.0,0.3849003314971924,5.09
14,0.0002888888888888889,10.0,0.38890838623046875,4.99
14,0.0002888888888888889,10.0,0.39289069175720215,4.84
14,0.0002888888888888889,10.0,0.396895170211792,5.07
14,0.0002888888888888889,10.0,0.40073561668395996,4.96
14,0.0002888888888888889,10.0,0.40488409996032715,4.94
14,0.0002888888888888889,10.0,0.4088284969329834,4.94
14,0.0002888888888888889,10.0,0.41292309761047363,4.93
14,0.0002888888888888889,10.0,0.4168894290924072,4.98
14,0.0002888888888888889,10.0,0.42087650299072266,5.04
14,0.0002888888888888889,10.0,0.42490720748901367,4.96
14,0.0002888888888888889,10.0,0.42891550064086914,5.1000000000000005
14,0.0002888888888888889,10.0,0.43271517753601074,5.0200000000000005
14,0.0002888888888888889,10.0,0.4365499019622803,4.99
14,0.0002888888888888889,10.0,0.44042110443115234,5.07
14,0.0002888888888888889,10.0,0.4444155693054199,5.0
14,0.0002888888888888889,10.0,0.4484241008758545,5.1000000000000005
14,0.0002888888888888889,10.0,0.45249462127685547,4.92
14,0.0002888888888888889,10.0,0.45638227462768555,4.99
14,0.0002888888888888889,10.0,0.45943522453308105,5.01
14,0.0002888888888888889,10.0,0.46342039108276367,4.92
14,0.0002888888888888889,10.0,0.46739888191223145,5.0200000000000005
14,0.0002888888888888889,10.0,0.4709312915802002,4.95
14,0.0002888888888888889,10.0,0.4748964309692383,4.95
14,0.0002888888888888889,10.0,0.4788939952850342,5.0600000000000005
14,0.0002888888888888889,10.0,0.4829127788543701,4.97
14,0.0002888888888888889,10.0,0.48683857917785645,4.8500000000000005
14,0.0002888888888888889,10.0,0.4908101558685303,5.01
14,0.0002888888888888889,10.0,0.49482131004333496,5.13
14,0.0002888888888888889,10.0,0.4989013671875,4.82
14,0.0002888888888888889,10.0,0.5026185512542725,5.0600000000000005
14,0.0002888888888888889,10.0,0.5108001232147217,5.32
14,0.0002888888888888889,10.0,0.514897346496582,5.48
14,0.0002888888888888889,10.0,0.518911600112915,5.6000000000000005
14,0.0002888888888888889,10.0,0.5228967666625977,5.8100000000000005
14,0.0002888888888888889,10.0,0.5268971920013428,5.88
14,0.0002888888888888889,10.0,0.530893087387085,5.94
14,0.0002888888888888889,10.0,0.5346834659576416,6.22
14,0.0002888888888888889,10.0,0.5385913848876953,6.41
14,0.0002888888888888889,10.0,0.542572021484375,6.49
14,0.0002888888888888889,10.0,0.5467391014099121,6.74
14,0.0002888888888888889,10.0,0.5506734848022461,6.79
14,0.0002888888888888889,10.0,0.5547292232513428,6.78
14,0.0002888888888888889,10.0,0.558725118637085,7.0600000000000005
14,0.0002888888888888889,10.0,0.5628998279571533,7.23
14,0.0002888888888888889,10.0,0.5668935775756836,7.2700000000000005
14,0.0002888888888888889,10.0,0.5707604885101318,7.38
14,0.0002888888888888889,10.0,0.5747075080871582,7.51
14,0.0002888888888888889,10.0,0.5787484645843506,7.5
14,0.0002888888888888889,10.0,0.5828075408935547,7.69
14,0.0002888888888888889,10.0,0.5868847370147705,7.73
14,0.0002888888888888889,10.0,0.5908224582672119,7.86
14,0.0002888888888888889,10.0,0.5948810577392578,7.99
14,0.0002888888888888889,10.0,0.598900318145752,8.02
14,0.0002888888888888889,10.0,0.6026885509490967,8.01
14,0.0002888888888888889,10.0,0.6068778038024902,8.17
14,0.0002888888888888889,10.0,0.6107742786407471,8.21
14,0.0002888888888888889,10.0,0.6147327423095703,8.21
14,0.0002888888888888889,10.0,0.6188337802886963,8.3
14,0.0002888888888888889,10.0,0.6228339672088623,8.34
14,0.0002888888888888889,10.0,0.6267964839935303,8.42
14,0.0002888888888888889,10.0,0.6306767463684082,8.42
14,0.0002888888888888889,10.0,0.6343510150909424,8.46
14,0.0002888888888888889,10.0,0.6375229358673096,8.46
14,0.0002888888888888889,10.0,0.6414659023284912,8.59
14,0.0002888888888888889,10.0,0.645500659942627,8.63
14,0.0002888888888888889,10.0,0.6494026184082031,8.63
14,0.0002888888888888889,10.0,0.6533658504486084,8.69
14,0.0002888888888888889,10.0,0.6563520431518555,8.8
14,0.0002888888888888889,10.0,0.6595938205718994,8.77
14,0.0002888888888888889,10.0,0.6637837886810303,8.790000000000001
14,0.0002888888888888889,10.0,0.6679272651672363,8.78
14,0.0002888888888888889,10.0,0.6719303131103516,8.84
14,0.0002888888888888889,10.0,0.6763362884521484,8.88
14,0.0002888888888888889,10.0,0.6809415817260742,8.94
14,0.0002888888888888889,10.0,0.6849229335784912,8.91
14,0.0002888888888888889,10.0,0.6889431476593018,8.92
14,0.0002888888888888889,10.0,0.6929044723510742,8.99
14,0.0002888888888888889,10.0,0.696819543838501,9.01
14,0.0002888888888888889,10.0,0.7006018161773682,9.08
14,0.0002888888888888889,10.0,0.7046530246734619,9.08
14,0.0002888888888888889,10.0,0.7087295055389404,9.1
14,0.0002888888888888889,10.0,0.7129576206207275,9.09
14,0.0002888888888888889,10.0,0.7169375419616699,9.16
14,0.0002888888888888889,10.0,0.7209486961364746,9.13
14,0.0002888888888888889,10.0,0.7248733043670654,9.16
14,0.0002888888888888889,10.0,0.7289865016937256,9.14
14,0.0002888888888888889,10.0,0.7329573631286621,9.14
14,0.0002888888888888889,10.0,0.7369205951690674,9.22
14,0.0002888888888888889,10.0,0.7407186031341553,9.25
14,0.0002888888888888889,10.0,0.7446341514587402,9.27
14,0.0002888888888888889,10.0,0.7487294673919678,9.27
14,0.0002888888888888889,10.0,0.7527568340301514,9.22
14,0.0002888888888888889,10.0,0.7567470073699951,9.290000000000001
14,0.0002888888888888889,10.0,0.7607624530792236,9.28
14,0.0002888888888888889,10.0,0.7649803161621094,9.3
14,0.0002888888888888889,10.0,0.7689573764801025,9.26
14,0.0002888888888888889,10.0,0.7729542255401611,9.3
14,0.0002888888888888889,10.0,0.7769711017608643,9.32
14,0.0002888888888888889,10.0,0.7809436321258545,9.3
14,0.0002888888888888889,10.0,0.7849657535552979,9.32
14,0.0002888888888888889,10.0,0.7889659404754639,9.42
14,0.0002888888888888889,10.0,0.7929611206054688,9.42
14,0.0002888888888888889,10.0,0.7969512939453125,9.44
14,0.0002888888888888889,10.0,0.8008286952972412,9.42
14,0.0002888888888888889,10.0,0.804757833480835,9.450000000000001
14,0.0002888888888888889,10.0,0.8085377216339111,9.4
14,0.0002888888888888889,10.0,0.8124778270721436,9.49
14,0.0002888888888888889,10.0,0.8164293766021729,9.34
14,0.0002888888888888889,10.0,0.8204922676086426,9.52
14,0.0002888888888888889,10.0,0.8245041370391846,9.35
14,0.0002888888888888889,10.0,0.8285369873046875,9.46
14,0.0002888888888888889,10.0,0.8325881958007812,9.59
14,0.0002888888888888889,10.0,0.8369264602661133,9.48
14,0.0002888888888888889,10.0,0.8405439853668213,9.52
14,0.0002888888888888889,10.0,0.8445868492126465,9.56
14,0.0002888888888888889,10.0,0.8486158847808838,9.450000000000001
14,0.0002888888888888889,10.0,0.8526415824890137,9.58
14,0.0002888888888888889,10.0,0.8566503524780273,9.56
14,0.0002888888888888889,10.0,0.8606171607971191,9.540000000000001
14,0.0002888888888888889,10.0,0.8645994663238525,9.65
14,0.0002888888888888889,10.0,0.8685994148254395,9.61
14,0.0002888888888888889,10.0,0.8725988864898682,9.56
14,0.0002888888888888889,10.0,0.876922607421875,9.74
14,0.0002888888888888889,10.0,0.8809072971343994,9.61
14,0.0002888888888888889,10.0,0.8849124908447266,9.65
14,0.0002888888888888889,10.0,0.888932466506958,9.69
14,0.0002888888888888889,10.0,0.8928391933441162,9.68
14,0.0002888888888888889,10.0,0.8969171047210693,9.620000000000001
14,0.0002888888888888889,10.0,0.9008862972259521,9.67
14,0.0002888888888888889,10.0,0.9048366546630859,9.6
14,0.0002888888888888889,10.0,0.9088132381439209,9.6
14,0.0002888888888888889,10.0,0.9129440784454346,9.66
14,0.0002888888888888889,10.0,0.9169597625732422,9.55
14,0.0002888888888888889,10.0,0.9210038185119629,9.700000000000001
14,0.0002888888888888889,10.0,0.9249763488769531,9.93
14,0.0002888888888888889,10.0,0.9289965629577637,9.8
14,0.0002888888888888889,10.0,0.9329578876495361,9.84
14,0.0002888888888888889,10.0,0.9369876384735107,9.68
14,0.0002888888888888889,10.0,0.940605878829956,9.870000000000001
14,0.0002888888888888889,10.0,0.9446349143981934,9.73
14,0.0002888888888888889,10.0,0.9486820697784424,9.84
14,0.0002888888888888889,10.0,0.9525558948516846,9.74
14,0.0002888888888888889,10.0,0.9566118717193604,9.77
14,0.0002888888888888889,10.0,0.9606726169586182,9.8
14,0.0002888888888888889,10.0,0.9649019241333008,9.78
14,0.0002888888888888889,10.0,0.9689328670501709,9.84
14,0.0002888888888888889,10.0,0.9729728698730469,9.790000000000001
14,0.0002888888888888889,10.0,0.9769625663757324,9.86
14,0.0002888888888888889,10.0,0.9809722900390625,9.85
14,0.0002888888888888889,10.0,0.9849917888641357,9.86
14,0.0002888888888888889,10.0,0.9889907836914062,9.91
14,0.0002888888888888889,10.0,0.9929816722869873,9.74
14,0.0002888888888888889,10.0,0.9969897270202637,9.86
14,0.0002888888888888889,10.0,1.0007739067077637,9.89
14,0.0002888888888888889,10.0,1.0049233436584473,9.94
14,0.0002888888888888889,10.0,1.008915901184082,9.77
14,0.0002888888888888889,10.0,1.012943983078003,9.73
14,0.0002888888888888889,10.0,1.0169847011566162,9.66
14,0.0002888888888888889,10.0,1.020977258682251,9.8
14,0.0002888888888888889,10.0,1.0249559879302979,10.01
14,0.0002888888888888889,10.0,1.0288875102996826,9.78
14,0.0002888888888888889,10.0,1.0329554080963135,9.83
14,0.0002888888888888889,10.0,1.0368337631225586,9.96
14,0.0002888888888888889,10.0,1.0407812595367432,9.83
14,0.0002888888888888889,10.0,1.044645071029663,9.91
14,0.0002888888888888889,10.0,1.0486171245574951,9.9
14,0.0002888888888888889,10.0,1.0526902675628662,9.68
14,0.0002888888888888889,10.0,1.0567402839660645,9.81
14,0.0002888888888888889,10.0,1.060821771621704,9.93
14,0.0002888888888888889,10.0,1.0649027824401855,9.97
14,0.0002888888888888889,10.0,1.068934440612793,9.89
14,0.0002888888888888889,10.0,1.0729234218597412,9.96
14,0.0002888888888888889,10.0,1.0769646167755127,9.870000000000001
14,0.0002888888888888889,10.0,1.0809564590454102,9.89
14,0.0002888888888888889,10.0,1.0849545001983643,9.950000000000001
14,0.0002888888888888889,10.0,1.088963270187378,9.83
14,0.0002888888888888889,10.0,1.0929532051086426,9.69
14,0.0002888888888888889,10.0,1.0969610214233398,9.83
14,0.0002888888888888889,10.0,1.1007635593414307,9.92
14,0.0002888888888888889,10.0,1.104736328125,9.82
14,0.0002888888888888889,10.0,1.1089704036712646,9.69
14,0.0002888888888888889,10.0,1.1129727363586426,9.93
14,0.0002888888888888889,10.0,1.1169581413269043,9.98
14,0.0002888888888888889,10.0,1.1209592819213867,9.88
14,0.0002888888888888889,10.0,1.1249513626098633,9.86
14,0.0002888888888888889,10.0,1.128946304321289,9.81
14,0.0002888888888888889,10.0,1.1328110694885254,9.950000000000001
14,0.0002888888888888889,10.0,1.1367266178131104,9.93
14,0.0002888888888888889,10.0,1.1408355236053467,9.89
14,0.0002888888888888889,10.0,1.1446430683135986,9.99
14,0.0002888888888888889,10.0,1.148589849472046,9.870000000000001
14,0.0002888888888888889,10.0,1.1526479721069336,9.91
14,0.0002888888888888889,10.0,1.156702995300293,9.950000000000001
14,0.0002888888888888889,10.0,1.160714864730835,10.03
14,0.0002888888888888889,10.0,1.1649363040924072,9.94
14,0.0002888888888888889,10.0,1.1689283847808838,9.88
14,0.0002888888888888889,10.0,1.172933578491211,10.040000000000001
14,0.0002888888888888889,10.0,1.1769487857818604,9.81
14,0.0002888888888888889,10.0,1.1809372901916504,9.94
14,0.0002888888888888889,10.0,1.1849870681762695,9.98
14,0.0002888888888888889,10.0,1.1888251304626465,9.9
14,0.0002888888888888889,10.0,1.1927976608276367,9.8
14,0.0002888888888888889,10.0,1.1969048976898193,9.86
14,0.0002888888888888889,10.0,1.2007324695587158,9.85
14,0.0002888888888888889,10.0,1.2047359943389893,9.91
14,0.0002888888888888889,10.0,1.2087702751159668,9.93
14,0.0002888888888888889,10.0,1.212792158126831,10.03
14,0.0002888888888888889,10.0,1.2169501781463623,9.92
14,0.0002888888888888889,10.0,1.2209701538085938,9.93
14,0.0002888888888888889,10.0,1.2249672412872314,10.05
14,0.0002888888888888889,10.0,1.228957176208496,10.01
14,0.0002888888888888889,10.0,1.2329559326171875,9.97
14,0.0002888888888888889,10.0,1.2369658946990967,10.01
14,0.0002888888888888889,10.0,1.2408993244171143,9.96
14,0.0002888888888888889,10.0,1.2445886135101318,9.98
14,0.0002888888888888889,10.0,1.2486166954040527,10.02
14,0.0002888888888888889,10.0,1.2528092861175537,10.03
14,0.0002888888888888889,10.0,1.256922960281372,10.03
14,0.0002888888888888889,10.0,1.2609543800354004,9.97
14,0.0002888888888888889,10.0,1.2648019790649414,9.98
14,0.0002888888888888889,10.0,1.268693208694458,10.120000000000001
14,0.0002888888888888889,10.0,1.272944688796997,9.98
14,0.0002888888888888889,10.0,1.276972770690918,9.89
14,0.0002888888888888889,10.0,1.2809584140777588,10.01
14,0.0002888888888888889,10.0,1.2849576473236084,9.92
14,0.0002888888888888889,10.0,1.2889666557312012,9.870000000000001
14,0.0002888888888888889,10.0,1.2929542064666748,9.9
14,0.0002888888888888889,10.0,1.296952247619629,10.05
14,0.0002888888888888889,10.0,1.3009123802185059,9.99
14,0.0002888888888888889,10.0,1.304945707321167,9.98
14,0.0002888888888888889,10.0,1.3089613914489746,10.03
14,0.0002888888888888889,10.0,1.3129398822784424,10.02
14,0.0002888888888888889,10.0,1.316936731338501,10.0
14,0.0002888888888888889,10.0,1.3209214210510254,10.0
14,0.0002888888888888889,10.0,1.3249354362487793,10.01
14,0.0002888888888888889,10.0,1.328925371170044,10.0
14,0.0002888888888888889,10.0,1.332921028137207,9.99
14,0.0002888888888888889,10.0,1.3369297981262207,9.99
14,0.0002888888888888889,10.0,1.3409485816955566,9.81
14,0.0002888888888888889,10.0,1.344695806503296,9.98
14,0.0002888888888888889,10.0,1.348602533340454,10.02
14,0.0002888888888888889,10.0,1.3525872230529785,9.99
14,0.0002888888888888889,10.0,1.3566641807556152,9.97
14,0.0002888888888888889,10.0,1.3606438636779785,9.92
14,0.0002888888888888889,10.0,1.3646025657653809,10.040000000000001
14,0.0002888888888888889,10.0,1.3686115741729736,9.77
14,0.0002888888888888889,10.0,1.3729407787322998,9.85
14,0.0002888888888888889,10.0,1.3769371509552002,10.040000000000001
14,0.0002888888888888889,10.0,1.3808162212371826,10.01
14,0.0002888888888888889,10.0,1.3849339485168457,9.9
14,0.0002888888888888889,10.0,1.3889615535736084,9.99
14,0.0002888888888888889,10.0,1.392946481704712,9.98
14,0.0002888888888888889,10.0,1.3969461917877197,9.97
14,0.0002888888888888889,10.0,1.400681495666504,9.86
14,0.0002888888888888889,10.0,1.4048140048980713,9.93
14,0.0002888888888888889,10.0,1.408884048461914,10.05
14,0.0002888888888888889,10.0,1.4129540920257568,9.97
14,0.0002888888888888889,10.0,1.416938066482544,9.83
14,0.0002888888888888889,10.0,1.4209322929382324,10.0
14,0.0002888888888888889,10.0,1.4249379634857178,10.0
14,0.0002888888888888889,10.0,1.428912878036499,9.91
14,0.0002888888888888889,10.0,1.4329719543457031,9.97
14,0.0002888888888888889,10.0,1.4369277954101562,9.96
14,0.0002888888888888889,10.0,1.4409422874450684,9.93
14,0.0002888888888888889,10.0,1.4446048736572266,9.86
14,0.0002888888888888889,10.0,1.4486329555511475,9.92
14,0.0002888888888888889,10.0,1.4524922370910645,10.03
14,0.0002888888888888889,10.0,1.456618070602417,10.01
14,0.0002888888888888889,10.0,1.4606761932373047,10.040000000000001
14,0.0002888888888888889,10.0,1.4647119045257568,10.09
14,0.0002888888888888889,10.0,1.4687590599060059,10.1
14,0.0002888888888888889,10.0,1.47282075881958,9.93
14,0.0002888888888888889,10.0,1.4769532680511475,9.97
14,0.0002888888888888889,10.0,1.480877161026001,10.02
14,0.0002888888888888889,10.0,1.4849493503570557,9.97
14,0.0002888888888888889,10.0,1.4889464378356934,9.86
14,0.0002888888888888889,10.0,1.4929218292236328,10.08
14,0.0002888888888888889,10.0,1.496946096420288,9.97
15,0.0003111111111111111,5.0,2.1457672119140625e-06,2.47
15,0.0003111111111111111,5.0,0.00812220573425293,2.49
15,0.0003111111111111111,5.0,0.012190103530883789,2.49
15,0.0003111111111111111,5.0,0.016166210174560547,2.5
15,0.0003111111111111111,5.0,0.02015972137451172,2.49
15,0.0003111111111111111,5.0,0.02416825294494629,2.48
15,0.0003111111111111111,5.0,0.02816462516784668,2.48
15,0.0003111111111111111,5.0,0.0321505069732666,2.45
15,0.0003111111111111111,5.0,0.036145687103271484,2.5
15,0.0003111111111111111,5.0,0.04016709327697754,2.48
15,0.0003111111111111111,5.0,0.04418754577636719,2.49
15,0.0003111111111111111,5.0,0.04813265800476074,2.49
15,0.0003111111111111111,5.0,0.052127838134765625,2.5
15,0.0003111111111111111,5.0,0.05613589286804199,2.48
15,0.0003111111111111111,5.0,0.06013321876525879,2.5100000000000002
15,0.0003111111111111111,5.0,0.06414055824279785,2.5100000000000002
15,0.0003111111111111111,5.0,0.06790041923522949,2.45
15,0.0003111111111111111,5.0,0.07193231582641602,2.5
15,0.0003111111111111111,5.0,0.07596039772033691,2.49
15,0.0003111111111111111,5.0,0.0801384449005127,2.47
15,0.0003111111111111111,5.0,0.08394145965576172,2.48
15,0.0003111111111111111,5.0,0.08791255950927734,2.49
15,0.0003111111111111111,5.0,0.09183478355407715,2.49
15,0.0003111111111111111,5.0,0.09581494331359863,2.47
15,0.0003111111111111111,5.0,0.0998988151550293,2.48
15,0.0003111111111111111,5.0,0.10381126403808594,2.47
15,0.0003111111111111111,5.0,0.10780954360961914,2.48
15,0.0003111111111111111,5.0,0.11181998252868652,2.48
15,0.0003111111111111111,5.0,0.11596846580505371,2.46
15,0.0003111111111111111,5.0,0.11995887756347656,2.49
15,0.0003111111111111111,5.0,0.1241452693939209,2.5
15,0.0003111111111111111,5.0,0.12813973426818848,2.49
15,0.0003111111111111111,5.0,0.13213276863098145,2.49
15,0.0003111111111111111,5.0,0.13614511489868164,2.49
15,0.0003111111111111111,5.0,0.14014720916748047,2.5
15,0.0003111111111111111,5.0,0.1441488265991211,2.49
15,0.0003111111111111111,5.0,0.14813947677612305,2.48
15,0.0003111111111111111,5.0,0.15210890769958496,2.49
15,0.0003111111111111111,5.0,0.15597128868103027,2.49
15,0.0003111111111111111,5.0,0.1597890853881836,2.47
15,0.0003111111111111111,5.0,0.16377878189086914,2.47
15,0.0003111111111111111,5.0,0.16779303550720215,2.48
15,0.0003111111111111111,5.0,0.17173194885253906,2.48
15,0.0003111111111111111,5.0,0.17573165893554688,2.49
15,0.0003111111111111111,5.0,0.17969679832458496,2.5300000000000002
15,0.0003111111111111111,5.0,0.18373918533325195,2.5
15,0.0003111111111111111,5.0,0.1877274513244629,2.52
15,0.0003111111111111111,5.0,0.1916506290435791,2.47
15,0.0003111111111111111,5.0,0.1955873966217041,2.5100000000000002
15,0.0003111111111111111,5.0,0.19949603080749512,2.5100000000000002
15,0.0003111111111111111,5.0,0.20250725746154785,2.48
15,0.0003111111111111111,5.0,0.2055058479309082,2.5
15,0.0003111111111111111,5.0,0.20850563049316406,2.52
15,0.0003111111111111111,5.0,0.21152520179748535,2.5
15,0.0003111111111111111,5.0,0.21451735496520996,2.5
15,0.0003111111111111111,5.0,0.21752595901489258,2.49
15,0.0003111111111111111,5.0,0.22046446800231934,2.49
15,0.0003111111111111111,5.0,0.22350716590881348,2.46
15,0.0003111111111111111,5.0,0.22652006149291992,2.48
15,0.0003111111111111111,5.0,0.2295060157775879,2.49
15,0.0003111111111111111,5.0,0.23251056671142578,2.5100000000000002
15,0.0003111111111111111,5.0,0.23550200462341309,2.48
15,0.0003111111111111111,5.0,0.23854565620422363,2.49
15,0.0003111111111111111,5.0,0.2425234317779541,2.49
15,0.0003111111111111111,5.0,0.24550747871398926,2.5100000000000002
15,0.0003111111111111111,5.0,0.24849605560302734,2.46
15,0.0003111111111111111,5.0,0.25150108337402344,2.49
15,0.0003111111111111111,5.0,0.25449657440185547,2.49
15,0.0003111111111111111,5.0,0.25749993324279785,2.5100000000000002
15,0.0003111111111111111,5.0,0.26049304008483887,2.5
15,0.0003111111111111111,5.0,0.263502836227417,2.46
15,0.0003111111111111111,5.0,0.26666712760925293,2.49
15,0.0003111111111111111,5.0,0.2706723213195801,2.49
15,0.0003111111111111111,5.0,0.27466821670532227,2.52
15,0.0003111111111111111,5.0,0.2786543369293213,2.48
15,0.0003111111111111111,5.0,0.2826411724090576,2.5100000000000002
15,0.0003111111111111111,5.0,0.28665900230407715,2.48
15,0.0003111111111111111,5.0,0.29070496559143066,2.5
15,0.0003111111111111111,5.0,0.2947123050689697,2.5
15,0.0003111111111111111,5.0,0.2987494468688965,2.47
15,0.0003111111111111111,5.0,0.302809476852417,2.5100000000000002
15,0.0003111111111111111,5.0,0.30683088302612305,2.5100000000000002
15,0.0003111111111111111,5.0,0.3108961582183838,2.5
15,0.0003111111111111111,5.0,0.31500720977783203,2.49
15,0.0003111111111111111,5.0,0.31899309158325195,2.47
15,0.0003111111111111111,5.0,0.3229665756225586,2.49
15,0.0003111111111111111,5.0,0.32697319984436035,2.5
15,0.0003111111111111111,5.0,0.33100104331970215,2.5100000000000002
15,0.0003111111111111111,5.0,0.33499693870544434,2.49
15,0.0003111111111111111,5.0,0.338972806930542,2.5
15,0.0003111111111111111,5.0,0.34283447265625,2.5100000000000002
15,0.0003111111111111111,5.0,0.3469717502593994,2.5
15,0.0003111111111111111,5.0,0.3509707450866699,2.5
15,0.0003111111111111111,5.0,0.3549826145172119,2.5300000000000002
15,0.0003111111111111111,5.0,0.3589057922363281,2.5100000000000002
15,0.0003111111111111111,5.0,0.3627800941467285,2.5300000000000002
15,0.0003111111111111111,5.0,0.36669445037841797,2.48
15,0.0003111111111111111,5.0,0.37075042724609375,2.47
15,0.0003111111111111111,5.0,0.37494516372680664,2.5100000000000002
15,0.0003111111111111111,5.0,0.3789236545562744,2.52
15,0.0003111111111111111,5.0,0.3829658031463623,2.49
15,0.0003111111111111111,5.0,0.3869607448577881,2.48
15,0.0003111111111111111,5.0,0.39083361625671387,2.46
15,0.0003111111111111111,5.0,0.3946418762207031,2.49
15,0.0003111111111111111,5.0,0.398517370223999,2.5300000000000002
15,0.0003111111111111111,5.0,0.40252161026000977,2.48
15,0.0003111111111111111,5.0,0.4065108299255371,2.5300000000000002
15,0.0003111111111111111,5.0,0.4104924201965332,2.5
15,0.0003111111111111111,5.0,0.4135611057281494,2.47
15,0.0003111111111111111,5.0,0.4180176258087158,2.49
15,0.0003111111111111111,5.0,0.4219779968261719,2.52
15,0.0003111111111111111,5.0,0.4259953498840332,2.49
15,0.0003111111111111111,5.0,0.4300048351287842,2.48
15,0.0003111111111111111,5.0,0.43398427963256836,2.49
15,0.0003111111111111111,5.0,0.4379913806915283,2.49
15,0.0003111111111111111,5.0,0.4419388771057129,2.5
15,0.0003111111111111111,5.0,0.44600462913513184,2.49
15,0.0003111111111111111,5.0,0.45000267028808594,2.52
15,0.0003111111111111111,5.0,0.45398378372192383,2.5
15,0.0003111111111111111,5.0,0.45799922943115234,2.5
15,0.0003111111111111111,5.0,0.46198463439941406,2.47
15,0.0003111111111111111,5.0,0.46599340438842773,2.45
15,0.0003111111111111111,5.0,0.47000861167907715,2.46
15,0.0003111111111111111,5.0,0.4739842414855957,2.49
15,0.0003111111111111111,5.0,0.4779965877532959,2.47
15,0.0003111111111111111,5.0,0.4819972515106201,2.48
15,0.0003111111111111111,5.0,0.48600101470947266,2.5
15,0.0003111111111111111,5.0,0.4898388385772705,2.49
15,0.0003111111111111111,5.0,0.4936976432800293,2.5
15,0.0003111111111111111,5.0,0.49755287170410156,2.49
15,0.0003111111111111111,5.0,0.5015358924865723,2.5300000000000002
15,0.0003111111111111111,5.0,0.5099630355834961,2.64
15,0.0003111111111111111,5.0,0.5139760971069336,2.72
15,0.0003111111111111111,5.0,0.517996072769165,2.8000000000000003
15,0.0003111111111111111,5.0,0.5219755172729492,2.86
15,0.0003111111111111111,5.0,0.5259780883789062,2.91
15,0.0003111111111111111,5.0,0.5299804210662842,3.0
15,0.0003111111111111111,5.0,0.5339760780334473,3.06
15,0.0003111111111111111,5.0,0.537977933883667,3.12
15,0.0003111111111111111,5.0,0.5418539047241211,3.15
15,0.0003111111111111111,5.0,0.545983076095581,3.2
15,0.0003111111111111111,5.0,0.5499696731567383,3.31
15,0.0003111111111111111,5.0,0.5539717674255371,3.3200000000000003
15,0.0003111111111111111,5.0,0.5579910278320312,3.44
15,0.0003111111111111111,5.0,0.5619795322418213,3.44
15,0.0003111111111111111,5.0,0.5659778118133545,3.49
15,0.0003111111111111111,5.0,0.5699799060821533,3.54
15,0.0003111111111111111,5.0,0.5739789009094238,3.5500000000000003
15,0.0003111111111111111,5.0,0.5779743194580078,3.67
15,0.0003111111111111111,5.0,0.5819132328033447,3.69
15,0.0003111111111111111,5.0,0.5859661102294922,3.69
15,0.0003111111111111111,5.0,0.589881420135498,3.79
15,0.0003111111111111111,5.0,0.5937185287475586,3.74
15,0.0003111111111111111,5.0,0.5974907875061035,3.8000000000000003
15,0.0003111111111111111,5.0,0.6004936695098877,3.83
15,0.0003111111111111111,5.0,0.603477954864502,3.85
15,0.0003111111111111111,5.0,0.60652756690979,3.95
15,0.0003111111111111111,5.0,0.6104938983917236,3.92
15,0.0003111111111111111,5.0,0.6139571666717529,3.95
15,0.0003111111111111111,5.0,0.6179726123809814,3.97
15,0.0003111111111111111,5.0,0.6219437122344971,3.99
15,0.0003111111111111111,5.0,0.6259505748748779,4.01
15,0.0003111111111111111,5.0,0.6299512386322021,4.12
15,0.0003111111111111111,5.0,0.6339313983917236,4.09
15,0.0003111111111111111,5.0,0.6379549503326416,4.12
15,0.0003111111111111111,5.0,0.6418347358703613,4.16
15,0.0003111111111111111,5.0,0.6455693244934082,4.19
15,0.0003111111111111111,5.0,0.6499576568603516,4.17
15,0.0003111111111111111,5.0,0.6539473533630371,4.23
15,0.0003111111111111111,5.0,0.6579546928405762,4.2700000000000005
15,0.0003111111111111111,5.0,0.6619503498077393,4.3100000000000005
15,0.0003111111111111111,5.0,0.6658811569213867,4.22
15,0.0003111111111111111,5.0,0.669891357421875,4.34
15,0.0003111111111111111,5.0,0.6739723682403564,4.39
15,0.0003111111111111111,5.0,0.6779582500457764,4.37
15,0.0003111111111111111,5.0,0.6819555759429932,4.41
15,0.0003111111111111111,5.0,0.6859543323516846,4.47
15,0.0003111111111111111,5.0,0.6899747848510742,4.46
15,0.0003111111111111111,5.0,0.6937456130981445,4.48
15,0.0003111111111111111,5.0,0.6976137161254883,4.43
15,0.0003111111111111111,5.0,0.7015347480773926,4.46
15,0.0003111111111111111,5.0,0.7055230140686035,4.5
15,0.0003111111111111111,5.0,0.7095260620117188,4.54
15,0.0003111111111111111,5.0,0.7135353088378906,4.53
15,0.0003111111111111111,5.0,0.7175376415252686,4.65
15,0.0003111111111111111,5.0,0.7219858169555664,4.58
15,0.0003111111111111111,5.0,0.7259781360626221,4.66
15,0.0003111111111111111,5.0,0.7299742698669434,4.61
15,0.0003111111111111111,5.0,0.7339787483215332,4.69
15,0.0003111111111111111,5.0,0.7379777431488037,4.64
15,0.0003111111111111111,5.0,0.7419238090515137,4.7
15,0.0003111111111111111,5.0,0.7457928657531738,4.66
15,0.0003111111111111111,5.0,0.749983549118042,4.72
15,0.0003111111111111111,5.0,0.7539794445037842,4.66
15,0.0003111111111111111,5.0,0.7579746246337891,4.63
15,0.0003111111111111111,5.0,0.7619571685791016,4.7
15,0.0003111111111111111,5.0,0.7659733295440674,4.73
15,0.0003111111111111111,5.0,0.769972562789917,4.75
15,0.0003111111111111111,5.0,0.773944616317749,4.73
15,0.0003111111111111111,5.0,0.777963399887085,4.73
15,0.0003111111111111111,5.0,0.781947135925293,4.73
15,0.0003111111111111111,5.0,0.7859675884246826,4.71
15,0.0003111111111111111,5.0,0.7899625301361084,4.78
15,0.0003111111111111111,5.0,0.7937929630279541,4.8
15,0.0003111111111111111,5.0,0.7975664138793945,4.83
15,0.0003111111111111111,5.0,0.8016951084136963,4.78
15,0.0003111111111111111,5.0,0.8057520389556885,4.84
15,0.0003111111111111111,5.0,0.8099575042724609,4.8500000000000005
15,0.0003111111111111111,5.0,0.8138742446899414,4.74
15,0.0003111111111111111,5.0,0.817929744720459,4.87
15,0.0003111111111111111,5.0,0.8219330310821533,4.8500000000000005
15,0.0003111111111111111,5.0,0.8259420394897461,4.88
15,0.0003111111111111111,5.0,0.8299500942230225,4.89
15,0.0003111111111111111,5.0,0.8339583873748779,4.86
15,0.0003111111111111111,5.0,0.8379158973693848,4.8100000000000005
15,0.0003111111111111111,5.0,0.8418829441070557,4.8500000000000005
15,0.0003111111111111111,5.0,0.8460118770599365,4.7700000000000005
15,0.0003111111111111111,5.0,0.8500115871429443,4.8500000000000005
15,0.0003111111111111111,5.0,0.8540496826171875,4.88
15,0.0003111111111111111,5.0,0.8580322265625,4.8500000000000005
15,0.0003111111111111111,5.0,0.8619909286499023,4.88
15,0.0003111111111111111,5.0,0.8660368919372559,4.88
15,0.0003111111111111111,5.0,0.8700320720672607,4.87
15,0.0003111111111111111,5.0,0.8737335205078125,4.92
15,0.0003111111111111111,5.0,0.8777239322662354,4.88
15,0.0003111111111111111,5.0,0.8816304206848145,4.87
15,0.0003111111111111111,5.0,0.8856463432312012,4.92
15,0.0003111111111111111,5.0,0.8896865844726562,4.86
15,0.0003111111111111111,5.0,0.8937757015228271,4.89
15,0.0003111111111111111,5.0,0.8975708484649658,4.91
15,0.0003111111111111111,5.0,0.9016294479370117,4.94
15,0.0003111111111111111,5.0,0.9056837558746338,4.92
15,0.0003111111111111111,5.0,0.9098451137542725,4.89
15,0.0003111111111111111,5.0,0.9138102531433105,4.97
15,0.0003111111111111111,5.0,0.9179136753082275,5.0
15,0.0003111111111111111,5.0,0.921910285949707,4.96
15,0.0003111111111111111,5.0,0.925947904586792,4.95
15,0.0003111111111111111,5.0,0.9299232959747314,4.98
15,0.0003111111111111111,5.0,0.933870792388916,4.98
15,0.0003111111111111111,5.0,0.9378983974456787,4.86
15,0.0003111111111111111,5.0,0.941922664642334,4.91
15,0.0003111111111111111,5.0,0.9459242820739746,4.93
15,0.0003111111111111111,5.0,0.9499244689941406,4.96
15,0.0003111111111111111,5.0,0.953920841217041,4.94
15,0.0003111111111111111,5.0,0.9579274654388428,4.99
15,0.0003111111111111111,5.0,0.9619243144989014,4.93
15,0.0003111111111111111,5.0,0.9658670425415039,4.93
15,0.0003111111111111111,5.0,0.9699602127075195,5.05
15,0.0003111111111111111,5.0,0.9739351272583008,5.0
15,0.0003111111111111111,5.0,0.977999210357666,4.97
15,0.0003111111111111111,5.0,0.9820353984832764,4.92
15,0.0003111111111111111,5.0,0.9860222339630127,4.99
15,0.0003111111111111111,5.0,0.990034818649292,4.95
15,0.0003111111111111111,5.0,0.9938223361968994,5.01
15,0.0003111111111111111,5.0,0.9976201057434082,4.93
15,0.0003111111111111111,5.0,1.001593828201294,5.03
15,0.0003111111111111111,5.0,1.0056712627410889,4.99
15,0.0003111111111111111,5.0,1.009894609451294,4.88
15,0.0003111111111111111,5.0,1.0139539241790771,5.01
15,0.0003111111111111111,5.0,1.0179719924926758,5.01
15,0.0003111111111111111,5.0,1.0218489170074463,4.95
15,0.0003111111111111111,5.0,1.0259838104248047,5.01
15,0.0003111111111111111,5.0,1.029979944229126,4.95
15,0.0003111111111111111,5.0,1.0340003967285156,5.0600000000000005
15,0.0003111111111111111,5.0,1.0379748344421387,4.92
15,0.0003111111111111111,5.0,1.041907787322998,4.98
15,0.0003111111111111111,5.0,1.0458178520202637,4.93
15,0.0003111111111111111,5.0,1.0498104095458984,4.88
15,0.0003111111111111111,5.0,1.053807258605957,4.92
15,0.0003111111111111111,5.0,1.0576732158660889,4.97
15,0.0003111111111111111,5.0,1.0616271495819092,5.0
15,0.0003111111111111111,5.0,1.0656099319458008,5.0
15,0.0003111111111111111,5.0,1.0696470737457275,4.96
15,0.0003111111111111111,5.0,1.0737972259521484,4.98
15,0.0003111111111111111,5.0,1.0778348445892334,4.95
15,0.0003111111111111111,5.0,1.081899642944336,4.95
15,0.0003111111111111111,5.0,1.085923194885254,5.04
15,0.0003111111111111111,5.0,1.0899314880371094,4.95
15,0.0003111111111111111,5.0,1.093860149383545,4.96
15,0.0003111111111111111,5.0,1.097731113433838,4.88
15,0.0003111111111111111,5.0,1.1015748977661133,4.97
15,0.0003111111111111111,5.0,1.1055908203125,4.92
15,0.0003111111111111111,5.0,1.1094791889190674,4.95
15,0.0003111111111111111,5.0,1.1137065887451172,4.97
15,0.0003111111111111111,5.0,1.1175456047058105,4.95
15,0.0003111111111111111,5.0,1.121649980545044,4.99
15,0.0003111111111111111,5.0,1.125800371170044,5.0200000000000005
15,0.0003111111111111111,5.0,1.1298727989196777,5.0200000000000005
15,0.0003111111111111111,5.0,1.1339054107666016,4.94
15,0.0003111111111111111,5.0,1.1379246711730957,5.01
15,0.0003111111111111111,5.0,1.1418991088867188,4.97
15,0.0003111111111111111,5.0,1.1459262371063232,4.93
15,0.0003111111111111111,5.0,1.149921178817749,4.97
15,0.0003111111111111111,5.0,1.1539225578308105,4.92
15,0.0003111111111111111,5.0,1.1579253673553467,4.98
15,0.0003111111111111111,5.0,1.161867618560791,5.01
15,0.0003111111111111111,5.0,1.165898084640503,5.03
15,0.0003111111111111111,5.0,1.1699488162994385,5.01
15,0.0003111111111111111,5.0,1.1739230155944824,5.0
15,0.0003111111111111111,5.0,1.1779074668884277,5.0
15,0.0003111111111111111,5.0,1.181946039199829,5.0
15,0.0003111111111111111,5.0,1.1859745979309082,5.0600000000000005
15,0.0003111111111111111,5.0,1.1899359226226807,4.98
15,0.0003111111111111111,5.0,1.1937963962554932,4.99
15,0.0003111111111111111,5.0,1.1977763175964355,4.94
15,0.0003111111111111111,5.0,1.201688528060913,4.93
15,0.0003111111111111111,5.0,1.2056994438171387,4.95
15,0.0003111111111111111,5.0,1.209963321685791,5.05
15,0.0003111111111111111,5.0,1.2138216495513916,5.09
15,0.0003111111111111111,5.0,1.2179954051971436,4.97
15,0.0003111111111111111,5.0,1.2218704223632812,5.0200000000000005
15,0.0003111111111111111,5.0,1.2258777618408203,5.0200000000000005
15,0.0003111111111111111,5.0,1.2299158573150635,4.95
15,0.0003111111111111111,5.0,1.2339715957641602,5.01
15,0.0003111111111111111,5.0,1.2379896640777588,5.1000000000000005
15,0.0003111111111111111,5.0,1.2419137954711914,4.93
15,0.0003111111111111111,5.0,1.2458136081695557,4.99
15,0.0003111111111111111,5.0,1.2498524188995361,4.98
15,0.0003111111111111111,5.0,1.254004716873169,5.03
15,0.0003111111111111111,5.0,1.2579197883605957,4.89
15,0.0003111111111111111,5.0,1.2619595527648926,5.05
15,0.0003111111111111111,5.0,1.2660109996795654,5.0200000000000005
15,0.0003111111111111111,5.0,1.2699954509735107,5.01
15,0.0003111111111111111,5.0,1.2739579677581787,4.94
15,0.0003111111111111111,5.0,1.2779474258422852,4.95
15,0.0003111111111111111,5.0,1.2820076942443848,4.95
15,0.0003111111111111111,5.0,1.2859585285186768,5.03
15,0.0003111111111111111,5.0,1.289954423904419,5.05
15,0.0003111111111111111,5.0,1.2938423156738281,5.03
15,0.0003111111111111111,5.0,1.2977893352508545,5.03
15,0.0003111111111111111,5.0,1.3016879558563232,5.05
15,0.0003111111111111111,5.0,1.3056981563568115,5.03
15,0.0003111111111111111,5.0,1.309743881225586,4.88
15,0.0003111111111111111,5.0,1.3139808177947998,5.01
15,0.0003111111111111111,5.0,1.3178181648254395,5.09
15,0.0003111111111111111,5.0,1.321986198425293,4.97
15,0.0003111111111111111,5.0,1.325986385345459,4.94
15,0.0003111111111111111,5.0,1.3299891948699951,5.03
15,0.0003111111111111111,5.0,1.333942174911499,4.96
15,0.0003111111111111111,5.0,1.3379573822021484,5.0
15,0.0003111111111111111,5.0,1.3419256210327148,5.01
15,0.0003111111111111111,5.0,1.3459956645965576,4.9
15,0.0003111111111111111,5.0,1.3499865531921387,5.0600000000000005
15,0.0003111111111111111,5.0,1.3539555072784424,5.04
15,0.0003111111111111111,5.0,1.3579537868499756,4.94
15,0.0003111111111111111,5.0,1.3619751930236816,4.96
15,0.0003111111111111111,5.0,1.365973711013794,5.04
15,0.0003111111111111111,5.0,1.369992733001709,4.99
15,0.0003111111111111111,5.0,1.3739583492279053,5.03
15,0.0003111111111111111,5.0,1.3778104782104492,4.97
15,0.0003111111111111111,5.0,1.3819456100463867,5.05
15,0.0003111111111111111,5.0,1.3859636783599854,5.07
15,0.0003111111111111111,5.0,1.3899240493774414,4.99
15,0.0003111111111111111,5.0,1.39396333694458,5.0200000000000005
15,0.0003111111111111111,5.0,1.3978888988494873,5.0200000000000005
15,0.0003111111111111111,5.0,1.4017333984375,5.04
15,0.0003111111111111111,5.0,1.4056336879730225,4.91
15,0.0003111111111111111,5.0,1.4097352027893066,4.98
15,0.0003111111111111111,5.0,1.4139368534088135,4.96
15,0.0003111111111111111,5.0,1.4179327487945557,4.96
15,0.0003111111111111111,5.0,1.4219670295715332,5.01
15,0.0003111111111111111,5.0,1.4259588718414307,5.11
15,0.0003111111111111111,5.0,1.429957628250122,4.89
15,0.0003111111111111111,5.0,1.4339489936828613,4.97
15,0.0003111111111111111,5.0,1.4379794597625732,4.94
15,0.0003111111111111111,5.0,1.4419646263122559,5.0200000000000005
15,0.0003111111111111111,5.0,1.4459359645843506,5.0200000000000005
15,0.0003111111111111111,5.0,1.4499542713165283,5.0200000000000005
15,0.0003111111111111111,5.0,1.4539616107940674,4.93
15,0.0003111111111111111,5.0,1.4579761028289795,5.0
15,0.0003111111111111111,5.0,1.461951732635498,4.99
15,0.0003111111111111111,5.0,1.4659619331359863,4.91
15,0.0003111111111111111,5.0,1.4698925018310547,5.07
15,0.0003111111111111111,5.0,1.4739673137664795,5.01
15,0.0003111111111111111,5.0,1.4778788089752197,5.05
15,0.0003111111111111111,5.0,1.4819645881652832,5.0
15,0.0003111111111111111,5.0,1.4859645366668701,4.95
15,0.0003111111111111111,5.0,1.4899652004241943,4.97
15,0.0003111111111111111,5.0,1.4938938617706299,5.0
15,0.0003111111111111111,5.0,1.4978270530700684,5.0
16,0.0003111111111111111,7.5,9.5367431640625e-07,3.67
16,0.0003111111111111111,7.5,0.007945775985717773,3.67
16,0.0003111111111111111,7.5,0.011959314346313477,3.63
16,0.0003111111111111111,7.5,0.01604604721069336,3.69
16,0.0003111111111111111,7.5,0.02010488510131836,3.71
16,0.0003111111111111111,7.5,0.02409505844116211,3.65
16,0.0003111111111111111,7.5,0.028101682662963867,3.71
16,0.0003111111111111111,7.5,0.032102108001708984,3.71
16,0.0003111111111111111,7.5,0.03610062599182129,3.5500000000000003
16,0.0003111111111111111,7.5,0.0401003360748291,3.71
16,0.0003111111111111111,7.5,0.04403376579284668,3.7600000000000002
16,0.0003111111111111111,7.5,0.04784226417541504,3.77
16,0.0003111111111111111,7.5,0.051695823669433594,3.69
16,0.0003111111111111111,7.5,0.05576062202453613,3.64
16,0.0003111111111111111,7.5,0.05993986129760742,3.7
16,0.0003111111111111111,7.5,0.06405234336853027,3.71
16,0.0003111111111111111,7.5,0.06807255744934082,3.72
16,0.0003111111111111111,7.5,0.07204246520996094,3.65
16,0.0003111111111111111,7.5,0.07602500915527344,3.74
16,0.0003111111111111111,7.5,0.08006405830383301,3.68
16,0.0003111111111111111,7.5,0.08397579193115234,3.67
16,0.0003111111111111111,7.5,0.08807921409606934,3.59
16,0.0003111111111111111,7.5,0.09206938743591309,3.68
16,0.0003111111111111111,7.5,0.0959939956665039,3.68
16,0.0003111111111111111,7.5,0.10003232955932617,3.74
16,0.0003111111111111111,7.5,0.10388851165771484,3.72
16,0.0003111111111111111,7.5,0.10794901847839355,3.74
16,0.0003111111111111111,7.5,0.11200213432312012,3.69
16,0.0003111111111111111,7.5,0.11589860916137695,3.73
16,0.0003111111111111111,7.5,0.11986947059631348,3.66
16,0.0003111111111111111,7.5,0.12392735481262207,3.66
16,0.0003111111111111111,7.5,0.127791166305542,3.72
16,0.0003111111111111111,7.5,0.13188648223876953,3.75
16,0.0003111111111111111,7.5,0.13587379455566406,3.74
16,0.0003111111111111111,7.5,0.13984298706054688,3.87
16,0.0003111111111111111,7.5,0.1439192295074463,3.69
16,0.0003111111111111111,7.5,0.14778447151184082,3.68
16,0.0003111111111111111,7.5,0.15171551704406738,3.74
16,0.0003111111111111111,7.5,0.1557621955871582,3.75
16,0.0003111111111111111,7.5,0.15997719764709473,3.7
16,0.0003111111111111111,7.5,0.16382193565368652,3.73
16,0.0003111111111111111,7.5,0.16806364059448242,3.74
16,0.0003111111111111111,7.5,0.1720752716064453,3.72
16,0.0003111111111111111,7.5,0.17606759071350098,3.69
16,0.0003111111111111111,7.5,0.1800684928894043,3.75
16,0.0003111111111111111,7.5,0.18384552001953125,3.73
16,0.0003111111111111111,7.5,0.18775653839111328,3.71
16,0.0003111111111111111,7.5,0.19184160232543945,3.65
16,0.0003111111111111111,7.5,0.19601702690124512,3.79
16,0.0003111111111111111,7.5,0.2000880241394043,3.68
16,0.0003111111111111111,7.5,0.2041022777557373,3.75
16,0.0003111111111111111,7.5,0.20809268951416016,3.83
16,0.0003111111111111111,7.5,0.21209502220153809,3.63
16,0.0003111111111111111,7.5,0.21609997749328613,3.75
16,0.0003111111111111111,7.5,0.22010517120361328,3.7
16,0.0003111111111111111,7.5,0.224015474319458,3.73
16,0.0003111111111111111,7.5,0.22809934616088867,3.77
16,0.0003111111111111111,7.5,0.2321000099182129,3.8200000000000003
16,0.0003111111111111111,7.5,0.23610997200012207,3.74
16,0.0003111111111111111,7.5,0.24010467529296875,3.72
16,0.0003111111111111111,7.5,0.24402666091918945,3.74
16,0.0003111111111111111,7.5,0.24782133102416992,3.75
16,0.0003111111111111111,7.5,0.25177764892578125,3.72
16,0.0003111111111111111,7.5,0.25574612617492676,3.75
16,0.0003111111111111111,7.5,0.25998878479003906,3.71
16,0.0003111111111111111,7.5,0.2640702724456787,3.8000000000000003
16,0.0003111111111111111,7.5,0.268085241317749,3.72
16,0.0003111111111111111,7.5,0.272080659866333,3.7800000000000002
16,0.0003111111111111111,7.5,0.2760763168334961,3.74
16,0.0003111111111111111,7.5,0.2800743579864502,3.74
16,0.0003111111111111111,7.5,0.2840762138366699,3.72
16,0.0003111111111111111,7.5,0.2880687713623047,3.67
16,0.0003111111111111111,7.5,0.2920701503753662,3.77
16,0.0003111111111111111,7.5,0.2960798740386963,3.73
16,0.0003111111111111111,7.5,0.3000767230987549,3.69
16,0.0003111111111111111,7.5,0.3040802478790283,3.66
16,0.0003111111111111111,7.5,0.3080737590789795,3.72
16,0.0003111111111111111,7.5,0.31208348274230957,3.7600000000000002
16,0.0003111111111111111,7.5,0.3160743713378906,3.74
16,0.0003111111111111111,7.5,0.3200514316558838,3.73
16,0.0003111111111111111,7.5,0.3240787982940674,3.73
16,0.0003111111111111111,7.5,0.328045129776001,3.81
16,0.0003111111111111111,7.5,0.33203554153442383,3.7600000000000002
16,0.0003111111111111111,7.5,0.3359203338623047,3.77
16,0.0003111111111111111,7.5,0.339921236038208,3.83
16,0.0003111111111111111,7.5,0.3440885543823242,3.79
16,0.0003111111111111111,7.5,0.3477904796600342,3.72
16,0.0003111111111111111,7.5,0.35175275802612305,3.71
16,0.0003111111111111111,7.5,0.35587525367736816,3.7600000000000002
16,0.0003111111111111111,7.5,0.3599812984466553,3.79
16,0.0003111111111111111,7.5,0.3638737201690674,3.67
16,0.0003111111111111111,7.5,0.3678934574127197,3.77
16,0.0003111111111111111,7.5,0.37189388275146484,3.84
16,0.0003111111111111111,7.5,0.3759019374847412,3.74
16,0.0003111111111111111,7.5,0.3798801898956299,3.69
16,0.0003111111111111111,7.5,0.3840005397796631,3.71
16,0.0003111111111111111,7.5,0.3878793716430664,3.8200000000000003
16,0.0003111111111111111,7.5,0.3913121223449707,3.79
16,0.0003111111111111111,7.5,0.3949251174926758,3.79
16,0.0003111111111111111,7.5,0.3989269733428955,3.8200000000000003
16,0.0003111111111111111,7.5,0.40305519104003906,3.7800000000000002
16,0.0003111111111111111,7.5,0.4070558547973633,3.7600000000000002
16,0.0003111111111111111,7.5,0.41106319427490234,3.68
16,0.0003111111111111111,7.5,0.41506528854370117,3.68
16,0.0003111111111111111,7.5,0.4190523624420166,3.77
16,0.0003111111111111111,7.5,0.42297816276550293,3.7800000000000002
16,0.0003111111111111111,7.5,0.4270133972167969,3.87
16,0.0003111111111111111,7.5,0.4309272766113281,3.69
16,0.0003111111111111111,7.5,0.4349198341369629,3.68
16,0.0003111111111111111,7.5,0.4390861988067627,3.77
16,0.0003111111111111111,7.5,0.44298624992370605,3.74
16,0.0003111111111111111,7.5,0.44676733016967773,3.73
16,0.0003111111111111111,7.5,0.450653076171875,3.75
16,0.0003111111111111111,7.5,0.4548208713531494,3.8000000000000003
16,0.0003111111111111111,7.5,0.4587879180908203,3.67
16,0.0003111111111111111,7.5,0.46285200119018555,3.59
16,0.0003111111111111111,7.5,0.46687865257263184,3.72
16,0.0003111111111111111,7.5,0.4710042476654053,3.7600000000000002
16,0.0003111111111111111,7.5,0.474947452545166,3.72
16,0.0003111111111111111,7.5,0.4790782928466797,3.73
16,0.0003111111111111111,7.5,0.48302245140075684,3.7800000000000002
16,0.0003111111111111111,7.5,0.4870874881744385,3.77
16,0.0003111111111111111,7.5,0.49106931686401367,3.77
16,0.0003111111111111111,7.5,0.4950737953186035,3.77
16,0.0003111111111111111,7.5,0.4990715980529785,3.72
16,0.0003111111111111111,7.5,0.5030913352966309,3.84
16,0.0003111111111111111,7.5,0.5110838413238525,3.94
16,0.0003111111111111111,7.5,0.5150814056396484,4.08
16,0.0003111111111111111,7.5,0.5190930366516113,4.21
16,0.0003111111111111111,7.5,0.5230424404144287,4.3500000000000005
16,0.0003111111111111111,7.5,0.5270087718963623,4.39
16,0.0003111111111111111,7.5,0.531043291091919,4.54
16,0.0003111111111111111,7.5,0.5348656177520752,4.66
16,0.0003111111111111111,7.5,0.5390546321868896,4.79
16,0.0003111111111111111,7.5,0.5430524349212646,4.79
16,0.0003111111111111111,7.5,0.5469787120819092,5.0
16,0.0003111111111111111,7.5,0.550792932510376,5.09
16,0.0003111111111111111,7.5,0.5546834468841553,5.08
16,0.0003111111111111111,7.5,0.5587279796600342,5.25
16,0.0003111111111111111,7.5,0.562903881072998,5.39
16,0.0003111111111111111,7.5,0.5668668746948242,5.42
16,0.0003111111111111111,7.5,0.5710108280181885,5.43
16,0.0003111111111111111,7.5,0.5750448703765869,5.51
16,0.0003111111111111111,7.5,0.5790519714355469,5.6000000000000005
16,0.0003111111111111111,7.5,0.5829720497131348,5.69
16,0.0003111111111111111,7.5,0.5870606899261475,5.82
16,0.0003111111111111111,7.5,0.5910532474517822,5.75
16,0.0003111111111111111,7.5,0.595041036605835,6.05
16,0.0003111111111111111,7.5,0.599022626876831,6.08
16,0.0003111111111111111,7.5,0.6030478477478027,6.1000000000000005
16,0.0003111111111111111,7.5,0.6070635318756104,6.18
16,0.0003111111111111111,7.5,0.6110506057739258,6.21
16,0.0003111111111111111,7.5,0.6149280071258545,6.3
16,0.0003111111111111111,7.5,0.6190540790557861,6.28
16,0.0003111111111111111,7.5,0.6230602264404297,6.4
16,0.0003111111111111111,7.5,0.6270530223846436,6.45
16,0.0003111111111111111,7.5,0.6310584545135498,6.44
16,0.0003111111111111111,7.5,0.6350269317626953,6.4
16,0.0003111111111111111,7.5,0.6389415264129639,6.57
16,0.0003111111111111111,7.5,0.6429941654205322,6.58
16,0.0003111111111111111,7.5,0.6470434665679932,6.82
16,0.0003111111111111111,7.5,0.6507852077484131,6.69
16,0.0003111111111111111,7.5,0.6546957492828369,6.8100000000000005
16,0.0003111111111111111,7.5,0.6587202548980713,6.8500000000000005
16,0.0003111111111111111,7.5,0.6628382205963135,6.97
16,0.0003111111111111111,7.5,0.6669504642486572,6.76
16,0.0003111111111111111,7.5,0.6710159778594971,6.78
16,0.0003111111111111111,7.5,0.675034761428833,6.95
16,0.0003111111111111111,7.5,0.679027795791626,6.98
16,0.0003111111111111111,7.5,0.6829614639282227,7.03
16,0.0003111111111111111,7.5,0.6868581771850586,6.94
16,0.0003111111111111111,7.5,0.6910216808319092,7.01
16,0.0003111111111111111,7.5,0.6950199604034424,7.01
16,0.0003111111111111111,7.5,0.6990470886230469,7.09
16,0.0003111111111111111,7.5,0.703059196472168,7.09
16,0.0003111111111111111,7.5,0.7070333957672119,7.09
16,0.0003111111111111111,7.5,0.7110579013824463,7.09
16,0.0003111111111111111,7.5,0.7150566577911377,7.19
16,0.0003111111111111111,7.5,0.7190678119659424,7.2
16,0.0003111111111111111,7.5,0.7230517864227295,7.140000000000001
16,0.0003111111111111111,7.5,0.7270593643188477,7.22
16,0.0003111111111111111,7.5,0.7310652732849121,7.24
16,0.0003111111111111111,7.5,0.735062837600708,7.21
16,0.0003111111111111111,7.5,0.7390632629394531,7.25
16,0.0003111111111111111,7.5,0.7430174350738525,7.13
16,0.0003111111111111111,7.5,0.7470560073852539,7.29
16,0.0003111111111111111,7.5,0.7509582042694092,7.28
16,0.0003111111111111111,7.5,0.7547154426574707,7.3
16,0.0003111111111111111,7.5,0.7586953639984131,7.25
16,0.0003111111111111111,7.5,0.7627918720245361,7.23
16,0.0003111111111111111,7.5,0.7669076919555664,7.33
16,0.0003111111111111111,7.5,0.771033525466919,7.32
16,0.0003111111111111111,7.5,0.7750425338745117,7.34
16,0.0003111111111111111,7.5,0.7790634632110596,7.3500000000000005
16,0.0003111111111111111,7.5,0.7829959392547607,7.36
16,0.0003111111111111111,7.5,0.7870516777038574,7.26
16,0.0003111111111111111,7.5,0.7910604476928711,7.36
16,0.0003111111111111111,7.5,0.7950551509857178,7.33
16,0.0003111111111111111,7.5,0.7990579605102539,7.3100000000000005
16,0.0003111111111111111,7.5,0.8030250072479248,7.3500000000000005
16,0.0003111111111111111,7.5,0.8069088459014893,7.37
16,0.0003111111111111111,7.5,0.8110404014587402,7.36
16,0.0003111111111111111,7.5,0.8150327205657959,7.38
16,0.0003111111111111111,7.5,0.8190302848815918,7.41
16,0.0003111111111111111,7.5,0.8230578899383545,7.390000000000001
16,0.0003111111111111111,7.5,0.8270318508148193,7.26
16,0.0003111111111111111,7.5,0.8310348987579346,7.42
16,0.0003111111111111111,7.5,0.834984302520752,7.32
16,0.0003111111111111111,7.5,0.8390326499938965,7.41
16,0.0003111111111111111,7.5,0.8430514335632324,7.43
16,0.0003111111111111111,7.5,0.8470032215118408,7.44
16,0.0003111111111111111,7.5,0.8508014678955078,7.43
16,0.0003111111111111111,7.5,0.8546280860900879,7.41
16,0.0003111111111111111,7.5,0.8587093353271484,7.38
16,0.0003111111111111111,7.5,0.8628988265991211,7.390000000000001
16,0.0003111111111111111,7.5,0.8669445514678955,7.45
16,0.0003111111111111111,7.5,0.8708922863006592,7.43
16,0.0003111111111111111,7.5,0.8750355243682861,7.43
16,0.0003111111111111111,7.5,0.8790497779846191,7.38
16,0.0003111111111111111,7.5,0.8829593658447266,7.37
16,0.0003111111111111111,7.5,0.8868594169616699,7.44
16,0.0003111111111111111,7.5,0.891028881072998,7.42
16,0.0003111111111111111,7.5,0.8950381278991699,7.46
16,0.0003111111111111111,7.5,0.8990046977996826,7.49
16,0.0003111111111111111,7.5,0.9030416011810303,7.45
16,0.0003111111111111111,7.5,0.9070000648498535,7.42
16,0.0003111111111111111,7.5,0.9109952449798584,7.5
16,0.0003111111111111111,7.5,0.9150266647338867,7.48
16,0.0003111111111111111,7.5,0.9190442562103271,7.49
16,0.0003111111111111111,7.5,0.9230442047119141,7.42
16,0.0003111111111111111,7.5,0.9270315170288086,7.47
16,0.0003111111111111111,7.5,0.9309613704681396,7.48
16,0.0003111111111111111,7.5,0.9348816871643066,7.44
16,0.0003111111111111111,7.5,0.9390153884887695,7.47
16,0.0003111111111111111,7.5,0.942929744720459,7.41
16,0.0003111111111111111,7.5,0.9467597007751465,7.390000000000001
16,0.0003111111111111111,7.5,0.9506790637969971,7.46
16,0.0003111111111111111,7.5,0.9547045230865479,7.55
16,0.0003111111111111111,7.5,0.9587798118591309,7.42
16,0.0003111111111111111,7.5,0.9628381729125977,7.53
16,0.0003111111111111111,7.5,0.9668254852294922,7.49
16,0.0003111111111111111,7.5,0.9708714485168457,7.51
16,0.0003111111111111111,7.5,0.974827766418457,7.53
16,0.0003111111111111111,7.5,0.978952169418335,7.47
16,0.0003111111111111111,7.5,0.9829299449920654,7.54
16,0.0003111111111111111,7.5,0.9870619773864746,7.46
16,0.0003111111111111111,7.5,0.9910554885864258,7.5
16,0.0003111111111111111,7.5,0.9950661659240723,7.48
16,0.0003111111111111111,7.5,0.9989044666290283,7.46
16,0.0003111111111111111,7.5,1.0030639171600342,7.51
16,0.0003111111111111111,7.5,1.0070314407348633,7.5
16,0.0003111111111111111,7.5,1.0110418796539307,7.47
16,0.0003111111111111111,7.5,1.0150256156921387,7.47
16,0.0003111111111111111,7.5,1.0190412998199463,7.5200000000000005
16,0.0003111111111111111,7.5,1.0229394435882568,7.49
16,0.0003111111111111111,7.5,1.0269880294799805,7.6000000000000005
16,0.0003111111111111111,7.5,1.0310227870941162,7.49
16,0.0003111111111111111,7.5,1.0348734855651855,7.45
16,0.0003111111111111111,7.5,1.0386195182800293,7.43
16,0.0003111111111111111,7.5,1.0425944328308105,7.53
16,0.0003111111111111111,7.5,1.0470409393310547,7.5200000000000005
16,0.0003111111111111111,7.5,1.0509545803070068,7.49
16,0.0003111111111111111,7.5,1.054699182510376,7.46
16,0.0003111111111111111,7.5,1.0585618019104004,7.45
16,0.0003111111111111111,7.5,1.0625488758087158,7.47
16,0.0003111111111111111,7.5,1.0655872821807861,7.5
16,0.0003111111111111111,7.5,1.069972276687622,7.46
16,0.0003111111111111111,7.5,1.074035882949829,7.51
16,0.0003111111111111111,7.5,1.0780324935913086,7.48
16,0.0003111111111111111,7.5,1.0820262432098389,7.48
16,0.0003111111111111111,7.5,1.085935354232788,7.49
16,0.0003111111111111111,7.5,1.0899906158447266,7.53
16,0.0003111111111111111,7.5,1.0940132141113281,7.5600000000000005
16,0.0003111111111111111,7.5,1.0979979038238525,7.5
16,0.0003111111111111111,7.5,1.1019973754882812,7.51
16,0.0003111111111111111,7.5,1.1060521602630615,7.46
16,0.0003111111111111111,7.5,1.1100547313690186,7.43
16,0.0003111111111111111,7.5,1.1140313148498535,7.49
16,0.0003111111111111111,7.5,1.117887258529663,7.44
16,0.0003111111111111111,7.5,1.1217703819274902,7.44
16,0.0003111111111111111,7.5,1.1256885528564453,7.5200000000000005
16,0.0003111111111111111,7.5,1.1295690536499023,7.58
16,0.0003111111111111111,7.5,1.1335442066192627,7.53
16,0.0003111111111111111,7.5,1.1365108489990234,7.38
16,0.0003111111111111111,7.5,1.1394915580749512,7.47
16,0.0003111111111111111,7.5,1.142472267150879,7.43
16,0.0003111111111111111,7.5,1.145528793334961,7.5
16,0.0003111111111111111,7.5,1.148552417755127,7.53
16,0.0003111111111111111,7.5,1.1525166034698486,7.6000000000000005
16,0.0003111111111111111,7.5,1.155472755432129,7.48
16,0.0003111111111111111,7.5,1.158496379852295,7.53
16,0.0003111111111111111,7.5,1.161505937576294,7.5200000000000005
16,0.0003111111111111111,7.5,1.164499282836914,7.47
16,0.0003111111111111111,7.5,1.1675565242767334,7.4
16,0.0003111111111111111,7.5,1.171522855758667,7.48
16,0.0003111111111111111,7.5,1.1749043464660645,7.54
16,0.0003111111111111111,7.5,1.1789188385009766,7.49
16,0.0003111111111111111,7.5,1.1828768253326416,7.48
16,0.0003111111111111111,7.5,1.1867973804473877,7.44
16,0.0003111111111111111,7.5,1.1907734870910645,7.49
16,0.0003111111111111111,7.5,1.194995641708374,7.49
16,0.0003111111111111111,7.5,1.1989774703979492,7.51
16,0.0003111111111111111,7.5,1.2029838562011719,7.46
16,0.0003111111111111111,7.5,1.206974983215332,7.5
16,0.0003111111111111111,7.5,1.2110066413879395,7.47
16,0.0003111111111111111,7.5,1.214993953704834,7.5
16,0.0003111111111111111,7.5,1.2190086841583252,7.5200000000000005
16,0.0003111111111111111,7.5,1.2228519916534424,7.49
16,0.0003111111111111111,7.5,1.2269389629364014,7.5600000000000005
16,0.0003111111111111111,7.5,1.2310307025909424,7.42
16,0.0003111111111111111,7.5,1.2347869873046875,7.5
16,0.0003111111111111111,7.5,1.2386271953582764,7.48
16,0.0003111111111111111,7.5,1.2425808906555176,7.51
16,0.0003111111111111111,7.5,1.2465906143188477,7.5
16,0.0003111111111111111,7.5,1.2510333061218262,7.5200000000000005
16,0.0003111111111111111,7.5,1.2549421787261963,7.54
16,0.0003111111111111111,7.5,1.258622407913208,7.5200000000000005
16,0.0003111111111111111,7.5,1.2625455856323242,7.51
16,0.0003111111111111111,7.5,1.266573190689087,7.49
16,0.0003111111111111111,7.5,1.2708275318145752,7.49
16,0.0003111111111111111,7.5,1.2748785018920898,7.5
16,0.0003111111111111111,7.5,1.2788631916046143,7.46
16,0.0003111111111111111,7.5,1.2828130722045898,7.4
16,0.0003111111111111111,7.5,1.2868914604187012,7.5200000000000005
16,0.0003111111111111111,7.5,1.2909080982208252,7.49
16,0.0003111111111111111,7.5,1.2948329448699951,7.57
16,0.0003111111111111111,7.5,1.298931360244751,7.42
16,0.0003111111111111111,7.5,1.3026823997497559,7.47
16,0.0003111111111111111,7.5,1.3066346645355225,7.5
16,0.0003111111111111111,7.5,1.3106069564819336,7.49
16,0.0003111111111111111,7.5,1.3146381378173828,7.51
16,0.0003111111111111111,7.5,1.3186824321746826,7.44
16,0.0003111111111111111,7.5,1.32277250289917,7.47
16,0.0003111111111111111,7.5,1.326810598373413,7.48
16,0.0003111111111111111,7.5,1.3308160305023193,7.47
16,0.0003111111111111111,7.5,1.3348546028137207,7.48
16,0.0003111111111111111,7.5,1.3389902114868164,7.46
16,0.0003111111111111111,7.5,1.342980146408081,7.49
16,0.0003111111111111111,7.5,1.3469841480255127,7.49
16,0.0003111111111111111,7.5,1.3508470058441162,7.48
16,0.0003111111111111111,7.5,1.3549249172210693,7.46
16,0.0003111111111111111,7.5,1.3586997985839844,7.54
16,0.0003111111111111111,7.5,1.36263108253479,7.47
16,0.0003111111111111111,7.5,1.3667030334472656,7.49
16,0.0003111111111111111,7.5,1.3708019256591797,7.5200000000000005
16,0.0003111111111111111,7.5,1.3749244213104248,7.49
16,0.0003111111111111111,7.5,1.3787336349487305,7.48
16,0.0003111111111111111,7.5,1.3826618194580078,7.46
16,0.0003111111111111111,7.5,1.3869152069091797,7.49
16,0.0003111111111111111,7.5,1.3907992839813232,7.47
16,0.0003111111111111111,7.5,1.39493989944458,7.51
16,0.0003111111111111111,7.5,1.3989884853363037,7.49
16,0.0003111111111111111,7.5,1.4030003547668457,7.49
16,0.0003111111111111111,7.5,1.4069993495941162,7.41
16,0.0003111111111111111,7.5,1.4110021591186523,7.55
16,0.0003111111111111111,7.5,1.4149997234344482,7.51
16,0.0003111111111111111,7.5,1.418987512588501,7.5
16,0.0003111111111111111,7.5,1.4229795932769775,7.63
16,0.0003111111111111111,7.5,1.4269912242889404,7.49
16,0.0003111111111111111,7.5,1.4309592247009277,7.49
16,0.0003111111111111111,7.5,1.4347434043884277,7.51
16,0.0003111111111111111,7.5,1.4389879703521729,7.45
16,0.0003111111111111111,7.5,1.4429872035980225,7.37
16,0.0003111111111111111,7.5,1.4467990398406982,7.49
16,0.0003111111111111111,7.5,1.4506127834320068,7.58
16,0.0003111111111111111,7.5,1.4545493125915527,7.53
16,0.0003111111111111111,7.5,1.4584767818450928,7.47
16,0.0003111111111111111,7.5,1.4614760875701904,7.54
16,0.0003111111111111111,7.5,1.4645090103149414,7.48
16,0.0003111111111111111,7.5,1.4675254821777344,7.53
16,0.0003111111111111111,7.5,1.471637487411499,7.5600000000000005
16,0.0003111111111111111,7.5,1.4757611751556396,7.51
16,0.0003111111111111111,7.5,1.4795866012573242,7.57
16,0.0003111111111111111,7.5,1.483520269393921,7.49
16,0.0003111111111111111,7.5,1.4864799976348877,7.51
16,0.0003111111111111111,7.5,1.4894568920135498,7.47
16,0.0003111111111111111,7.5,1.4924592971801758,7.48
16,0.0003111111111111111,7.5,1.4957833290100098,7.5
16,0.0003111111111111111,7.5,1.4997241497039795,7.53
17,0.0003111111111111111,10.0,2.6226043701171875e-06,5.14
17,0.0003111111111111111,10.0,0.007536888122558594,5.09
17,0.0003111111111111111,10.0,0.010566949844360352,4.94
17,0.0003111111111111111,10.0,0.014550209045410156,5.24
17,0.0003111111111111111,10.0,0.017573833465576172,5.09
17,0.0003111111111111111,10.0,0.021974802017211914,5.03
17,0.0003111111111111111,10.0,0.026026010513305664,5.01
17,0.0003111111111111111,10.0,0.030037879943847656,5.07
17,0.0003111111111111111,10.0,0.034026384353637695,5.07
17,0.0003111111111111111,10.0,0.038042306900024414,5.03
17,0.0003111111111111111,10.0,0.04203438758850098,5.08
17,0.0003111111111111111,10.0,0.04596877098083496,5.0200000000000005
17,0.0003111111111111111,10.0,0.0500333309173584,5.1000000000000005
17,0.0003111111111111111,10.0,0.05404806137084961,5.1000000000000005
17,0.0003111111111111111,10.0,0.058029890060424805,5.08
17,0.0003111111111111111,10.0,0.062024831771850586,5.07
17,0.0003111111111111111,10.0,0.06602907180786133,5.07
17,0.0003111111111111111,10.0,0.0700228214263916,5.05
17,0.0003111111111111111,10.0,0.07387471199035645,5.04
17,0.0003111111111111111,10.0,0.07812857627868652,4.94
17,0.0003111111111111111,10.0,0.0821235179901123,5.03
17,0.0003111111111111111,10.0,0.08608555793762207,5.03
17,0.0003111111111111111,10.0,0.08995699882507324,5.07
17,0.0003111111111111111,10.0,0.09409904479980469,5.14
17,0.0003111111111111111,10.0,0.09804320335388184,4.95
17,0.0003111111111111111,10.0,0.1016545295715332,5.0200000000000005
17,0.0003111111111111111,10.0,0.10558915138244629,5.01
17,0.0003111111111111111,10.0,0.10953283309936523,5.01
17,0.0003111111111111111,10.0,0.1125338077545166,4.98
17,0.0003111111111111111,10.0,0.11681914329528809,4.88
17,0.0003111111111111111,10.0,0.12092089653015137,4.93
17,0.0003111111111111111,10.0,0.12460470199584961,5.1000000000000005
17,0.0003111111111111111,10.0,0.1289997100830078,5.14
17,0.0003111111111111111,10.0,0.13299942016601562,5.09
17,0.0003111111111111111,10.0,0.13700485229492188,5.03
17,0.0003111111111111111,10.0,0.14100956916809082,5.03
17,0.0003111111111111111,10.0,0.1450033187866211,4.92
17,0.0003111111111111111,10.0,0.1490154266357422,4.95
17,0.0003111111111111111,10.0,0.152998685836792,5.0
17,0.0003111111111111111,10.0,0.15701699256896973,5.0600000000000005
17,0.0003111111111111111,10.0,0.1610107421875,5.0200000000000005
17,0.0003111111111111111,10.0,0.16501140594482422,5.08
17,0.0003111111111111111,10.0,0.16896271705627441,4.91
17,0.0003111111111111111,10.0,0.17285919189453125,4.94
17,0.0003111111111111111,10.0,0.1765899658203125,5.11
17,0.0003111111111111111,10.0,0.18055367469787598,4.95
17,0.0003111111111111111,10.0,0.1845550537109375,5.1000000000000005
17,0.0003111111111111111,10.0,0.18870902061462402,4.97
17,0.0003111111111111111,10.0,0.19256043434143066,5.0600000000000005
17,0.0003111111111111111,10.0,0.19654083251953125,4.93
17,0.0003111111111111111,10.0,0.20083284378051758,4.98
17,0.0003111111111111111,10.0,0.20471763610839844,5.0
17,0.0003111111111111111,10.0,0.20879864692687988,5.0600000000000005
17,0.0003111111111111111,10.0,0.21283483505249023,5.1000000000000005
17,0.0003111111111111111,10.0,0.2169787883758545,5.1000000000000005
17,0.0003111111111111111,10.0,0.22089219093322754,5.04
17,0.0003111111111111111,10.0,0.22493600845336914,5.0200000000000005
17,0.0003111111111111111,10.0,0.22891616821289062,4.98
17,0.0003111111111111111,10.0,0.23290657997131348,4.98
17,0.0003111111111111111,10.0,0.23701977729797363,5.01
17,0.0003111111111111111,10.0,0.24103045463562012,5.04
17,0.0003111111111111111,10.0,0.24503469467163086,4.88
17,0.0003111111111111111,10.0,0.24903607368469238,5.03
17,0.0003111111111111111,10.0,0.25297021865844727,4.94
17,0.0003111111111111111,10.0,0.2570316791534424,4.96
17,0.0003111111111111111,10.0,0.26104092597961426,5.0200000000000005
17,0.0003111111111111111,10.0,0.2650268077850342,4.87
17,0.0003111111111111111,10.0,0.26903295516967773,5.08
17,0.0003111111111111111,10.0,0.27302980422973633,5.0200000000000005
17,0.0003111111111111111,10.0,0.277005672454834,5.0200000000000005
17,0.0003111111111111111,10.0,0.281008243560791,5.0200000000000005
17,0.0003111111111111111,10.0,0.2850015163421631,5.01
17,0.0003111111111111111,10.0,0.2890005111694336,4.97
17,0.0003111111111111111,10.0,0.2929959297180176,4.93
17,0.0003111111111111111,10.0,0.2970094680786133,5.03
17,0.0003111111111111111,10.0,0.30096983909606934,4.91
17,0.0003111111111111111,10.0,0.3048059940338135,5.0
17,0.0003111111111111111,10.0,0.3086740970611572,5.0
17,0.0003111111111111111,10.0,0.3127272129058838,4.91
17,0.0003111111111111111,10.0,0.31684398651123047,5.0200000000000005
17,0.0003111111111111111,10.0,0.32097530364990234,4.97
17,0.0003111111111111111,10.0,0.3248271942138672,5.11
17,0.0003111111111111111,10.0,0.3289792537689209,4.97
17,0.0003111111111111111,10.0,0.3330090045928955,4.97
17,0.0003111111111111111,10.0,0.3370060920715332,5.0600000000000005
17,0.0003111111111111111,10.0,0.3410053253173828,4.87
17,0.0003111111111111111,10.0,0.34480714797973633,5.01
17,0.0003111111111111111,10.0,0.3488888740539551,4.96
17,0.0003111111111111111,10.0,0.3529360294342041,4.92
17,0.0003111111111111111,10.0,0.35699915885925293,5.03
17,0.0003111111111111111,10.0,0.3610086441040039,5.04
17,0.0003111111111111111,10.0,0.36501002311706543,5.08
17,0.0003111111111111111,10.0,0.36900925636291504,4.99
17,0.0003111111111111111,10.0,0.37287330627441406,5.0200000000000005
17,0.0003111111111111111,10.0,0.3766517639160156,5.01
17,0.0003111111111111111,10.0,0.38068366050720215,4.95
17,0.0003111111111111111,10.0,0.38472843170166016,4.98
17,0.0003111111111111111,10.0,0.38897037506103516,4.99
17,0.0003111111111111111,10.0,0.3929562568664551,5.11
17,0.0003111111111111111,10.0,0.3969545364379883,5.09
17,0.0003111111111111111,10.0,0.40097641944885254,5.0200000000000005
17,0.0003111111111111111,10.0,0.4048197269439697,5.0
17,0.0003111111111111111,10.0,0.40868377685546875,4.98
17,0.0003111111111111111,10.0,0.41283369064331055,4.92
17,0.0003111111111111111,10.0,0.4168825149536133,5.08
17,0.0003111111111111111,10.0,0.42073559761047363,4.98
17,0.0003111111111111111,10.0,0.4248020648956299,5.05
17,0.0003111111111111111,10.0,0.428830623626709,4.96
17,0.0003111111111111111,10.0,0.43281030654907227,5.01
17,0.0003111111111111111,10.0,0.4370388984680176,5.0600000000000005
17,0.0003111111111111111,10.0,0.44098615646362305,5.0600000000000005
17,0.0003111111111111111,10.0,0.4450066089630127,4.92
17,0.0003111111111111111,10.0,0.4490017890930176,5.0
17,0.0003111111111111111,10.0,0.45300865173339844,4.93
17,0.0003111111111111111,10.0,0.45693039894104004,5.03
17,0.0003111111111111111,10.0,0.4609951972961426,4.8500000000000005
17,0.0003111111111111111,10.0,0.46501636505126953,5.13
17,0.0003111111111111111,10.0,0.4690110683441162,4.84
17,0.0003111111111111111,10.0,0.47295641899108887,5.01
17,0.0003111111111111111,10.0,0.4770190715789795,4.92
17,0.0003111111111111111,10.0,0.4810168743133545,4.89
17,0.0003111111111111111,10.0,0.48502373695373535,5.07
17,0.0003111111111111111,10.0,0.48900461196899414,4.92
17,0.0003111111111111111,10.0,0.49300646781921387,4.97
17,0.0003111111111111111,10.0,0.4970121383666992,5.0
17,0.0003111111111111111,10.0,0.5009822845458984,5.1000000000000005
17,0.0003111111111111111,10.0,0.5087134838104248,5.25
17,0.0003111111111111111,10.0,0.5126767158508301,5.5200000000000005
17,0.0003111111111111111,10.0,0.5167996883392334,5.68
17,0.0003111111111111111,10.0,0.5208845138549805,5.9
17,0.0003111111111111111,10.0,0.5248394012451172,5.97
17,0.0003111111111111111,10.0,0.528846263885498,6.05
17,0.0003111111111111111,10.0,0.5329165458679199,6.26
17,0.0003111111111111111,10.0,0.5368201732635498,6.47
17,0.0003111111111111111,10.0,0.5408594608306885,6.48
17,0.0003111111111111111,10.0,0.5448203086853027,6.72
17,0.0003111111111111111,10.0,0.5489647388458252,6.82
17,0.0003111111111111111,10.0,0.5528035163879395,7.01
17,0.0003111111111111111,10.0,0.5569100379943848,7.140000000000001
17,0.0003111111111111111,10.0,0.5608205795288086,7.21
17,0.0003111111111111111,10.0,0.5649516582489014,7.34
17,0.0003111111111111111,10.0,0.5687870979309082,7.46
17,0.0003111111111111111,10.0,0.5728893280029297,7.59
17,0.0003111111111111111,10.0,0.5768260955810547,7.66
17,0.0003111111111111111,10.0,0.5808632373809814,7.69
17,0.0003111111111111111,10.0,0.5848617553710938,7.78
17,0.0003111111111111111,10.0,0.5888988971710205,7.87
17,0.0003111111111111111,10.0,0.5928986072540283,7.95
17,0.0003111111111111111,10.0,0.5969805717468262,8.03
17,0.0003111111111111111,10.0,0.6008880138397217,8.13
17,0.0003111111111111111,10.0,0.6049215793609619,8.16
17,0.0003111111111111111,10.0,0.6087076663970947,8.26
17,0.0003111111111111111,10.0,0.6126804351806641,8.27
17,0.0003111111111111111,10.0,0.616736888885498,8.32
17,0.0003111111111111111,10.0,0.620781660079956,8.370000000000001
17,0.0003111111111111111,10.0,0.6248533725738525,8.53
17,0.0003111111111111111,10.0,0.6288604736328125,8.5
17,0.0003111111111111111,10.0,0.6329915523529053,8.540000000000001
17,0.0003111111111111111,10.0,0.6369843482971191,8.540000000000001
17,0.0003111111111111111,10.0,0.6409969329833984,8.66
17,0.0003111111111111111,10.0,0.6449973583221436,8.66
17,0.0003111111111111111,10.0,0.6489808559417725,8.73
17,0.0003111111111111111,10.0,0.6529905796051025,8.78
17,0.0003111111111111111,10.0,0.6569702625274658,8.790000000000001
17,0.0003111111111111111,10.0,0.6609742641448975,8.86
17,0.0003111111111111111,10.0,0.6649737358093262,8.81
17,0.0003111111111111111,10.0,0.6689667701721191,8.81
17,0.0003111111111111111,10.0,0.6727950572967529,8.89
17,0.0003111111111111111,10.0,0.6768014430999756,8.89
17,0.0003111111111111111,10.0,0.6808285713195801,8.94
17,0.0003111111111111111,10.0,0.6848921775817871,8.94
17,0.0003111111111111111,10.0,0.6887421607971191,8.93
17,0.0003111111111111111,10.0,0.6926493644714355,9.05
17,0.0003111111111111111,10.0,0.6966762542724609,9.03
17,0.0003111111111111111,10.0,0.700843334197998,9.09
17,0.0003111111111111111,10.0,0.7049453258514404,9.09
17,0.0003111111111111111,10.0,0.708745002746582,9.1
17,0.0003111111111111111,10.0,0.712646484375,9.17
17,0.0003111111111111111,10.0,0.7167127132415771,9.15
17,0.0003111111111111111,10.0,0.7207839488983154,9.1
17,0.0003111111111111111,10.0,0.7247393131256104,9.11
17,0.0003111111111111111,10.0,0.7290058135986328,9.24
17,0.0003111111111111111,10.0,0.7329249382019043,9.200000000000001
17,0.0003111111111111111,10.0,0.7369678020477295,9.200000000000001
17,0.0003111111111111111,10.0,0.7410373687744141,9.22
17,0.0003111111111111111,10.0,0.7449934482574463,9.24
17,0.0003111111111111111,10.0,0.7490017414093018,9.200000000000001
17,0.0003111111111111111,10.0,0.7529973983764648,9.28
17,0.0003111111111111111,10.0,0.7569892406463623,9.34
17,0.0003111111111111111,10.0,0.7609837055206299,9.09
17,0.0003111111111111111,10.0,0.7649893760681152,9.450000000000001
17,0.0003111111111111111,10.0,0.7689938545227051,9.38
17,0.0003111111111111111,10.0,0.7729928493499756,9.4
17,0.0003111111111111111,10.0,0.7769954204559326,9.16
17,0.0003111111111111111,10.0,0.7809922695159912,9.5
17,0.0003111111111111111,10.0,0.7849934101104736,9.3
17,0.0003111111111111111,10.0,0.7889885902404785,9.31
17,0.0003111111111111111,10.0,0.7929873466491699,9.56
17,0.0003111111111111111,10.0,0.7969980239868164,9.59
17,0.0003111111111111111,10.0,0.8009941577911377,9.5
17,0.0003111111111111111,10.0,0.804995059967041,9.450000000000001
17,0.0003111111111111111,10.0,0.8089456558227539,9.63
17,0.0003111111111111111,10.0,0.8124983310699463,9.58
17,0.0003111111111111111,10.0,0.8156464099884033,9.28
17,0.0003111111111111111,10.0,0.8197238445281982,9.540000000000001
17,0.0003111111111111111,10.0,0.8237709999084473,9.46
17,0.0003111111111111111,10.0,0.8279292583465576,9.43
17,0.0003111111111111111,10.0,0.8319478034973145,9.44
17,0.0003111111111111111,10.0,0.8359935283660889,9.75
17,0.0003111111111111111,10.0,0.8400611877441406,9.5
17,0.0003111111111111111,10.0,0.8439943790435791,9.64
17,0.0003111111111111111,10.0,0.8479840755462646,9.57
17,0.0003111111111111111,10.0,0.8519041538238525,9.61
17,0.0003111111111111111,10.0,0.8558275699615479,9.52
17,0.0003111111111111111,10.0,0.859992504119873,9.56
17,0.0003111111111111111,10.0,0.8639707565307617,9.61
17,0.0003111111111111111,10.0,0.8679063320159912,9.81
17,0.0003111111111111111,10.0,0.8718435764312744,9.790000000000001
17,0.0003111111111111111,10.0,0.8759603500366211,9.49
17,0.0003111111111111111,10.0,0.8800127506256104,9.61
17,0.0003111111111111111,10.0,0.8839731216430664,9.65
17,0.0003111111111111111,10.0,0.8879640102386475,9.620000000000001
17,0.0003111111111111111,10.0,0.8919739723205566,9.65
17,0.0003111111111111111,10.0,0.8959705829620361,9.76
17,0.0003111111111111111,10.0,0.899972677230835,9.68
17,0.0003111111111111111,10.0,0.903986930847168,9.73
17,0.0003111111111111111,10.0,0.9079768657684326,9.74
17,0.0003111111111111111,10.0,0.911768913269043,9.81
17,0.0003111111111111111,10.0,0.9156231880187988,9.72
17,0.0003111111111111111,10.0,0.9197671413421631,9.64
17,0.0003111111111111111,10.0,0.923708438873291,9.83
17,0.0003111111111111111,10.0,0.9275527000427246,9.83
17,0.0003111111111111111,10.0,0.9315173625946045,9.83
17,0.0003111111111111111,10.0,0.9355244636535645,9.8
17,0.0003111111111111111,10.0,0.9399688243865967,9.81
17,0.0003111111111111111,10.0,0.9440064430236816,9.790000000000001
17,0.0003111111111111111,10.0,0.947969913482666,9.78
17,0.0003111111111111111,10.0,0.9519686698913574,9.76
17,0.0003111111111111111,10.0,0.9559752941131592,9.81
17,0.0003111111111111111,10.0,0.9599695205688477,9.870000000000001
17,0.0003111111111111111,10.0,0.9639971256256104,9.82
17,0.0003111111111111111,10.0,0.9679906368255615,9.77
17,0.0003111111111111111,10.0,0.971872091293335,9.83
17,0.0003111111111111111,10.0,0.9755711555480957,9.77
17,0.0003111111111111111,10.0,0.979992151260376,9.870000000000001
17,0.0003111111111111111,10.0,0.9840054512023926,9.84
17,0.0003111111111111111,10.0,0.9879634380340576,9.97
17,0.0003111111111111111,10.0,0.9919960498809814,9.81
17,0.0003111111111111111,10.0,0.9959909915924072,9.75
17,0.0003111111111111111,10.0,0.9999945163726807,9.85
17,0.0003111111111111111,10.0,1.0039422512054443,9.9
17,0.0003111111111111111,10.0,1.007983922958374,10.0
17,0.0003111111111111111,10.0,1.0117883682250977,10.07
17,0.0003111111111111111,10.0,1.0156054496765137,9.84
17,0.0003111111111111111,10.0,1.019528865814209,9.98
17,0.0003111111111111111,10.0,1.023512601852417,9.73
17,0.0003111111111111111,10.0,1.0275154113769531,9.71
17,0.0003111111111111111,10.0,1.0314795970916748,9.81
17,0.0003111111111111111,10.0,1.0349924564361572,9.790000000000001
17,0.0003111111111111111,10.0,1.0387225151062012,9.88
17,0.0003111111111111111,10.0,1.0427634716033936,9.790000000000001
17,0.0003111111111111111,10.0,1.046928882598877,9.96
17,0.0003111111111111111,10.0,1.0509614944458008,9.99
17,0.0003111111111111111,10.0,1.054955244064331,9.790000000000001
17,0.0003111111111111111,10.0,1.058980941772461,9.89
17,0.0003111111111111111,10.0,1.062976360321045,9.93
17,0.0003111111111111111,10.0,1.0669755935668945,9.99
17,0.0003111111111111111,10.0,1.070969581604004,9.8
17,0.0003111111111111111,10.0,1.0747931003570557,9.96
17,0.0003111111111111111,10.0,1.078819990158081,10.0
17,0.0003111111111111111,10.0,1.0829732418060303,9.84
17,0.0003111111111111111,10.0,1.0869951248168945,9.86
17,0.0003111111111111111,10.0,1.090912103652954,9.89
17,0.0003111111111111111,10.0,1.0949680805206299,10.040000000000001
17,0.0003111111111111111,10.0,1.0989727973937988,9.82
17,0.0003111111111111111,10.0,1.102912425994873,9.84
17,0.0003111111111111111,10.0,1.1069509983062744,9.88
17,0.0003111111111111111,10.0,1.110898494720459,10.06
17,0.0003111111111111111,10.0,1.1146104335784912,9.81
17,0.0003111111111111111,10.0,1.1184720993041992,10.18
17,0.0003111111111111111,10.0,1.1214439868927002,9.81
17,0.0003111111111111111,10.0,1.124507188796997,9.88
17,0.0003111111111111111,10.0,1.128488540649414,9.86
17,0.0003111111111111111,10.0,1.1324665546417236,9.85
17,0.0003111111111111111,10.0,1.1354801654815674,9.91
17,0.0003111111111111111,10.0,1.1399281024932861,9.75
17,0.0003111111111111111,10.0,1.1439433097839355,9.89
17,0.0003111111111111111,10.0,1.1479439735412598,10.03
17,0.0003111111111111111,10.0,1.1519989967346191,10.02
17,0.0003111111111111111,10.0,1.1559522151947021,10.040000000000001
17,0.0003111111111111111,10.0,1.1599431037902832,10.06
17,0.0003111111111111111,10.0,1.1639420986175537,9.93
17,0.0003111111111111111,10.0,1.1679422855377197,9.96
17,0.0003111111111111111,10.0,1.171823263168335,10.0
17,0.0003111111111111111,10.0,1.1759541034698486,9.85
17,0.0003111111111111111,10.0,1.1799452304840088,9.96
17,0.0003111111111111111,10.0,1.1839468479156494,10.06
17,0.0003111111111111111,10.0,1.1877801418304443,9.96
17,0.0003111111111111111,10.0,1.1915850639343262,10.08
17,0.0003111111111111111,10.0,1.1954751014709473,10.1
17,0.0003111111111111111,10.0,1.199462652206421,9.9
17,0.0003111111111111111,10.0,1.2024753093719482,10.03
17,0.0003111111111111111,10.0,1.206852912902832,9.85
17,0.0003111111111111111,10.0,1.2109057903289795,10.0
17,0.0003111111111111111,10.0,1.214569091796875,9.89
17,0.0003111111111111111,10.0,1.218456745147705,10.02
17,0.0003111111111111111,10.0,1.2214605808258057,10.0
17,0.0003111111111111111,10.0,1.2246150970458984,9.99
17,0.0003111111111111111,10.0,1.2288877964019775,10.0
17,0.0003111111111111111,10.0,1.2329447269439697,9.91
17,0.0003111111111111111,10.0,1.2369341850280762,10.08
17,0.0003111111111111111,10.0,1.2409851551055908,9.88
17,0.0003111111111111111,10.0,1.2449662685394287,9.96
17,0.0003111111111111111,10.0,1.2489581108093262,9.93
17,0.0003111111111111111,10.0,1.2529752254486084,9.91
17,0.0003111111111111111,10.0,1.2569448947906494,9.99
17,0.0003111111111111111,10.0,1.2609672546386719,9.92
17,0.0003111111111111111,10.0,1.264967441558838,10.02
17,0.0003111111111111111,10.0,1.2689664363861084,9.94
17,0.0003111111111111111,10.0,1.2727632522583008,9.84
17,0.0003111111111111111,10.0,1.2769758701324463,10.08
17,0.0003111111111111111,10.0,1.2809271812438965,10.06
17,0.0003111111111111111,10.0,1.2849714756011963,10.040000000000001
17,0.0003111111111111111,10.0,1.2889199256896973,10.01
17,0.0003111111111111111,10.0,1.2929694652557373,10.0
17,0.0003111111111111111,10.0,1.296821117401123,10.07
17,0.0003111111111111111,10.0,1.3005986213684082,9.86
17,0.0003111111111111111,10.0,1.304504156112671,10.08
17,0.0003111111111111111,10.0,1.308417797088623,10.06
17,0.0003111111111111111,10.0,1.3113937377929688,9.84
17,0.0003111111111111111,10.0,1.3146626949310303,9.96
17,0.0003111111111111111,10.0,1.3186261653900146,10.0
17,0.0003111111111111111,10.0,1.3225488662719727,9.94
17,0.0003111111111111111,10.0,1.326442003250122,10.11
17,0.0003111111111111111,10.0,1.3295655250549316,9.96
17,0.0003111111111111111,10.0,1.3336098194122314,9.99
17,0.0003111111111111111,10.0,1.337754487991333,9.99
17,0.0003111111111111111,10.0,1.3417778015136719,9.950000000000001
17,0.0003111111111111111,10.0,1.3457942008972168,9.86
17,0.0003111111111111111,10.0,1.3498022556304932,9.97
17,0.0003111111111111111,10.0,1.353888750076294,9.96
17,0.0003111111111111111,10.0,1.3578357696533203,9.92
17,0.0003111111111111111,10.0,1.3617701530456543,9.96
17,0.0003111111111111111,10.0,1.3656866550445557,9.950000000000001
17,0.0003111111111111111,10.0,1.3696210384368896,10.02
17,0.0003111111111111111,10.0,1.3735179901123047,10.03
17,0.0003111111111111111,10.0,1.377455234527588,10.01
17,0.0003111111111111111,10.0,1.380587100982666,10.05
17,0.0003111111111111111,10.0,1.3844521045684814,10.07
17,0.0003111111111111111,10.0,1.3874261379241943,9.9
17,0.0003111111111111111,10.0,1.3906049728393555,10.01
17,0.0003111111111111111,10.0,1.3945589065551758,9.98
17,0.0003111111111111111,10.0,1.398552656173706,9.97
17,0.0003111111111111111,10.0,1.4025614261627197,9.93
17,0.0003111111111111111,10.0,1.406583547592163,10.02
17,0.0003111111111111111,10.0,1.4106240272521973,10.07
17,0.0003111111111111111,10.0,1.4145853519439697,9.93
17,0.0003111111111111111,10.0,1.4185805320739746,9.72
17,0.0003111111111111111,10.0,1.4225823879241943,9.83
17,0.0003111111111111111,10.0,1.4265859127044678,9.86
17,0.0003111111111111111,10.0,1.4307153224945068,9.91
17,0.0003111111111111111,10.0,1.4347054958343506,9.870000000000001
17,0.0003111111111111111,10.0,1.4388935565948486,9.88
17,0.0003111111111111111,10.0,1.4428856372833252,9.92
17,0.0003111111111111111,10.0,1.446887731552124,10.07
17,0.0003111111111111111,10.0,1.4508817195892334,9.85
17,0.0003111111111111111,10.0,1.4549102783203125,10.040000000000001
17,0.0003111111111111111,10.0,1.4589037895202637,10.09
17,0.0003111111111111111,10.0,1.4629135131835938,9.94
17,0.0003111111111111111,10.0,1.4669702053070068,9.9
17,0.0003111111111111111,10.0,1.4708845615386963,9.88
17,0.0003111111111111111,10.0,1.4749245643615723,10.03
17,0.0003111111111111111,10.0,1.4789636135101318,9.98
17,0.0003111111111111111,10.0,1.482936143875122,9.9
17,0.0003111111111111111,10.0,1.4869680404663086,9.98
17,0.0003111111111111111,10.0,1.4909920692443848,10.05
17,0.0003111111111111111,10.0,1.4948992729187012,9.96
17,0.0003111111111111111,10.0,1.4989147186279297,9.73
18,0.0003333333333333334,5.0,2.6226043701171875e-06,2.52
18,0.0003333333333333334,5.0,0.0078012943267822266,2.5100000000000002
18,0.0003333333333333334,5.0,0.011749982833862305,2.52
18,0.0003333333333333334,5.0,0.015765905380249023,2.5
18,0.0003333333333333334,5.0,0.019757986068725586,2.5
18,0.0003333333333333334,5.0,0.023789405822753906,2.48
18,0.0003333333333333334,5.0,0.027805566787719727,2.5300000000000002
18,0.0003333333333333334,5.0,0.031796932220458984,2.5
18,0.0003333333333333334,5.0,0.0357975959777832,2.5
18,0.0003333333333333334,5.0,0.03979969024658203,2.5
18,0.0003333333333333334,5.0,0.04379582405090332,2.49
18,0.0003333333333333334,5.0,0.04780292510986328,2.5100000000000002
18,0.0003333333333333334,5.0,0.05179023742675781,2.47
18,0.0003333333333333334,5.0,0.05573296546936035,2.5
18,0.0003333333333333334,5.0,0.059546470642089844,2.5300000000000002
18,0.0003333333333333334,5.0,0.06349849700927734,2.52
18,0.0003333333333333334,5.0,0.06754827499389648,2.5300000000000002
18,0.0003333333333333334,5.0,0.07172560691833496,2.5
18,0.0003333333333333334,5.0,0.07574129104614258,2.5100000000000002
18,0.0003333333333333334,5.0,0.07976841926574707,2.5
18,0.0003333333333333334,5.0,0.08380126953125,2.5
18,0.0003333333333333334,5.0,0.08780217170715332,2.49
18,0.0003333333333333334,5.0,0.09180259704589844,2.48
18,0.0003333333333333334,5.0,0.09580445289611816,2.5
18,0.0003333333333333334,5.0,0.09980058670043945,2.47
18,0.0003333333333333334,5.0,0.10379719734191895,2.5
18,0.0003333333333333334,5.0,0.10778951644897461,2.5100000000000002
18,0.0003333333333333334,5.0,0.11182498931884766,2.54
18,0.0003333333333333334,5.0,0.11564040184020996,2.5
18,0.0003333333333333334,5.0,0.11977767944335938,2.5100000000000002
18,0.0003333333333333334,5.0,0.12379837036132812,2.52
18,0.0003333333333333334,5.0,0.12775397300720215,2.5
18,0.0003333333333333334,5.0,0.13175511360168457,2.48
18,0.0003333333333333334,5.0,0.13576984405517578,2.47
18,0.0003333333333333334,5.0,0.1397714614868164,2.52
18,0.0003333333333333334,5.0,0.1437702178955078,2.5100000000000002
18,0.0003333333333333334,5.0,0.1477832794189453,2.52
18,0.0003333333333333334,5.0,0.1517806053161621,2.49
18,0.0003333333333333334,5.0,0.15572881698608398,2.5300000000000002
18,0.0003333333333333334,5.0,0.15958523750305176,2.47
18,0.0003333333333333334,5.0,0.16344237327575684,2.44
18,0.0003333333333333334,5.0,0.16744351387023926,2.5100000000000002
18,0.0003333333333333334,5.0,0.17168450355529785,2.49
18,0.0003333333333333334,5.0,0.17568039894104004,2.5100000000000002
18,0.0003333333333333334,5.0,0.17972135543823242,2.49
18,0.0003333333333333334,5.0,0.18376827239990234,2.5300000000000002
18,0.0003333333333333334,5.0,0.1878044605255127,2.49
18,0.0003333333333333334,5.0,0.19179773330688477,2.5
18,0.0003333333333333334,5.0,0.19581103324890137,2.49
18,0.0003333333333333334,5.0,0.19977545738220215,2.48
18,0.0003333333333333334,5.0,0.20380425453186035,2.49
18,0.0003333333333333334,5.0,0.20780253410339355,2.52
18,0.0003333333333333334,5.0,0.21178412437438965,2.49
18,0.0003333333333333334,5.0,0.21562719345092773,2.5
18,0.0003333333333333334,5.0,0.21977734565734863,2.49
18,0.0003333333333333334,5.0,0.22381353378295898,2.5100000000000002
18,0.0003333333333333334,5.0,0.22780442237854004,2.5
18,0.0003333333333333334,5.0,0.23177647590637207,2.47
18,0.0003333333333333334,5.0,0.2357654571533203,2.49
18,0.0003333333333333334,5.0,0.23977136611938477,2.5
18,0.0003333333333333334,5.0,0.24380135536193848,2.5
18,0.0003333333333333334,5.0,0.24778246879577637,2.5
18,0.0003333333333333334,5.0,0.2518043518066406,2.49
18,0.0003333333333333334,5.0,0.25576138496398926,2.47
18,0.0003333333333333334,5.0,0.2595987319946289,2.5
18,0.0003333333333333334,5.0,0.2634921073913574,2.5
18,0.0003333333333333334,5.0,0.26753759384155273,2.49
18,0.0003333333333333334,5.0,0.27161741256713867,2.5100000000000002
18,0.0003333333333333334,5.0,0.27564430236816406,2.5
18,0.0003333333333333334,5.0,0.2797098159790039,2.5
18,0.0003333333333333334,5.0,0.2837982177734375,2.52
18,0.0003333333333333334,5.0,0.2878148555755615,2.49
18,0.0003333333333333334,5.0,0.2917745113372803,2.47
18,0.0003333333333333334,5.0,0.2958385944366455,2.5300000000000002
18,0.0003333333333333334,5.0,0.29976963996887207,2.5
18,0.0003333333333333334,5.0,0.3037757873535156,2.5100000000000002
18,0.0003333333333333334,5.0,0.3077733516693115,2.5
18,0.0003333333333333334,5.0,0.3118140697479248,2.52
18,0.0003333333333333334,5.0,0.31558895111083984,2.45
18,0.0003333333333333334,5.0,0.3195798397064209,2.49
18,0.0003333333333333334,5.0,0.3237793445587158,2.49
18,0.0003333333333333334,5.0,0.32778215408325195,2.5
18,0.0003333333333333334,5.0,0.3317844867706299,2.49
18,0.0003333333333333334,5.0,0.3357696533203125,2.45
18,0.0003333333333333334,5.0,0.33977580070495605,2.5
18,0.0003333333333333334,5.0,0.3437659740447998,2.5100000000000002
18,0.0003333333333333334,5.0,0.34777235984802246,2.44
18,0.0003333333333333334,5.0,0.3517725467681885,2.45
18,0.0003333333333333334,5.0,0.3557910919189453,2.49
18,0.0003333333333333334,5.0,0.359508752822876,2.5
18,0.0003333333333333334,5.0,0.3634035587310791,2.49
18,0.0003333333333333334,5.0,0.36743974685668945,2.5100000000000002
18,0.0003333333333333334,5.0,0.371523380279541,2.5
18,0.0003333333333333334,5.0,0.3757314682006836,2.49
18,0.0003333333333333334,5.0,0.37972569465637207,2.5100000000000002
18,0.0003333333333333334,5.0,0.3837769031524658,2.5100000000000002
18,0.0003333333333333334,5.0,0.3877747058868408,2.47
18,0.0003333333333333334,5.0,0.3917810916900635,2.49
18,0.0003333333333333334,5.0,0.39577484130859375,2.48
18,0.0003333333333333334,5.0,0.39977240562438965,2.49
18,0.0003333333333333334,5.0,0.40377354621887207,2.5
18,0.0003333333333333334,5.0,0.4077606201171875,2.54
18,0.0003333333333333334,5.0,0.41179871559143066,2.52
18,0.0003333333333333334,5.0,0.4156215190887451,2.52
18,0.0003333333333333334,5.0,0.41959500312805176,2.44
18,0.0003333333333333334,5.0,0.42375802993774414,2.52
18,0.0003333333333333334,5.0,0.427767276763916,2.5100000000000002
18,0.0003333333333333334,5.0,0.431673526763916,2.5
18,0.0003333333333333334,5.0,0.4354567527770996,2.44
18,0.0003333333333333334,5.0,0.4394209384918213,2.5100000000000002
18,0.0003333333333333334,5.0,0.44356822967529297,2.5
18,0.0003333333333333334,5.0,0.447681188583374,2.5100000000000002
18,0.0003333333333333334,5.0,0.4517092704772949,2.5
18,0.0003333333333333334,5.0,0.45575475692749023,2.52
18,0.0003333333333333334,5.0,0.45958566665649414,2.5
18,0.0003333333333333334,5.0,0.4634838104248047,2.5100000000000002
18,0.0003333333333333334,5.0,0.46742844581604004,2.52
18,0.0003333333333333334,5.0,0.47148585319519043,2.49
18,0.0003333333333333334,5.0,0.4755837917327881,2.5300000000000002
18,0.0003333333333333334,5.0,0.4796168804168701,2.52
18,0.0003333333333333334,5.0,0.48381829261779785,2.48
18,0.0003333333333333334,5.0,0.48783040046691895,2.5
18,0.0003333333333333334,5.0,0.491682767868042,2.52
18,0.0003333333333333334,5.0,0.49577784538269043,2.52
18,0.0003333333333333334,5.0,0.4997727870941162,2.52
18,0.0003333333333333334,5.0,0.5038015842437744,2.59
18,0.0003333333333333334,5.0,0.5117762088775635,2.65
18,0.0003333333333333334,5.0,0.515662670135498,2.7600000000000002
18,0.0003333333333333334,5.0,0.5196323394775391,2.7600000000000002
18,0.0003333333333333334,5.0,0.5236401557922363,2.88
18,0.0003333333333333334,5.0,0.5277841091156006,2.96
18,0.0003333333333333334,5.0,0.5318231582641602,3.0
18,0.0003333333333333334,5.0,0.5357956886291504,3.14
18,0.0003333333333333334,5.0,0.539780855178833,3.09
18,0.0003333333333333334,5.0,0.543785810470581,3.24
18,0.0003333333333333334,5.0,0.5478012561798096,3.29
18,0.0003333333333333334,5.0,0.5518207550048828,3.3200000000000003
18,0.0003333333333333334,5.0,0.5557713508605957,3.41
18,0.0003333333333333334,5.0,0.5597708225250244,3.43
18,0.0003333333333333334,5.0,0.5635035037994385,3.47
18,0.0003333333333333334,5.0,0.5674436092376709,3.5100000000000002
18,0.0003333333333333334,5.0,0.5714101791381836,3.61
18,0.0003333333333333334,5.0,0.575814962387085,3.62
18,0.0003333333333333334,5.0,0.579641580581665,3.69
18,0.0003333333333333334,5.0,0.5836365222930908,3.77
18,0.0003333333333333334,5.0,0.5877573490142822,3.8000000000000003
18,0.0003333333333333334,5.0,0.5917789936065674,3.8200000000000003
18,0.0003333333333333334,5.0,0.5958251953125,3.85
18,0.0003333333333333334,5.0,0.5998306274414062,3.93
18,0.0003333333333333334,5.0,0.6038143634796143,3.93
18,0.0003333333333333334,5.0,0.6077938079833984,3.93
18,0.0003333333333333334,5.0,0.6117615699768066,3.94
18,0.0003333333333333334,5.0,0.6156115531921387,3.97
18,0.0003333333333333334,5.0,0.6196644306182861,4.03
18,0.0003333333333333334,5.0,0.6237244606018066,4.09
18,0.0003333333333333334,5.0,0.6277940273284912,4.09
18,0.0003333333333333334,5.0,0.6315569877624512,4.15
18,0.0003333333333333334,5.0,0.6356401443481445,4.16
18,0.0003333333333333334,5.0,0.6396780014038086,4.19
18,0.0003333333333333334,5.0,0.643596887588501,4.19
18,0.0003333333333333334,5.0,0.6477179527282715,4.2700000000000005
18,0.0003333333333333334,5.0,0.6516668796539307,4.26
18,0.0003333333333333334,5.0,0.6556758880615234,4.3
18,0.0003333333333333334,5.0,0.6597013473510742,4.29
18,0.0003333333333333334,5.0,0.6635086536407471,4.39
18,0.0003333333333333334,5.0,0.6674046516418457,4.38
18,0.0003333333333333334,5.0,0.6714556217193604,4.45
18,0.0003333333333333334,5.0,0.6755290031433105,4.26
18,0.0003333333333333334,5.0,0.6796174049377441,4.51
18,0.0003333333333333334,5.0,0.6837127208709717,4.47
18,0.0003333333333333334,5.0,0.6877520084381104,4.51
18,0.0003333333333333334,5.0,0.691756010055542,4.54
18,0.0003333333333333334,5.0,0.6957278251647949,4.51
18,0.0003333333333333334,5.0,0.6997337341308594,4.61
18,0.0003333333333333334,5.0,0.7037553787231445,4.53
18,0.0003333333333333334,5.0,0.7077217102050781,4.5200000000000005
18,0.0003333333333333334,5.0,0.7117257118225098,4.6000000000000005
18,0.0003333333333333334,5.0,0.7155764102935791,4.62
18,0.0003333333333333334,5.0,0.719754695892334,4.67
18,0.0003333333333333334,5.0,0.7237780094146729,4.69
18,0.0003333333333333334,5.0,0.727731466293335,4.68
18,0.0003333333333333334,5.0,0.7317712306976318,4.61
18,0.0003333333333333334,5.0,0.7357890605926514,4.68
18,0.0003333333333333334,5.0,0.739778995513916,4.6000000000000005
18,0.0003333333333333334,5.0,0.7437591552734375,4.67
18,0.0003333333333333334,5.0,0.7477786540985107,4.71
18,0.0003333333333333334,5.0,0.751765251159668,4.78
18,0.0003333333333333334,5.0,0.7557594776153564,4.74
18,0.0003333333333333334,5.0,0.7597756385803223,4.79
18,0.0003333333333333334,5.0,0.7635836601257324,4.79
18,0.0003333333333333334,5.0,0.7674751281738281,4.75
18,0.0003333333333333334,5.0,0.7714378833770752,4.69
18,0.0003333333333333334,5.0,0.7754926681518555,4.8
18,0.0003333333333333334,5.0,0.7796812057495117,4.7700000000000005
18,0.0003333333333333334,5.0,0.7837121486663818,4.74
18,0.0003333333333333334,5.0,0.7877380847930908,4.82
18,0.0003333333333333334,5.0,0.7916703224182129,4.89
18,0.0003333333333333334,5.0,0.7957437038421631,4.8
18,0.0003333333333333334,5.0,0.7996265888214111,4.8
18,0.0003333333333333334,5.0,0.8037333488464355,4.9
18,0.0003333333333333334,5.0,0.8076522350311279,4.86
18,0.0003333333333333334,5.0,0.8116388320922852,4.79
18,0.0003333333333333334,5.0,0.8157594203948975,4.88
18,0.0003333333333333334,5.0,0.819659948348999,4.8500000000000005
18,0.0003333333333333334,5.0,0.8237488269805908,4.89
18,0.0003333333333333334,5.0,0.827756404876709,4.8500000000000005
18,0.0003333333333333334,5.0,0.8317556381225586,4.89
18,0.0003333333333333334,5.0,0.8357217311859131,4.7700000000000005
18,0.0003333333333333334,5.0,0.8397295475006104,4.94
18,0.0003333333333333334,5.0,0.8436641693115234,4.91
18,0.0003333333333333334,5.0,0.8477628231048584,4.89
18,0.0003333333333333334,5.0,0.8517446517944336,4.92
18,0.0003333333333333334,5.0,0.8557572364807129,4.96
18,0.0003333333333333334,5.0,0.8596181869506836,4.94
18,0.0003333333333333334,5.0,0.863736629486084,4.88
18,0.0003333333333333334,5.0,0.8674964904785156,4.94
18,0.0003333333333333334,5.0,0.871025800704956,4.92
18,0.0003333333333333334,5.0,0.8744964599609375,4.99
18,0.0003333333333333334,5.0,0.878685712814331,4.89
18,0.0003333333333333334,5.0,0.8827145099639893,4.94
18,0.0003333333333333334,5.0,0.8867053985595703,4.95
18,0.0003333333333333334,5.0,0.8907349109649658,4.89
18,0.0003333333333333334,5.0,0.8947334289550781,4.96
18,0.0003333333333333334,5.0,0.8987019062042236,4.98
18,0.0003333333333333334,5.0,0.9027364253997803,4.8500000000000005
18,0.0003333333333333334,5.0,0.9067285060882568,4.97
18,0.0003333333333333334,5.0,0.9107251167297363,4.95
18,0.0003333333333333334,5.0,0.9146616458892822,4.95
18,0.0003333333333333334,5.0,0.9187400341033936,4.8500000000000005
18,0.0003333333333333334,5.0,0.9227430820465088,4.91
18,0.0003333333333333334,5.0,0.9267354011535645,4.93
18,0.0003333333333333334,5.0,0.9306566715240479,5.05
18,0.0003333333333333334,5.0,0.93446946144104,5.04
18,0.0003333333333333334,5.0,0.9384129047393799,4.93
18,0.0003333333333333334,5.0,0.9424397945404053,4.97
18,0.0003333333333333334,5.0,0.9467010498046875,5.04
18,0.0003333333333333334,5.0,0.9507222175598145,4.93
18,0.0003333333333333334,5.0,0.954723596572876,5.01
18,0.0003333333333333334,5.0,0.9587306976318359,4.96
18,0.0003333333333333334,5.0,0.9627120494842529,4.97
18,0.0003333333333333334,5.0,0.9664590358734131,5.08
18,0.0003333333333333334,5.0,0.9704523086547852,4.86
18,0.0003333333333333334,5.0,0.9744999408721924,4.98
18,0.0003333333333333334,5.0,0.9786851406097412,4.88
18,0.0003333333333333334,5.0,0.9826831817626953,4.92
18,0.0003333333333333334,5.0,0.9867122173309326,5.09
18,0.0003333333333333334,5.0,0.990725040435791,4.96
18,0.0003333333333333334,5.0,0.994718074798584,4.93
18,0.0003333333333333334,5.0,0.9986722469329834,4.98
18,0.0003333333333333334,5.0,1.0027568340301514,4.99
18,0.0003333333333333334,5.0,1.0067639350891113,4.94
18,0.0003333333333333334,5.0,1.0107686519622803,5.01
18,0.0003333333333333334,5.0,1.0146751403808594,4.99
18,0.0003333333333333334,5.0,1.018766164779663,4.99
18,0.0003333333333333334,5.0,1.0227618217468262,4.99
18,0.0003333333333333334,5.0,1.0267553329467773,4.95
18,0.0003333333333333334,5.0,1.030733346939087,4.89
18,0.0003333333333333334,5.0,1.0347661972045898,4.96
18,0.0003333333333333334,5.0,1.038759469985962,4.99
18,0.0003333333333333334,5.0,1.0427615642547607,5.07
18,0.0003333333333333334,5.0,1.0467674732208252,4.94
18,0.0003333333333333334,5.0,1.0507392883300781,5.03
18,0.0003333333333333334,5.0,1.0547592639923096,5.0
18,0.0003333333333333334,5.0,1.0587365627288818,4.93
18,0.0003333333333333334,5.0,1.062582015991211,5.0200000000000005
18,0.0003333333333333334,5.0,1.0666275024414062,4.95
18,0.0003333333333333334,5.0,1.0704519748687744,4.97
18,0.0003333333333333334,5.0,1.074561357498169,4.99
18,0.0003333333333333334,5.0,1.0786681175231934,5.01
18,0.0003333333333333334,5.0,1.0827124118804932,5.08
18,0.0003333333333333334,5.0,1.086700201034546,4.99
18,0.0003333333333333334,5.0,1.0907113552093506,5.03
18,0.0003333333333333334,5.0,1.094728708267212,4.94
18,0.0003333333333333334,5.0,1.098670244216919,5.04
18,0.0003333333333333334,5.0,1.1027426719665527,5.01
18,0.0003333333333333334,5.0,1.1067349910736084,5.05
18,0.0003333333333333334,5.0,1.1107351779937744,4.99
18,0.0003333333333333334,5.0,1.1145637035369873,5.0200000000000005
18,0.0003333333333333334,5.0,1.1187362670898438,4.97
18,0.0003333333333333334,5.0,1.12276291847229,4.99
18,0.0003333333333333334,5.0,1.1267294883728027,4.95
18,0.0003333333333333334,5.0,1.1307239532470703,4.93
18,0.0003333333333333334,5.0,1.134744644165039,4.94
18,0.0003333333333333334,5.0,1.1387367248535156,5.0
18,0.0003333333333333334,5.0,1.1427340507507324,4.9
18,0.0003333333333333334,5.0,1.1467530727386475,4.99
18,0.0003333333333333334,5.0,1.150731086730957,4.92
18,0.0003333333333333334,5.0,1.1547348499298096,4.95
18,0.0003333333333333334,5.0,1.1587378978729248,4.88
18,0.0003333333333333334,5.0,1.1626207828521729,5.03
18,0.0003333333333333334,5.0,1.1665410995483398,5.07
18,0.0003333333333333334,5.0,1.170414924621582,4.91
18,0.0003333333333333334,5.0,1.1744275093078613,5.04
18,0.0003333333333333334,5.0,1.1786153316497803,4.99
18,0.0003333333333333334,5.0,1.182713508605957,4.94
18,0.0003333333333333334,5.0,1.1866884231567383,5.0
18,0.0003333333333333334,5.0,1.190662145614624,4.99
18,0.0003333333333333334,5.0,1.1946799755096436,4.93
18,0.0003333333333333334,5.0,1.1987740993499756,4.92
18,0.0003333333333333334,5.0,1.2027101516723633,4.95
18,0.0003333333333333334,5.0,1.2067129611968994,5.07
18,0.0003333333333333334,5.0,1.2107605934143066,4.99
18,0.0003333333333333334,5.0,1.2145750522613525,4.94
18,0.0003333333333333334,5.0,1.2183334827423096,4.98
18,0.0003333333333333334,5.0,1.222590446472168,5.04
18,0.0003333333333333334,5.0,1.2265279293060303,5.03
18,0.0003333333333333334,5.0,1.2306513786315918,5.0
18,0.0003333333333333334,5.0,1.2345657348632812,4.95
18,0.0003333333333333334,5.0,1.2385714054107666,5.07
18,0.0003333333333333334,5.0,1.2427103519439697,4.97
18,0.0003333333333333334,5.0,1.2467236518859863,5.05
18,0.0003333333333333334,5.0,1.250730037689209,5.03
18,0.0003333333333333334,5.0,1.2547016143798828,5.03
18,0.0003333333333333334,5.0,1.2587001323699951,5.03
18,0.0003333333333333334,5.0,1.2625854015350342,4.91
18,0.0003333333333333334,5.0,1.2665340900421143,5.12
18,0.0003333333333333334,5.0,1.270392894744873,5.01
18,0.0003333333333333334,5.0,1.274263858795166,4.93
18,0.0003333333333333334,5.0,1.2775499820709229,5.05
18,0.0003333333333333334,5.0,1.2816345691680908,4.94
18,0.0003333333333333334,5.0,1.2856760025024414,5.07
18,0.0003333333333333334,5.0,1.2897019386291504,4.97
18,0.0003333333333333334,5.0,1.2936840057373047,5.01
18,0.0003333333333333334,5.0,1.2977163791656494,4.98
18,0.0003333333333333334,5.0,1.3016483783721924,4.89
18,0.0003333333333333334,5.0,1.3056073188781738,4.9
18,0.0003333333333333334,5.0,1.3097751140594482,4.88
18,0.0003333333333333334,5.0,1.313692569732666,4.96
18,0.0003333333333333334,5.0,1.3177409172058105,4.97
18,0.0003333333333333334,5.0,1.3215546607971191,5.05
18,0.0003333333333333334,5.0,1.3256745338439941,5.01
18,0.0003333333333333334,5.0,1.3297336101531982,5.01
18,0.0003333333333333334,5.0,1.3337347507476807,4.96
18,0.0003333333333333334,5.0,1.3377447128295898,4.94
18,0.0003333333333333334,5.0,1.3417086601257324,4.94
18,0.0003333333333333334,5.0,1.345698595046997,4.91
18,0.0003333333333333334,5.0,1.349738359451294,4.98
18,0.0003333333333333334,5.0,1.3537421226501465,4.98
18,0.0003333333333333334,5.0,1.3577394485473633,5.0
18,0.0003333333333333334,5.0,1.3615715503692627,4.98
18,0.0003333333333333334,5.0,1.36533522605896,5.04
18,0.0003333333333333334,5.0,1.3692395687103271,4.95
18,0.0003333333333333334,5.0,1.3732376098632812,4.96
18,0.0003333333333333334,5.0,1.376225233078003,5.05
18,0.0003333333333333334,5.0,1.379230260848999,4.97
18,0.0003333333333333334,5.0,1.3822431564331055,4.92
18,0.0003333333333333334,5.0,1.3866078853607178,5.0600000000000005
18,0.0003333333333333334,5.0,1.3906476497650146,4.94
18,0.0003333333333333334,5.0,1.3946821689605713,4.87
18,0.0003333333333333334,5.0,1.3986809253692627,5.01
18,0.0003333333333333334,5.0,1.402677297592163,4.96
18,0.0003333333333333334,5.0,1.4066765308380127,5.0200000000000005
18,0.0003333333333333334,5.0,1.4106841087341309,4.93
18,0.0003333333333333334,5.0,1.4144582748413086,5.13
18,0.0003333333333333334,5.0,1.4182617664337158,5.05
18,0.0003333333333333334,5.0,1.4222731590270996,4.98
18,0.0003333333333333334,5.0,1.4266784191131592,4.95
18,0.0003333333333333334,5.0,1.4306917190551758,5.05
18,0.0003333333333333334,5.0,1.4345009326934814,5.01
18,0.0003333333333333334,5.0,1.438385248184204,5.09
18,0.0003333333333333334,5.0,1.4423861503601074,5.04
18,0.0003333333333333334,5.0,1.446645975112915,5.04
18,0.0003333333333333334,5.0,1.450639247894287,5.03
18,0.0003333333333333334,5.0,1.454686164855957,4.92
18,0.0003333333333333334,5.0,1.4587125778198242,4.97
18,0.0003333333333333334,5.0,1.4626765251159668,5.0200000000000005
18,0.0003333333333333334,5.0,1.466639757156372,5.03
18,0.0003333333333333334,5.0,1.470475673675537,4.94
18,0.0003333333333333334,5.0,1.4743475914001465,5.0
18,0.0003333333333333334,5.0,1.4782462120056152,5.0600000000000005
18,0.0003333333333333334,5.0,1.482210636138916,5.03
18,0.0003333333333333334,5.0,1.485349416732788,5.01
18,0.0003333333333333334,5.0,1.4893865585327148,4.96
18,0.0003333333333333334,5.0,1.4934968948364258,4.98
18,0.0003333333333333334,5.0,1.4974768161773682,5.05
19,0.0003333333333333334,7.5,3.0994415283203125e-06,3.86
19,0.0003333333333333334,7.5,0.007721424102783203,3.68
19,0.0003333333333333334,7.5,0.011887788772583008,3.7600000000000002
19,0.0003333333333333334,7.5,0.015685081481933594,3.66
19,0.0003333333333333334,7.5,0.01959061622619629,3.65
19,0.0003333333333333334,7.5,0.023584842681884766,3.7
19,0.0003333333333333334,7.5,0.027561426162719727,3.59
19,0.0003333333333333334,7.5,0.03151512145996094,3.77
19,0.0003333333333333334,7.5,0.035544395446777344,3.74
19,0.0003333333333333334,7.5,0.03964352607727051,3.85
19,0.0003333333333333334,7.5,0.04362297058105469,3.71
19,0.0003333333333333334,7.5,0.047727108001708984,3.67
19,0.0003333333333333334,7.5,0.05168509483337402,3.69
19,0.0003333333333333334,7.5,0.055750131607055664,3.77
19,0.0003333333333333334,7.5,0.059821128845214844,3.75
19,0.0003333333333333334,7.5,0.06382250785827637,3.68
19,0.0003333333333333334,7.5,0.06782722473144531,3.7600000000000002
19,0.0003333333333333334,7.5,0.07182693481445312,3.71
19,0.0003333333333333334,7.5,0.07587838172912598,3.71
19,0.0003333333333333334,7.5,0.07976150512695312,3.72
19,0.0003333333333333334,7.5,0.08365750312805176,3.79
19,0.0003333333333333334,7.5,0.0876927375793457,3.71
19,0.0003333333333333334,7.5,0.09167265892028809,3.7
19,0.0003333333333333334,7.5,0.0956881046295166,3.74
19,0.0003333333333333334,7.5,0.09968209266662598,3.7
19,0.0003333333333333334,7.5,0.10370135307312012,3.77
19,0.0003333333333333334,7.5,0.10747170448303223,3.68
19,0.0003333333333333334,7.5,0.11140775680541992,3.69
19,0.0003333333333333334,7.5,0.11537814140319824,3.72
19,0.0003333333333333334,7.5,0.11937594413757324,3.74
19,0.0003333333333333334,7.5,0.12236428260803223,3.7800000000000002
19,0.0003333333333333334,7.5,0.12537598609924316,3.77
19,0.0003333333333333334,7.5,0.12836718559265137,3.68
19,0.0003333333333333334,7.5,0.13137173652648926,3.7
19,0.0003333333333333334,7.5,0.13468503952026367,3.7800000000000002
19,0.0003333333333333334,7.5,0.13868212699890137,3.7800000000000002
19,0.0003333333333333334,7.5,0.14269471168518066,3.71
19,0.0003333333333333334,7.5,0.14681792259216309,3.69
19,0.0003333333333333334,7.5,0.1508188247680664,3.81
19,0.0003333333333333334,7.5,0.15469670295715332,3.72
19,0.0003333333333333334,7.5,0.1588268280029297,3.72
19,0.0003333333333333334,7.5,0.16278886795043945,3.69
19,0.0003333333333333334,7.5,0.16681671142578125,3.72
19,0.0003333333333333334,7.5,0.1708226203918457,3.74
19,0.0003333333333333334,7.5,0.17475485801696777,3.73
19,0.0003333333333333334,7.5,0.1785755157470703,3.66
19,0.0003333333333333334,7.5,0.18238115310668945,3.77
19,0.0003333333333333334,7.5,0.18636822700500488,3.7
19,0.0003333333333333334,7.5,0.18935942649841309,3.72
19,0.0003333333333333334,7.5,0.1927168369293213,3.71
19,0.0003333333333333334,7.5,0.19682955741882324,3.73
19,0.0003333333333333334,7.5,0.200822114944458,3.77
19,0.0003333333333333334,7.5,0.20471763610839844,3.73
19,0.0003333333333333334,7.5,0.20883464813232422,3.81
19,0.0003333333333333334,7.5,0.21284794807434082,3.79
19,0.0003333333333333334,7.5,0.21668052673339844,3.8200000000000003
19,0.0003333333333333334,7.5,0.2205197811126709,3.7600000000000002
19,0.0003333333333333334,7.5,0.22441339492797852,3.85
19,0.0003333333333333334,7.5,0.22862863540649414,3.71
19,0.0003333333333333334,7.5,0.2328042984008789,3.74
19,0.0003333333333333334,7.5,0.23680710792541504,3.73
19,0.0003333333333333334,7.5,0.2408132553100586,3.74
19,0.0003333333333333334,7.5,0.2448430061340332,3.77
19,0.0003333333333333334,7.5,0.248887300491333,3.7600000000000002
19,0.0003333333333333334,7.5,0.25288963317871094,3.65
19,0.0003333333333333334,7.5,0.25662660598754883,3.8200000000000003
19,0.0003333333333333334,7.5,0.26044416427612305,3.73
19,0.0003333333333333334,7.5,0.26439642906188965,3.88
19,0.0003333333333333334,7.5,0.26877617835998535,3.77
19,0.0003333333333333334,7.5,0.2728545665740967,3.71
19,0.0003333333333333334,7.5,0.2768585681915283,3.73
19,0.0003333333333333334,7.5,0.2808806896209717,3.75
19,0.0003333333333333334,7.5,0.2848634719848633,3.77
19,0.0003333333333333334,7.5,0.28888630867004395,3.73
19,0.0003333333333333334,7.5,0.2928614616394043,3.69
19,0.0003333333333333334,7.5,0.2968766689300537,3.75
19,0.0003333333333333334,7.5,0.3007993698120117,3.68
19,0.0003333333333333334,7.5,0.30475544929504395,3.77
19,0.0003333333333333334,7.5,0.30889296531677246,3.77
19,0.0003333333333333334,7.5,0.31290745735168457,3.71
19,0.0003333333333333334,7.5,0.31679606437683105,3.71
19,0.0003333333333333334,7.5,0.32056570053100586,3.83
19,0.0003333333333333334,7.5,0.32439661026000977,3.75
19,0.0003333333333333334,7.5,0.3285796642303467,3.7600000000000002
19,0.0003333333333333334,7.5,0.3326680660247803,3.73
19,0.0003333333333333334,7.5,0.3367002010345459,3.81
19,0.0003333333333333334,7.5,0.3406994342803955,3.69
19,0.0003333333333333334,7.5,0.3448770046234131,3.81
19,0.0003333333333333334,7.5,0.3488576412200928,3.73
19,0.0003333333333333334,7.5,0.35285520553588867,3.62
19,0.0003333333333333334,7.5,0.3567080497741699,3.73
19,0.0003333333333333334,7.5,0.360886812210083,3.7800000000000002
19,0.0003333333333333334,7.5,0.3647189140319824,3.7600000000000002
19,0.0003333333333333334,7.5,0.36888885498046875,3.67
19,0.0003333333333333334,7.5,0.372849702835083,3.7600000000000002
19,0.0003333333333333334,7.5,0.376861572265625,3.81
19,0.0003333333333333334,7.5,0.3808553218841553,3.72
19,0.0003333333333333334,7.5,0.38487887382507324,3.72
19,0.0003333333333333334,7.5,0.38885974884033203,3.9
19,0.0003333333333333334,7.5,0.39284586906433105,3.77
19,0.0003333333333333334,7.5,0.3968546390533447,3.74
19,0.0003333333333333334,7.5,0.4008595943450928,3.81
19,0.0003333333333333334,7.5,0.4047985076904297,3.71
19,0.0003333333333333334,7.5,0.4088575839996338,3.73
19,0.0003333333333333334,7.5,0.4128255844116211,3.71
19,0.0003333333333333334,7.5,0.4167969226837158,3.72
19,0.0003333333333333334,7.5,0.4206967353820801,3.87
19,0.0003333333333333334,7.5,0.4245419502258301,3.64
19,0.0003333333333333334,7.5,0.4285852909088135,3.7600000000000002
19,0.0003333333333333334,7.5,0.43270206451416016,3.74
19,0.0003333333333333334,7.5,0.4367218017578125,3.74
19,0.0003333333333333334,7.5,0.4407176971435547,3.8200000000000003
19,0.0003333333333333334,7.5,0.4448533058166504,3.77
19,0.0003333333333333334,7.5,0.4488651752471924,3.68
19,0.0003333333333333334,7.5,0.45286083221435547,3.73
19,0.0003333333333333334,7.5,0.4566195011138916,3.7600000000000002
19,0.0003333333333333334,7.5,0.46042776107788086,3.69
19,0.0003333333333333334,7.5,0.46479129791259766,3.7600000000000002
19,0.0003333333333333334,7.5,0.4687025547027588,3.77
19,0.0003333333333333334,7.5,0.47269439697265625,3.74
19,0.0003333333333333334,7.5,0.4766879081726074,3.8000000000000003
19,0.0003333333333333334,7.5,0.4806976318359375,3.73
19,0.0003333333333333334,7.5,0.48482799530029297,3.74
19,0.0003333333333333334,7.5,0.48883724212646484,3.72
19,0.0003333333333333334,7.5,0.49268245697021484,3.7800000000000002
19,0.0003333333333333334,7.5,0.49682068824768066,3.77
19,0.0003333333333333334,7.5,0.5008282661437988,3.81
19,0.0003333333333333334,7.5,0.5086920261383057,3.9
19,0.0003333333333333334,7.5,0.5127696990966797,4.13
19,0.0003333333333333334,7.5,0.5168027877807617,4.32
19,0.0003333333333333334,7.5,0.5206010341644287,4.36
19,0.0003333333333333334,7.5,0.5245110988616943,4.47
19,0.0003333333333333334,7.5,0.5285425186157227,4.5600000000000005
19,0.0003333333333333334,7.5,0.5326993465423584,4.75
19,0.0003333333333333334,7.5,0.536635160446167,4.8100000000000005
19,0.0003333333333333334,7.5,0.540658712387085,4.89
19,0.0003333333333333334,7.5,0.5446922779083252,5.04
19,0.0003333333333333334,7.5,0.5486636161804199,5.0200000000000005
19,0.0003333333333333334,7.5,0.5527303218841553,5.22
19,0.0003333333333333334,7.5,0.5567061901092529,5.29
19,0.0003333333333333334,7.5,0.5608410835266113,5.39
19,0.0003333333333333334,7.5,0.56485915184021,5.6000000000000005
19,0.0003333333333333334,7.5,0.5688571929931641,5.61
19,0.0003333333333333334,7.5,0.5728552341461182,5.69
19,0.0003333333333333334,7.5,0.5768640041351318,5.75
19,0.0003333333333333334,7.5,0.580878496170044,5.83
19,0.0003333333333333334,7.5,0.5848944187164307,5.98
19,0.0003333333333333334,7.5,0.5887854099273682,5.92
19,0.0003333333333333334,7.5,0.5928163528442383,6.08
19,0.0003333333333333334,7.5,0.5967705249786377,6.13
19,0.0003333333333333334,7.5,0.6008245944976807,6.25
19,0.0003333333333333334,7.5,0.6047549247741699,6.23
19,0.0003333333333333334,7.5,0.6088252067565918,6.37
19,0.0003333333333333334,7.5,0.612825870513916,6.3500000000000005
19,0.0003333333333333334,7.5,0.6168258190155029,6.47
19,0.0003333333333333334,7.5,0.620743989944458,6.5200000000000005
19,0.0003333333333333334,7.5,0.6244902610778809,6.55
19,0.0003333333333333334,7.5,0.6286840438842773,6.640000000000001
19,0.0003333333333333334,7.5,0.6328437328338623,6.69
19,0.0003333333333333334,7.5,0.6368248462677002,6.79
19,0.0003333333333333334,7.5,0.6408255100250244,6.78
19,0.0003333333333333334,7.5,0.6447896957397461,6.78
19,0.0003333333333333334,7.5,0.6488573551177979,6.83
19,0.0003333333333333334,7.5,0.6528275012969971,6.8100000000000005
19,0.0003333333333333334,7.5,0.6567587852478027,6.88
19,0.0003333333333333334,7.5,0.6608293056488037,6.95
19,0.0003333333333333334,7.5,0.664825439453125,6.92
19,0.0003333333333333334,7.5,0.6687421798706055,7.0200000000000005
19,0.0003333333333333334,7.5,0.6725740432739258,6.88
19,0.0003333333333333334,7.5,0.6765601634979248,6.96
19,0.0003333333333333334,7.5,0.6805191040039062,7.0600000000000005
19,0.0003333333333333334,7.5,0.684563398361206,7.07
19,0.0003333333333333334,7.5,0.6886441707611084,7.17
19,0.0003333333333333334,7.5,0.6927101612091064,7.1000000000000005
19,0.0003333333333333334,7.5,0.6967012882232666,7.19
19,0.0003333333333333334,7.5,0.700758695602417,7.1000000000000005
19,0.0003333333333333334,7.5,0.704766035079956,7.12
19,0.0003333333333333334,7.5,0.708667516708374,7.18
19,0.0003333333333333334,7.5,0.7126979827880859,7.22
19,0.0003333333333333334,7.5,0.7166726589202881,7.17
19,0.0003333333333333334,7.5,0.7205827236175537,7.25
19,0.0003333333333333334,7.5,0.7245078086853027,7.21
19,0.0003333333333333334,7.5,0.7285544872283936,7.18
19,0.0003333333333333334,7.5,0.7326126098632812,7.23
19,0.0003333333333333334,7.5,0.7366206645965576,7.28
19,0.0003333333333333334,7.5,0.7406444549560547,7.36
19,0.0003333333333333334,7.5,0.7446584701538086,7.25
19,0.0003333333333333334,7.5,0.7487688064575195,7.26
19,0.0003333333333333334,7.5,0.7526719570159912,7.26
19,0.0003333333333333334,7.5,0.756549596786499,7.3
19,0.0003333333333333334,7.5,0.7605414390563965,7.3
19,0.0003333333333333334,7.5,0.7647101879119873,7.37
19,0.0003333333333333334,7.5,0.7687637805938721,7.34
19,0.0003333333333333334,7.5,0.7727406024932861,7.37
19,0.0003333333333333334,7.5,0.7768299579620361,7.3500000000000005
19,0.0003333333333333334,7.5,0.7806804180145264,7.37
19,0.0003333333333333334,7.5,0.7848565578460693,7.32
19,0.0003333333333333334,7.5,0.7888743877410889,7.33
19,0.0003333333333333334,7.5,0.7928745746612549,7.33
19,0.0003333333333333334,7.5,0.7968540191650391,7.390000000000001
19,0.0003333333333333334,7.5,0.8008313179016113,7.37
19,0.0003333333333333334,7.5,0.8048379421234131,7.41
19,0.0003333333333333334,7.5,0.808863639831543,7.36
19,0.0003333333333333334,7.5,0.8128516674041748,7.33
19,0.0003333333333333334,7.5,0.8167176246643066,7.38
19,0.0003333333333333334,7.5,0.8207716941833496,7.390000000000001
19,0.0003333333333333334,7.5,0.8245456218719482,7.43
19,0.0003333333333333334,7.5,0.8285722732543945,7.4
19,0.0003333333333333334,7.5,0.8326759338378906,7.38
19,0.0003333333333333334,7.5,0.8367938995361328,7.390000000000001
19,0.0003333333333333334,7.5,0.8408341407775879,7.44
19,0.0003333333333333334,7.5,0.8447999954223633,7.33
19,0.0003333333333333334,7.5,0.8488006591796875,7.45
19,0.0003333333333333334,7.5,0.8528144359588623,7.45
19,0.0003333333333333334,7.5,0.8566105365753174,7.44
19,0.0003333333333333334,7.5,0.8605728149414062,7.46
19,0.0003333333333333334,7.5,0.8644883632659912,7.43
19,0.0003333333333333334,7.5,0.8686094284057617,7.43
19,0.0003333333333333334,7.5,0.872546911239624,7.5200000000000005
19,0.0003333333333333334,7.5,0.87652587890625,7.54
19,0.0003333333333333334,7.5,0.8806467056274414,7.41
19,0.0003333333333333334,7.5,0.8847007751464844,7.44
19,0.0003333333333333334,7.5,0.8887042999267578,7.43
19,0.0003333333333333334,7.5,0.8927047252655029,7.4
19,0.0003333333333333334,7.5,0.8966996669769287,7.46
19,0.0003333333333333334,7.5,0.9006943702697754,7.43
19,0.0003333333333333334,7.5,0.9047884941101074,7.48
19,0.0003333333333333334,7.5,0.9087259769439697,7.45
19,0.0003333333333333334,7.5,0.9126753807067871,7.4
19,0.0003333333333333334,7.5,0.9166829586029053,7.42
19,0.0003333333333333334,7.5,0.9207124710083008,7.5
19,0.0003333333333333334,7.5,0.9245545864105225,7.48
19,0.0003333333333333334,7.5,0.9285142421722412,7.42
19,0.0003333333333333334,7.5,0.9326930046081543,7.44
19,0.0003333333333333334,7.5,0.9367630481719971,7.54
19,0.0003333333333333334,7.5,0.940791130065918,7.49
19,0.0003333333333333334,7.5,0.9448056221008301,7.45
19,0.0003333333333333334,7.5,0.9487078189849854,7.47
19,0.0003333333333333334,7.5,0.9528350830078125,7.43
19,0.0003333333333333334,7.5,0.9566648006439209,7.5
19,0.0003333333333333334,7.5,0.9607067108154297,7.51
19,0.0003333333333333334,7.5,0.9647033214569092,7.46
19,0.0003333333333333334,7.5,0.968951940536499,7.45
19,0.0003333333333333334,7.5,0.9728691577911377,7.46
19,0.0003333333333333334,7.5,0.9768843650817871,7.46
19,0.0003333333333333334,7.5,0.9808619022369385,7.46
19,0.0003333333333333334,7.5,0.9848799705505371,7.44
19,0.0003333333333333334,7.5,0.9888708591461182,7.51
19,0.0003333333333333334,7.5,0.9928593635559082,7.32
19,0.0003333333333333334,7.5,0.996863842010498,7.47
19,0.0003333333333333334,7.5,1.0008635520935059,7.46
19,0.0003333333333333334,7.5,1.004805326461792,7.46
19,0.0003333333333333334,7.5,1.0087099075317383,7.51
19,0.0003333333333333334,7.5,1.0128436088562012,7.48
19,0.0003333333333333334,7.5,1.0168719291687012,7.48
19,0.0003333333333333334,7.5,1.0208740234375,7.48
19,0.0003333333333333334,7.5,1.0246691703796387,7.5
19,0.0003333333333333334,7.5,1.0285732746124268,7.5
19,0.0003333333333333334,7.5,1.0325634479522705,7.5
19,0.0003333333333333334,7.5,1.0367724895477295,7.57
19,0.0003333333333333334,7.5,1.0408399105072021,7.45
19,0.0003333333333333334,7.5,1.044856071472168,7.45
19,0.0003333333333333334,7.5,1.048809289932251,7.5200000000000005
19,0.0003333333333333334,7.5,1.0528545379638672,7.42
19,0.0003333333333333334,7.5,1.0568230152130127,7.48
19,0.0003333333333333334,7.5,1.0607404708862305,7.46
19,0.0003333333333333334,7.5,1.0648486614227295,7.5
19,0.0003333333333333334,7.5,1.0686357021331787,7.48
19,0.0003333333333333334,7.5,1.072730541229248,7.47
19,0.0003333333333333334,7.5,1.076880931854248,7.47
19,0.0003333333333333334,7.5,1.080707311630249,7.45
19,0.0003333333333333334,7.5,1.0844967365264893,7.49
19,0.0003333333333333334,7.5,1.088594675064087,7.49
19,0.0003333333333333334,7.5,1.0925953388214111,7.48
19,0.0003333333333333334,7.5,1.0965561866760254,7.49
19,0.0003333333333333334,7.5,1.100646734237671,7.44
19,0.0003333333333333334,7.5,1.1047337055206299,7.5
19,0.0003333333333333334,7.5,1.1086630821228027,7.53
19,0.0003333333333333334,7.5,1.1127386093139648,7.58
19,0.0003333333333333334,7.5,1.1166982650756836,7.43
19,0.0003333333333333334,7.5,1.1208343505859375,7.5600000000000005
19,0.0003333333333333334,7.5,1.124629259109497,7.5
19,0.0003333333333333334,7.5,1.1285436153411865,7.48
19,0.0003333333333333334,7.5,1.132599115371704,7.5
19,0.0003333333333333334,7.5,1.1366114616394043,7.49
19,0.0003333333333333334,7.5,1.1406662464141846,7.48
19,0.0003333333333333334,7.5,1.14469575881958,7.5
19,0.0003333333333333334,7.5,1.148803949356079,7.51
19,0.0003333333333333334,7.5,1.152695894241333,7.47
19,0.0003333333333333334,7.5,1.1566689014434814,7.48
19,0.0003333333333333334,7.5,1.1606671810150146,7.5
19,0.0003333333333333334,7.5,1.1646971702575684,7.41
19,0.0003333333333333334,7.5,1.1688323020935059,7.48
19,0.0003333333333333334,7.5,1.1728293895721436,7.44
19,0.0003333333333333334,7.5,1.1766598224639893,7.44
19,0.0003333333333333334,7.5,1.1805672645568848,7.5200000000000005
19,0.0003333333333333334,7.5,1.184661865234375,7.47
19,0.0003333333333333334,7.5,1.1886615753173828,7.49
19,0.0003333333333333334,7.5,1.1926913261413574,7.51
19,0.0003333333333333334,7.5,1.1966195106506348,7.5
19,0.0003333333333333334,7.5,1.2006220817565918,7.47
19,0.0003333333333333334,7.5,1.2046682834625244,7.54
19,0.0003333333333333334,7.5,1.2086656093597412,7.45
19,0.0003333333333333334,7.5,1.2127671241760254,7.48
19,0.0003333333333333334,7.5,1.2167725563049316,7.5
19,0.0003333333333333334,7.5,1.2207684516906738,7.57
19,0.0003333333333333334,7.5,1.2247486114501953,7.5
19,0.0003333333333333334,7.5,1.228517770767212,7.5
19,0.0003333333333333334,7.5,1.2325799465179443,7.5200000000000005
19,0.0003333333333333334,7.5,1.2367186546325684,7.47
19,0.0003333333333333334,7.5,1.240847110748291,7.49
19,0.0003333333333333334,7.5,1.244835615158081,7.5
19,0.0003333333333333334,7.5,1.2488267421722412,7.46
19,0.0003333333333333334,7.5,1.2528338432312012,7.5
19,0.0003333333333333334,7.5,1.2567434310913086,7.5
19,0.0003333333333333334,7.5,1.2607896327972412,7.47
19,0.0003333333333333334,7.5,1.2648675441741943,7.53
19,0.0003333333333333334,7.5,1.2688822746276855,7.48
19,0.0003333333333333334,7.5,1.2728190422058105,7.5
19,0.0003333333333333334,7.5,1.2767910957336426,7.51
19,0.0003333333333333334,7.5,1.280829668045044,7.48
19,0.0003333333333333334,7.5,1.2848029136657715,7.5200000000000005
19,0.0003333333333333334,7.5,1.2887015342712402,7.46
19,0.0003333333333333334,7.5,1.292541742324829,7.5
19,0.0003333333333333334,7.5,1.296677589416504,7.5
19,0.0003333333333333334,7.5,1.300830602645874,7.55
19,0.0003333333333333334,7.5,1.3048560619354248,7.5
19,0.0003333333333333334,7.5,1.3088290691375732,7.45
19,0.0003333333333333334,7.5,1.312713861465454,7.48
19,0.0003333333333333334,7.5,1.3168389797210693,7.51
19,0.0003333333333333334,7.5,1.3208324909210205,7.47
19,0.0003333333333333334,7.5,1.3247761726379395,7.51
19,0.0003333333333333334,7.5,1.3286128044128418,7.44
19,0.0003333333333333334,7.5,1.3325624465942383,7.5
19,0.0003333333333333334,7.5,1.3366117477416992,7.5
19,0.0003333333333333334,7.5,1.3407158851623535,7.54
19,0.0003333333333333334,7.5,1.3447060585021973,7.5
19,0.0003333333333333334,7.5,1.3486998081207275,7.5
19,0.0003333333333333334,7.5,1.35270094871521,7.49
19,0.0003333333333333334,7.5,1.3567404747009277,7.49
19,0.0003333333333333334,7.5,1.3606314659118652,7.5
19,0.0003333333333333334,7.5,1.3647358417510986,7.48
19,0.0003333333333333334,7.5,1.368781328201294,7.48
19,0.0003333333333333334,7.5,1.3726892471313477,7.5
19,0.0003333333333333334,7.5,1.3767869472503662,7.48
19,0.0003333333333333334,7.5,1.3807728290557861,7.5200000000000005
19,0.0003333333333333334,7.5,1.3847770690917969,7.5200000000000005
19,0.0003333333333333334,7.5,1.3887696266174316,7.48
19,0.0003333333333333334,7.5,1.3927788734436035,7.47
19,0.0003333333333333334,7.5,1.3967721462249756,7.5
19,0.0003333333333333334,7.5,1.4007649421691895,7.53
19,0.0003333333333333334,7.5,1.4047393798828125,7.49
19,0.0003333333333333334,7.5,1.408560037612915,7.48
19,0.0003333333333333334,7.5,1.4125840663909912,7.46
19,0.0003333333333333334,7.5,1.4167654514312744,7.49
19,0.0003333333333333334,7.5,1.4207608699798584,7.46
19,0.0003333333333333334,7.5,1.4247324466705322,7.49
19,0.0003333333333333334,7.5,1.428551435470581,7.5600000000000005
19,0.0003333333333333334,7.5,1.4324753284454346,7.53
19,0.0003333333333333334,7.5,1.4366824626922607,7.42
19,0.0003333333333333334,7.5,1.4407422542572021,7.41
19,0.0003333333333333334,7.5,1.4447722434997559,7.47
19,0.0003333333333333334,7.5,1.4486970901489258,7.49
19,0.0003333333333333334,7.5,1.4526340961456299,7.51
19,0.0003333333333333334,7.5,1.4566128253936768,7.43
19,0.0003333333333333334,7.5,1.4606382846832275,7.47
19,0.0003333333333333334,7.5,1.4646055698394775,7.46
19,0.0003333333333333334,7.5,1.4686274528503418,7.47
19,0.0003333333333333334,7.5,1.472625970840454,7.45
19,0.0003333333333333334,7.5,1.4768729209899902,7.49
19,0.0003333333333333334,7.5,1.4807765483856201,7.49
19,0.0003333333333333334,7.5,1.4847512245178223,7.44
19,0.0003333333333333334,7.5,1.4887375831604004,7.51
19,0.0003333333333333334,7.5,1.4927256107330322,7.42
19,0.0003333333333333334,7.5,1.4968335628509521,7.47
20,0.0003333333333333334,10.0,3.0994415283203125e-06,4.86
20,0.0003333333333333334,10.0,0.00784921646118164,5.05
20,0.0003333333333333334,10.0,0.011851310729980469,5.01
20,0.0003333333333333334,10.0,0.015781164169311523,5.1000000000000005
20,0.0003333333333333334,10.0,0.01985025405883789,5.03
20,0.0003333333333333334,10.0,0.023852825164794922,4.96
20,0.0003333333333333334,10.0,0.027848005294799805,4.91
20,0.0003333333333333334,10.0,0.03184962272644043,4.93
20,0.0003333333333333334,10.0,0.03584456443786621,4.99
20,0.0003333333333333334,10.0,0.039843082427978516,4.87
20,0.0003333333333333334,10.0,0.04386591911315918,4.99
20,0.0003333333333333334,10.0,0.047803401947021484,5.05
20,0.0003333333333333334,10.0,0.0518496036529541,5.05
20,0.0003333333333333334,10.0,0.0559537410736084,5.05
20,0.0003333333333333334,10.0,0.059854745864868164,4.91
20,0.0003333333333333334,10.0,0.06385564804077148,5.0200000000000005
20,0.0003333333333333334,10.0,0.06795716285705566,5.0
20,0.0003333333333333334,10.0,0.07188940048217773,5.0
20,0.0003333333333333334,10.0,0.07560849189758301,4.86
20,0.0003333333333333334,10.0,0.07957220077514648,5.03
20,0.0003333333333333334,10.0,0.08376026153564453,4.9
20,0.0003333333333333334,10.0,0.08779716491699219,5.07
20,0.0003333333333333334,10.0,0.09177970886230469,4.86
20,0.0003333333333333334,10.0,0.09578919410705566,5.0600000000000005
20,0.0003333333333333334,10.0,0.0998084545135498,5.17
20,0.0003333333333333334,10.0,0.10371136665344238,4.91
20,0.0003333333333333334,10.0,0.10773515701293945,4.74
20,0.0003333333333333334,10.0,0.11135149002075195,4.95
20,0.0003333333333333334,10.0,0.11441922187805176,5.0
20,0.0003333333333333334,10.0,0.11850142478942871,5.0200000000000005
20,0.0003333333333333334,10.0,0.12239789962768555,5.12
20,0.0003333333333333334,10.0,0.12644457817077637,4.99
20,0.0003333333333333334,10.0,0.13049840927124023,5.01
20,0.0003333333333333334,10.0,0.13436222076416016,4.97
20,0.0003333333333333334,10.0,0.13833856582641602,4.8100000000000005
20,0.0003333333333333334,10.0,0.14154791831970215,4.9
20,0.0003333333333333334,10.0,0.145599365234375,5.04
20,0.0003333333333333334,10.0,0.14962029457092285,5.01
20,0.0003333333333333334,10.0,0.1536240577697754,5.03
20,0.0003333333333333334,10.0,0.15773892402648926,4.88
20,0.0003333333333333334,10.0,0.16172552108764648,5.05
20,0.0003333333333333334,10.0,0.16574668884277344,5.03
20,0.0003333333333333334,10.0,0.1699063777923584,5.08
20,0.0003333333333333334,10.0,0.17382287979125977,5.0600000000000005
20,0.0003333333333333334,10.0,0.17760205268859863,5.05
20,0.0003333333333333334,10.0,0.18173670768737793,4.96
20,0.0003333333333333334,10.0,0.1856372356414795,4.95
20,0.0003333333333333334,10.0,0.18970561027526855,4.88
20,0.0003333333333333334,10.0,0.19370770454406738,5.03
20,0.0003333333333333334,10.0,0.19784975051879883,5.05
20,0.0003333333333333334,10.0,0.20172953605651855,5.05
20,0.0003333333333333334,10.0,0.20572495460510254,4.91
20,0.0003333333333333334,10.0,0.20970487594604492,5.0200000000000005
20,0.0003333333333333334,10.0,0.2137303352355957,5.04
20,0.0003333333333333334,10.0,0.2179715633392334,4.98
20,0.0003333333333333334,10.0,0.2219257354736328,5.04
20,0.0003333333333333334,10.0,0.2259232997894287,5.0200000000000005
20,0.0003333333333333334,10.0,0.22990775108337402,4.94
20,0.0003333333333333334,10.0,0.23393511772155762,4.93
20,0.0003333333333333334,10.0,0.23790740966796875,5.16
20,0.0003333333333333334,10.0,0.24193668365478516,5.07
20,0.0003333333333333334,10.0,0.2459104061126709,5.12
20,0.0003333333333333334,10.0,0.24990558624267578,4.91
20,0.0003333333333333334,10.0,0.2539074420928955,4.96
20,0.0003333333333333334,10.0,0.25791072845458984,5.0200000000000005
20,0.0003333333333333334,10.0,0.26184844970703125,4.97
20,0.0003333333333333334,10.0,0.2658812999725342,5.01
20,0.0003333333333333334,10.0,0.26990628242492676,4.98
20,0.0003333333333333334,10.0,0.2738518714904785,5.03
20,0.0003333333333333334,10.0,0.2776942253112793,5.1000000000000005
20,0.0003333333333333334,10.0,0.2816166877746582,5.09
20,0.0003333333333333334,10.0,0.2856266498565674,4.98
20,0.0003333333333333334,10.0,0.2897372245788574,5.0
20,0.0003333333333333334,10.0,0.2935154438018799,5.1000000000000005
20,0.0003333333333333334,10.0,0.29738378524780273,4.92
20,0.0003333333333333334,10.0,0.301527738571167,4.95
20,0.0003333333333333334,10.0,0.30549049377441406,4.97
20,0.0003333333333333334,10.0,0.3095405101776123,5.07
20,0.0003333333333333334,10.0,0.31360626220703125,4.86
20,0.0003333333333333334,10.0,0.31763339042663574,5.01
20,0.0003333333333333334,10.0,0.32163047790527344,5.03
20,0.0003333333333333334,10.0,0.325603723526001,5.1000000000000005
20,0.0003333333333333334,10.0,0.329632043838501,4.93
20,0.0003333333333333334,10.0,0.3339264392852783,5.0200000000000005
20,0.0003333333333333334,10.0,0.3378598690032959,4.99
20,0.0003333333333333334,10.0,0.34187936782836914,4.97
20,0.0003333333333333334,10.0,0.3458530902862549,4.96
20,0.0003333333333333334,10.0,0.3498702049255371,5.08
20,0.0003333333333333334,10.0,0.3538792133331299,5.0200000000000005
20,0.0003333333333333334,10.0,0.3578789234161377,5.12
20,0.0003333333333333334,10.0,0.3618319034576416,4.84
20,0.0003333333333333334,10.0,0.36586451530456543,5.04
20,0.0003333333333333334,10.0,0.36988258361816406,4.99
20,0.0003333333333333334,10.0,0.3738722801208496,4.88
20,0.0003333333333333334,10.0,0.37766122817993164,5.0
20,0.0003333333333333334,10.0,0.38147950172424316,5.01
20,0.0003333333333333334,10.0,0.3857767581939697,5.08
20,0.0003333333333333334,10.0,0.3898031711578369,5.03
20,0.0003333333333333334,10.0,0.39384913444519043,4.98
20,0.0003333333333333334,10.0,0.39785194396972656,4.94
20,0.0003333333333333334,10.0,0.40175700187683105,5.12
20,0.0003333333333333334,10.0,0.40589284896850586,4.96
20,0.0003333333333333334,10.0,0.4098982810974121,4.97
20,0.0003333333333333334,10.0,0.4138920307159424,5.08
20,0.0003333333333333334,10.0,0.41788315773010254,5.01
20,0.0003333333333333334,10.0,0.42183589935302734,4.97
20,0.0003333333333333334,10.0,0.4255962371826172,4.91
20,0.0003333333333333334,10.0,0.4296116828918457,5.03
20,0.0003333333333333334,10.0,0.43373751640319824,4.98
20,0.0003333333333333334,10.0,0.4377162456512451,4.96
20,0.0003333333333333334,10.0,0.441727876663208,5.03
20,0.0003333333333333334,10.0,0.4457359313964844,5.0600000000000005
20,0.0003333333333333334,10.0,0.4497382640838623,4.98
20,0.0003333333333333334,10.0,0.45375704765319824,4.92
20,0.0003333333333333334,10.0,0.4577629566192627,4.96
20,0.0003333333333333334,10.0,0.4618852138519287,5.03
20,0.0003333333333333334,10.0,0.46589183807373047,4.98
20,0.0003333333333333334,10.0,0.4699132442474365,4.97
20,0.0003333333333333334,10.0,0.473919153213501,4.84
20,0.0003333333333333334,10.0,0.47782063484191895,5.09
20,0.0003333333333333334,10.0,0.4815864562988281,5.11
20,0.0003333333333333334,10.0,0.4856100082397461,5.07
20,0.0003333333333333334,10.0,0.48979997634887695,4.89
20,0.0003333333333333334,10.0,0.49390220642089844,4.99
20,0.0003333333333333334,10.0,0.4978446960449219,5.11
20,0.0003333333333333334,10.0,0.5018830299377441,5.0
20,0.0003333333333333334,10.0,0.5099146366119385,5.29
20,0.0003333333333333334,10.0,0.5139033794403076,5.4
20,0.0003333333333333334,10.0,0.5179064273834229,5.48
20,0.0003333333333333334,10.0,0.5219452381134033,5.8100000000000005
20,0.0003333333333333334,10.0,0.5259072780609131,6.0
20,0.0003333333333333334,10.0,0.5299324989318848,6.11
20,0.0003333333333333334,10.0,0.5338873863220215,6.2700000000000005
20,0.0003333333333333334,10.0,0.5378899574279785,6.47
20,0.0003333333333333334,10.0,0.5418975353240967,6.69
20,0.0003333333333333334,10.0,0.5458908081054688,6.8500000000000005
20,0.0003333333333333334,10.0,0.5499348640441895,6.9
20,0.0003333333333333334,10.0,0.5538992881774902,7.0600000000000005
20,0.0003333333333333334,10.0,0.5578587055206299,7.18
20,0.0003333333333333334,10.0,0.5618922710418701,7.2700000000000005
20,0.0003333333333333334,10.0,0.5658748149871826,7.4
20,0.0003333333333333334,10.0,0.5698943138122559,7.49
20,0.0003333333333333334,10.0,0.5738859176635742,7.62
20,0.0003333333333333334,10.0,0.5778481960296631,7.7
20,0.0003333333333333334,10.0,0.5816977024078369,7.71
20,0.0003333333333333334,10.0,0.5856263637542725,7.83
20,0.0003333333333333334,10.0,0.5896339416503906,7.94
20,0.0003333333333333334,10.0,0.5937013626098633,7.96
20,0.0003333333333333334,10.0,0.5977301597595215,8.06
20,0.0003333333333333334,10.0,0.6017425060272217,8.14
20,0.0003333333333333334,10.0,0.6057305335998535,8.23
20,0.0003333333333333334,10.0,0.6098864078521729,8.24
20,0.0003333333333333334,10.0,0.6138818264007568,8.33
20,0.0003333333333333334,10.0,0.617896318435669,8.4
20,0.0003333333333333334,10.0,0.6218757629394531,8.42
20,0.0003333333333333334,10.0,0.6258881092071533,8.43
20,0.0003333333333333334,10.0,0.6298918724060059,8.47
20,0.0003333333333333334,10.0,0.633887529373169,8.540000000000001
20,0.0003333333333333334,10.0,0.6378779411315918,8.620000000000001
20,0.0003333333333333334,10.0,0.6418840885162354,8.61
20,0.0003333333333333334,10.0,0.6458723545074463,8.67
20,0.0003333333333333334,10.0,0.6498677730560303,8.68
20,0.0003333333333333334,10.0,0.6538698673248291,8.67
20,0.0003333333333333334,10.0,0.6578583717346191,8.76
20,0.0003333333333333334,10.0,0.6618738174438477,8.85
20,0.0003333333333333334,10.0,0.6658492088317871,8.82
20,0.0003333333333333334,10.0,0.6698381900787354,8.83
20,0.0003333333333333334,10.0,0.6738631725311279,8.870000000000001
20,0.0003333333333333334,10.0,0.6778678894042969,8.9
20,0.0003333333333333334,10.0,0.681633472442627,8.96
20,0.0003333333333333334,10.0,0.6855559349060059,9.02
20,0.0003333333333333334,10.0,0.6895723342895508,8.950000000000001
20,0.0003333333333333334,10.0,0.6937031745910645,9.0
20,0.0003333333333333334,10.0,0.6978332996368408,9.01
20,0.0003333333333333334,10.0,0.7017452716827393,9.0
20,0.0003333333333333334,10.0,0.705723762512207,9.05
20,0.0003333333333333334,10.0,0.709723949432373,8.96
20,0.0003333333333333334,10.0,0.7137055397033691,9.120000000000001
20,0.0003333333333333334,10.0,0.7177126407623291,9.14
20,0.0003333333333333334,10.0,0.7216362953186035,9.16
20,0.0003333333333333334,10.0,0.7256653308868408,9.15
20,0.0003333333333333334,10.0,0.7298381328582764,9.31
20,0.0003333333333333334,10.0,0.7338640689849854,9.08
20,0.0003333333333333334,10.0,0.7378358840942383,9.17
20,0.0003333333333333334,10.0,0.7418794631958008,9.22
20,0.0003333333333333334,10.0,0.7458889484405518,9.35
20,0.0003333333333333334,10.0,0.7499010562896729,9.21
20,0.0003333333333333334,10.0,0.753894567489624,9.32
20,0.0003333333333333334,10.0,0.7578623294830322,9.370000000000001
20,0.0003333333333333334,10.0,0.7618334293365479,9.32
20,0.0003333333333333334,10.0,0.7658286094665527,9.34
20,0.0003333333333333334,10.0,0.7698118686676025,9.370000000000001
20,0.0003333333333333334,10.0,0.7738213539123535,9.52
20,0.0003333333333333334,10.0,0.7778213024139404,9.22
20,0.0003333333333333334,10.0,0.7816286087036133,9.33
20,0.0003333333333333334,10.0,0.7854225635528564,9.46
20,0.0003333333333333334,10.0,0.7896618843078613,9.55
20,0.0003333333333333334,10.0,0.7937424182891846,9.53
20,0.0003333333333333334,10.0,0.797675371170044,9.33
20,0.0003333333333333334,10.0,0.801668643951416,9.55
20,0.0003333333333333334,10.0,0.8057196140289307,9.52
20,0.0003333333333333334,10.0,0.8098275661468506,9.43
20,0.0003333333333333334,10.0,0.813800573348999,9.57
20,0.0003333333333333334,10.0,0.8178167343139648,9.51
20,0.0003333333333333334,10.0,0.8218145370483398,9.540000000000001
20,0.0003333333333333334,10.0,0.8257970809936523,9.61
20,0.0003333333333333334,10.0,0.829796314239502,9.66
20,0.0003333333333333334,10.0,0.833787202835083,9.700000000000001
20,0.0003333333333333334,10.0,0.8377869129180908,9.59
20,0.0003333333333333334,10.0,0.8417842388153076,9.67
20,0.0003333333333333334,10.0,0.8457882404327393,9.73
20,0.0003333333333333334,10.0,0.8496208190917969,9.71
20,0.0003333333333333334,10.0,0.8536326885223389,9.63
20,0.0003333333333333334,10.0,0.8577923774719238,9.81
20,0.0003333333333333334,10.0,0.8617863655090332,9.78
20,0.0003333333333333334,10.0,0.865786075592041,9.76
20,0.0003333333333333334,10.0,0.8697853088378906,9.74
20,0.0003333333333333334,10.0,0.8737950325012207,9.790000000000001
20,0.0003333333333333334,10.0,0.8778154850006104,9.57
20,0.0003333333333333334,10.0,0.8817243576049805,9.68
20,0.0003333333333333334,10.0,0.8855400085449219,9.78
20,0.0003333333333333334,10.0,0.889620304107666,9.76
20,0.0003333333333333334,10.0,0.8936693668365479,9.77
20,0.0003333333333333334,10.0,0.8977811336517334,9.53
20,0.0003333333333333334,10.0,0.9017496109008789,9.67
20,0.0003333333333333334,10.0,0.9056510925292969,9.75
20,0.0003333333333333334,10.0,0.9096584320068359,9.73
20,0.0003333333333333334,10.0,0.9137921333312988,9.92
20,0.0003333333333333334,10.0,0.9177844524383545,9.83
20,0.0003333333333333334,10.0,0.9217777252197266,9.68
20,0.0003333333333333334,10.0,0.9256148338317871,9.82
20,0.0003333333333333334,10.0,0.9294583797454834,9.72
20,0.0003333333333333334,10.0,0.933474063873291,9.98
20,0.0003333333333333334,10.0,0.9375832080841064,9.91
20,0.0003333333333333334,10.0,0.9416851997375488,9.870000000000001
20,0.0003333333333333334,10.0,0.945622444152832,9.86
20,0.0003333333333333334,10.0,0.9496273994445801,9.8
20,0.0003333333333333334,10.0,0.9536130428314209,9.790000000000001
20,0.0003333333333333334,10.0,0.9576244354248047,10.08
20,0.0003333333333333334,10.0,0.9616549015045166,10.0
20,0.0003333333333333334,10.0,0.9657635688781738,9.9
20,0.0003333333333333334,10.0,0.9697680473327637,9.93
20,0.0003333333333333334,10.0,0.973705530166626,9.9
20,0.0003333333333333334,10.0,0.9777107238769531,9.85
20,0.0003333333333333334,10.0,0.9817538261413574,9.91
20,0.0003333333333333334,10.0,0.9855263233184814,9.73
20,0.0003333333333333334,10.0,0.9894771575927734,9.92
20,0.0003333333333333334,10.0,0.9935016632080078,9.76
20,0.0003333333333333334,10.0,0.9976561069488525,9.790000000000001
20,0.0003333333333333334,10.0,1.0016539096832275,9.94
20,0.0003333333333333334,10.0,1.0056672096252441,9.9
20,0.0003333333333333334,10.0,1.0096595287322998,9.97
20,0.0003333333333333334,10.0,1.0137889385223389,9.9
20,0.0003333333333333334,10.0,1.0177819728851318,9.93
20,0.0003333333333333334,10.0,1.021785020828247,9.93
20,0.0003333333333333334,10.0,1.0257933139801025,9.99
20,0.0003333333333333334,10.0,1.0297904014587402,9.78
20,0.0003333333333333334,10.0,1.0337855815887451,9.88
20,0.0003333333333333334,10.0,1.037787914276123,9.950000000000001
20,0.0003333333333333334,10.0,1.0417873859405518,9.75
20,0.0003333333333333334,10.0,1.0457959175109863,9.97
20,0.0003333333333333334,10.0,1.0496211051940918,10.06
20,0.0003333333333333334,10.0,1.0537822246551514,10.0
20,0.0003333333333333334,10.0,1.057790994644165,9.91
20,0.0003333333333333334,10.0,1.061795949935913,10.03
20,0.0003333333333333334,10.0,1.0657856464385986,10.0
20,0.0003333333333333334,10.0,1.0697557926177979,9.9
20,0.0003333333333333334,10.0,1.0737340450286865,9.9
20,0.0003333333333333334,10.0,1.0777876377105713,10.08
20,0.0003333333333333334,10.0,1.0818026065826416,9.88
20,0.0003333333333333334,10.0,1.0856099128723145,9.93
20,0.0003333333333333334,10.0,1.0894949436187744,9.88
20,0.0003333333333333334,10.0,1.0934956073760986,10.08
20,0.0003333333333333334,10.0,1.0977599620819092,9.96
20,0.0003333333333333334,10.0,1.1017577648162842,9.950000000000001
20,0.0003333333333333334,10.0,1.1056289672851562,9.99
20,0.0003333333333333334,10.0,1.1096227169036865,9.94
20,0.0003333333333333334,10.0,1.1137678623199463,10.040000000000001
20,0.0003333333333333334,10.0,1.1177189350128174,10.040000000000001
20,0.0003333333333333334,10.0,1.1215527057647705,9.94
20,0.0003333333333333334,10.0,1.1255137920379639,10.01
20,0.0003333333333333334,10.0,1.1296460628509521,10.11
20,0.0003333333333333334,10.0,1.1337525844573975,9.91
20,0.0003333333333333334,10.0,1.137739896774292,9.75
20,0.0003333333333333334,10.0,1.1417644023895264,9.78
20,0.0003333333333333334,10.0,1.1457619667053223,10.03
20,0.0003333333333333334,10.0,1.149625301361084,9.870000000000001
20,0.0003333333333333334,10.0,1.1537120342254639,9.870000000000001
20,0.0003333333333333334,10.0,1.1577284336090088,10.0
20,0.0003333333333333334,10.0,1.1617605686187744,10.040000000000001
20,0.0003333333333333334,10.0,1.165773630142212,10.0
20,0.0003333333333333334,10.0,1.169755458831787,9.98
20,0.0003333333333333334,10.0,1.1737840175628662,9.93
20,0.0003333333333333334,10.0,1.177765130996704,9.85
20,0.0003333333333333334,10.0,1.1817710399627686,9.94
20,0.0003333333333333334,10.0,1.1856865882873535,10.09
20,0.0003333333333333334,10.0,1.189516305923462,9.94
20,0.0003333333333333334,10.0,1.1936068534851074,10.05
20,0.0003333333333333334,10.0,1.1976532936096191,10.05
20,0.0003333333333333334,10.0,1.2017641067504883,9.88
20,0.0003333333333333334,10.0,1.2057700157165527,9.86
20,0.0003333333333333334,10.0,1.2097432613372803,10.08
20,0.0003333333333333334,10.0,1.2137444019317627,9.91
20,0.0003333333333333334,10.0,1.217775583267212,10.01
20,0.0003333333333333334,10.0,1.2217726707458496,10.02
20,0.0003333333333333334,10.0,1.2257370948791504,10.040000000000001
20,0.0003333333333333334,10.0,1.2297420501708984,9.96
20,0.0003333333333333334,10.0,1.2337455749511719,10.02
20,0.0003333333333333334,10.0,1.237741470336914,10.0
20,0.0003333333333333334,10.0,1.2417523860931396,9.88
20,0.0003333333333333334,10.0,1.245802879333496,10.07
20,0.0003333333333333334,10.0,1.2495841979980469,9.96
20,0.0003333333333333334,10.0,1.2533912658691406,9.97
20,0.0003333333333333334,10.0,1.257382869720459,9.99
20,0.0003333333333333334,10.0,1.261800765991211,10.14
20,0.0003333333333333334,10.0,1.2657907009124756,10.0
20,0.0003333333333333334,10.0,1.2697858810424805,9.86
20,0.0003333333333333334,10.0,1.2737886905670166,10.0
20,0.0003333333333333334,10.0,1.2777345180511475,9.77
20,0.0003333333333333334,10.0,1.2817721366882324,10.02
20,0.0003333333333333334,10.0,1.2856988906860352,9.98
20,0.0003333333333333334,10.0,1.289480209350586,10.02
20,0.0003333333333333334,10.0,1.2935667037963867,9.98
20,0.0003333333333333334,10.0,1.297555923461914,9.88
20,0.0003333333333333334,10.0,1.30149507522583,10.02
20,0.0003333333333333334,10.0,1.3054978847503662,9.94
20,0.0003333333333333334,10.0,1.309563159942627,10.1
20,0.0003333333333333334,10.0,1.313572645187378,10.02
20,0.0003333333333333334,10.0,1.3176190853118896,10.02
20,0.0003333333333333334,10.0,1.3216183185577393,9.8
20,0.0003333333333333334,10.0,1.3256187438964844,9.82
20,0.0003333333333333334,10.0,1.3296093940734863,9.88
20,0.0003333333333333334,10.0,1.3336632251739502,10.02
20,0.0003333333333333334,10.0,1.3376379013061523,9.96
20,0.0003333333333333334,10.0,1.3416378498077393,10.03
20,0.0003333333333333334,10.0,1.3456416130065918,9.99
20,0.0003333333333333334,10.0,1.349609613418579,9.78
20,0.0003333333333333334,10.0,1.3536193370819092,10.0
20,0.0003333333333333334,10.0,1.3576381206512451,9.89
20,0.0003333333333333334,10.0,1.3616511821746826,10.01
20,0.0003333333333333334,10.0,1.3657665252685547,9.98
20,0.0003333333333333334,10.0,1.3697805404663086,10.03
20,0.0003333333333333334,10.0,1.3737614154815674,9.85
20,0.0003333333333333334,10.0,1.377763271331787,9.92
20,0.0003333333333333334,10.0,1.3817498683929443,10.08
20,0.0003333333333333334,10.0,1.3857917785644531,10.120000000000001
20,0.0003333333333333334,10.0,1.3895831108093262,10.120000000000001
20,0.0003333333333333334,10.0,1.3934822082519531,9.91
20,0.0003333333333333334,10.0,1.397550344467163,9.870000000000001
20,0.0003333333333333334,10.0,1.4015746116638184,9.94
20,0.0003333333333333334,10.0,1.4056119918823242,10.13
20,0.0003333333333333334,10.0,1.4097070693969727,9.9
20,0.0003333333333333334,10.0,1.413738489151001,9.98
20,0.0003333333333333334,10.0,1.4177415370941162,9.88
20,0.0003333333333333334,10.0,1.4217352867126465,9.870000000000001
20,0.0003333333333333334,10.0,1.4255402088165283,9.94
20,0.0003333333333333334,10.0,1.4294419288635254,10.01
20,0.0003333333333333334,10.0,1.4334490299224854,9.97
20,0.0003333333333333334,10.0,1.437697172164917,9.89
20,0.0003333333333333334,10.0,1.4417142868041992,9.94
20,0.0003333333333333334,10.0,1.445755958557129,9.94
20,0.0003333333333333334,10.0,1.4495413303375244,10.13
20,0.0003333333333333334,10.0,1.453568935394287,9.86
20,0.0003333333333333334,10.0,1.457632064819336,9.97
20,0.0003333333333333334,10.0,1.4617388248443604,10.05
20,0.0003333333333333334,10.0,1.4657907485961914,9.98
20,0.0003333333333333334,10.0,1.4697320461273193,9.99
20,0.0003333333333333334,10.0,1.473740816116333,9.99
20,0.0003333333333333334,10.0,1.4777710437774658,10.02
20,0.0003333333333333334,10.0,1.4817628860473633,9.98
20,0.0003333333333333334,10.0,1.485713005065918,10.0
20,0.0003333333333333334,10.0,1.4896912574768066,9.870000000000001
20,0.0003333333333333334,10.0,1.4935128688812256,10.0
20,0.0003333333333333334,10.0,1.4974822998046875,10.05
21,0.00035555555555555557,5.0,3.0994415283203125e-06,2.54
21,0.00035555555555555557,5.0,0.007741689682006836,2.5300000000000002
21,0.00035555555555555557,5.0,0.011810064315795898,2.52
21,0.00035555555555555557,5.0,0.015744686126708984,2.5300000000000002
21,0.00035555555555555557,5.0,0.019791841506958008,2.5
21,0.00035555555555555557,5.0,0.023784875869750977,2.49
21,0.00035555555555555557,5.0,0.027754783630371094,2.48
21,0.00035555555555555557,5.0,0.03165102005004883,2.49
21,0.00035555555555555557,5.0,0.03556108474731445,2.47
21,0.00035555555555555557,5.0,0.039487600326538086,2.52
21,0.00035555555555555557,5.0,0.043547630310058594,2.5
21,0.00035555555555555557,5.0,0.04754018783569336,2.5
21,0.00035555555555555557,5.0,0.051653385162353516,2.48
21,0.00035555555555555557,5.0,0.05565953254699707,2.54
21,0.00035555555555555557,5.0,0.059673309326171875,2.5
21,0.00035555555555555557,5.0,0.06377625465393066,2.5
21,0.00035555555555555557,5.0,0.0677638053894043,2.5300000000000002
21,0.00035555555555555557,5.0,0.0716695785522461,2.48
21,0.00035555555555555557,5.0,0.07587003707885742,2.47
21,0.00035555555555555557,5.0,0.07985734939575195,2.49
21,0.00035555555555555557,5.0,0.08387374877929688,2.52
21,0.00035555555555555557,5.0,0.08783197402954102,2.5
21,0.00035555555555555557,5.0,0.09168887138366699,2.49
21,0.00035555555555555557,5.0,0.09586215019226074,2.47
21,0.00035555555555555557,5.0,0.09986400604248047,2.45
21,0.00035555555555555557,5.0,0.10383367538452148,2.45
21,0.00035555555555555557,5.0,0.1078636646270752,2.47
21,0.00035555555555555557,5.0,0.1118617057800293,2.49
21,0.00035555555555555557,5.0,0.11582112312316895,2.49
21,0.00035555555555555557,5.0,0.11984705924987793,2.49
21,0.00035555555555555557,5.0,0.12384629249572754,2.5100000000000002
21,0.00035555555555555557,5.0,0.12784314155578613,2.5300000000000002
21,0.00035555555555555557,5.0,0.13192415237426758,2.5100000000000002
21,0.00035555555555555557,5.0,0.13558530807495117,2.48
21,0.00035555555555555557,5.0,0.13956427574157715,2.47
21,0.00035555555555555557,5.0,0.14357447624206543,2.48
21,0.00035555555555555557,5.0,0.14763283729553223,2.5100000000000002
21,0.00035555555555555557,5.0,0.15169858932495117,2.45
21,0.00035555555555555557,5.0,0.1557013988494873,2.52
21,0.00035555555555555557,5.0,0.1597130298614502,2.5
21,0.00035555555555555557,5.0,0.1638197898864746,2.5300000000000002
21,0.00035555555555555557,5.0,0.1674492359161377,2.48
21,0.00035555555555555557,5.0,0.17145705223083496,2.5
21,0.00035555555555555557,5.0,0.17553448677062988,2.5100000000000002
21,0.00035555555555555557,5.0,0.17961382865905762,2.48
21,0.00035555555555555557,5.0,0.18364810943603516,2.5
21,0.00035555555555555557,5.0,0.18756556510925293,2.5
21,0.00035555555555555557,5.0,0.19166040420532227,2.5
21,0.00035555555555555557,5.0,0.19562530517578125,2.48
21,0.00035555555555555557,5.0,0.19974255561828613,2.5
21,0.00035555555555555557,5.0,0.20383501052856445,2.48
21,0.00035555555555555557,5.0,0.20769739151000977,2.5500000000000003
21,0.00035555555555555557,5.0,0.21175098419189453,2.5100000000000002
21,0.00035555555555555557,5.0,0.21572184562683105,2.5
21,0.00035555555555555557,5.0,0.21975111961364746,2.5
21,0.00035555555555555557,5.0,0.22378134727478027,2.52
21,0.00035555555555555557,5.0,0.22777557373046875,2.49
21,0.00035555555555555557,5.0,0.23176074028015137,2.52
21,0.00035555555555555557,5.0,0.2356259822845459,2.5100000000000002
21,0.00035555555555555557,5.0,0.23949646949768066,2.5
21,0.00035555555555555557,5.0,0.24350714683532715,2.49
21,0.00035555555555555557,5.0,0.24761700630187988,2.46
21,0.00035555555555555557,5.0,0.25176382064819336,2.46
21,0.00035555555555555557,5.0,0.25579357147216797,2.47
21,0.00035555555555555557,5.0,0.2597923278808594,2.43
21,0.00035555555555555557,5.0,0.2637898921966553,2.49
21,0.00035555555555555557,5.0,0.2679321765899658,2.52
21,0.00035555555555555557,5.0,0.2718636989593506,2.52
21,0.00035555555555555557,5.0,0.2758662700653076,2.49
21,0.00035555555555555557,5.0,0.2798583507537842,2.5100000000000002
21,0.00035555555555555557,5.0,0.2838582992553711,2.49
21,0.00035555555555555557,5.0,0.28778719902038574,2.48
21,0.00035555555555555557,5.0,0.2916839122772217,2.49
21,0.00035555555555555557,5.0,0.29587864875793457,2.44
21,0.00035555555555555557,5.0,0.2998671531677246,2.5100000000000002
21,0.00035555555555555557,5.0,0.30384111404418945,2.46
21,0.00035555555555555557,5.0,0.30785679817199707,2.48
21,0.00035555555555555557,5.0,0.3118760585784912,2.52
21,0.00035555555555555557,5.0,0.3158540725708008,2.42
21,0.00035555555555555557,5.0,0.31985020637512207,2.5
21,0.00035555555555555557,5.0,0.32384467124938965,2.5100000000000002
21,0.00035555555555555557,5.0,0.32784223556518555,2.5
21,0.00035555555555555557,5.0,0.33185839653015137,2.54
21,0.00035555555555555557,5.0,0.335735559463501,2.5100000000000002
21,0.00035555555555555557,5.0,0.3394937515258789,2.44
21,0.00035555555555555557,5.0,0.34348297119140625,2.54
21,0.00035555555555555557,5.0,0.3477141857147217,2.48
21,0.00035555555555555557,5.0,0.35167670249938965,2.49
21,0.00035555555555555557,5.0,0.3556056022644043,2.48
21,0.00035555555555555557,5.0,0.3595914840698242,2.44
21,0.00035555555555555557,5.0,0.36374473571777344,2.5100000000000002
21,0.00035555555555555557,5.0,0.3676033020019531,2.47
21,0.00035555555555555557,5.0,0.3714592456817627,2.5
21,0.00035555555555555557,5.0,0.3753542900085449,2.5100000000000002
21,0.00035555555555555557,5.0,0.37928032875061035,2.49
21,0.00035555555555555557,5.0,0.38353776931762695,2.47
21,0.00035555555555555557,5.0,0.38753390312194824,2.5300000000000002
21,0.00035555555555555557,5.0,0.3915843963623047,2.54
21,0.00035555555555555557,5.0,0.395463228225708,2.5
21,0.00035555555555555557,5.0,0.39949727058410645,2.42
21,0.00035555555555555557,5.0,0.4037039279937744,2.5100000000000002
21,0.00035555555555555557,5.0,0.4075777530670166,2.49
21,0.00035555555555555557,5.0,0.411684513092041,2.5
21,0.00035555555555555557,5.0,0.4156985282897949,2.5
21,0.00035555555555555557,5.0,0.41973376274108887,2.49
21,0.00035555555555555557,5.0,0.4237487316131592,2.45
21,0.00035555555555555557,5.0,0.4277341365814209,2.52
21,0.00035555555555555557,5.0,0.43174242973327637,2.5100000000000002
21,0.00035555555555555557,5.0,0.43567943572998047,2.5
21,0.00035555555555555557,5.0,0.4395029544830322,2.48
21,0.00035555555555555557,5.0,0.443392276763916,2.5300000000000002
21,0.00035555555555555557,5.0,0.4474821090698242,2.52
21,0.00035555555555555557,5.0,0.451643705368042,2.54
21,0.00035555555555555557,5.0,0.455733060836792,2.49
21,0.00035555555555555557,5.0,0.45975208282470703,2.47
21,0.00035555555555555557,5.0,0.46373701095581055,2.52
21,0.00035555555555555557,5.0,0.46773195266723633,2.5100000000000002
21,0.00035555555555555557,5.0,0.471726655960083,2.5100000000000002
21,0.00035555555555555557,5.0,0.47572898864746094,2.48
21,0.00035555555555555557,5.0,0.47977328300476074,2.49
21,0.00035555555555555557,5.0,0.48377013206481934,2.48
21,0.00035555555555555557,5.0,0.48774194717407227,2.5
21,0.00035555555555555557,5.0,0.4917430877685547,2.48
21,0.00035555555555555557,5.0,0.49576354026794434,2.49
21,0.00035555555555555557,5.0,0.49976611137390137,2.48
21,0.00035555555555555557,5.0,0.5037295818328857,2.5
21,0.00035555555555555557,5.0,0.5117669105529785,2.65
21,0.00035555555555555557,5.0,0.5157771110534668,2.72
21,0.00035555555555555557,5.0,0.5197522640228271,2.85
21,0.00035555555555555557,5.0,0.5236461162567139,2.89
21,0.00035555555555555557,5.0,0.5275242328643799,2.99
21,0.00035555555555555557,5.0,0.5314288139343262,3.1
21,0.00035555555555555557,5.0,0.5356378555297852,3.11
21,0.00035555555555555557,5.0,0.5393059253692627,3.24
21,0.00035555555555555557,5.0,0.5435733795166016,3.29
21,0.00035555555555555557,5.0,0.5474231243133545,3.3200000000000003
21,0.00035555555555555557,5.0,0.5513637065887451,3.4
21,0.00035555555555555557,5.0,0.555340051651001,3.45
21,0.00035555555555555557,5.0,0.5595564842224121,3.5300000000000002
21,0.00035555555555555557,5.0,0.5637073516845703,3.56
21,0.00035555555555555557,5.0,0.5677306652069092,3.61
21,0.00035555555555555557,5.0,0.5717480182647705,3.66
21,0.00035555555555555557,5.0,0.5757348537445068,3.74
21,0.00035555555555555557,5.0,0.5797150135040283,3.71
21,0.00035555555555555557,5.0,0.5837430953979492,3.85
21,0.00035555555555555557,5.0,0.5877461433410645,3.84
21,0.00035555555555555557,5.0,0.5917344093322754,3.84
21,0.00035555555555555557,5.0,0.595757246017456,3.96
21,0.00035555555555555557,5.0,0.5997405052185059,3.9
21,0.00035555555555555557,5.0,0.6037461757659912,4.03
21,0.00035555555555555557,5.0,0.6077337265014648,4.04
21,0.00035555555555555557,5.0,0.611752986907959,4.09
21,0.00035555555555555557,5.0,0.6157355308532715,4.13
21,0.00035555555555555557,5.0,0.6197354793548584,4.11
21,0.00035555555555555557,5.0,0.623741865158081,4.17
21,0.00035555555555555557,5.0,0.6277341842651367,4.17
21,0.00035555555555555557,5.0,0.6317322254180908,4.2700000000000005
21,0.00035555555555555557,5.0,0.6357390880584717,4.26
21,0.00035555555555555557,5.0,0.6394531726837158,4.32
21,0.00035555555555555557,5.0,0.6433248519897461,4.37
21,0.00035555555555555557,5.0,0.6474950313568115,4.38
21,0.00035555555555555557,5.0,0.6517212390899658,4.44
21,0.00035555555555555557,5.0,0.6557128429412842,4.38
21,0.00035555555555555557,5.0,0.6597466468811035,4.38
21,0.00035555555555555557,5.0,0.663745641708374,4.51
21,0.00035555555555555557,5.0,0.6674282550811768,4.58
21,0.00035555555555555557,5.0,0.6714346408843994,4.51
21,0.00035555555555555557,5.0,0.6754579544067383,4.5
21,0.00035555555555555557,5.0,0.6796307563781738,4.57
21,0.00035555555555555557,5.0,0.6835823059082031,4.64
21,0.00035555555555555557,5.0,0.6875548362731934,4.57
21,0.00035555555555555557,5.0,0.6912825107574463,4.59
21,0.00035555555555555557,5.0,0.69557785987854,4.59
21,0.00035555555555555557,5.0,0.6995844841003418,4.64
21,0.00035555555555555557,5.0,0.7035751342773438,4.55
21,0.00035555555555555557,5.0,0.707721471786499,4.76
21,0.00035555555555555557,5.0,0.7117109298706055,4.67
21,0.00035555555555555557,5.0,0.7157177925109863,4.67
21,0.00035555555555555557,5.0,0.7197332382202148,4.67
21,0.00035555555555555557,5.0,0.723721981048584,4.72
21,0.00035555555555555557,5.0,0.7277131080627441,4.8500000000000005
21,0.00035555555555555557,5.0,0.7317280769348145,4.71
21,0.00035555555555555557,5.0,0.7357177734375,4.8100000000000005
21,0.00035555555555555557,5.0,0.7394657135009766,4.8
21,0.00035555555555555557,5.0,0.7431917190551758,4.76
21,0.00035555555555555557,5.0,0.7462103366851807,4.83
21,0.00035555555555555557,5.0,0.7492375373840332,4.73
21,0.00035555555555555557,5.0,0.7522180080413818,4.69
21,0.00035555555555555557,5.0,0.755258321762085,4.8500000000000005
21,0.00035555555555555557,5.0,0.7597191333770752,4.79
21,0.00035555555555555557,5.0,0.7637307643890381,4.88
21,0.00035555555555555557,5.0,0.7677412033081055,4.82
21,0.00035555555555555557,5.0,0.7717454433441162,4.84
21,0.00035555555555555557,5.0,0.775745153427124,4.9
21,0.00035555555555555557,5.0,0.7797441482543945,4.91
21,0.00035555555555555557,5.0,0.7837481498718262,4.84
21,0.00035555555555555557,5.0,0.7877480983734131,4.76
21,0.00035555555555555557,5.0,0.7917356491088867,4.88
21,0.00035555555555555557,5.0,0.7957441806793213,4.8
21,0.00035555555555555557,5.0,0.7997326850891113,4.8500000000000005
21,0.00035555555555555557,5.0,0.8037416934967041,4.88
21,0.00035555555555555557,5.0,0.8077495098114014,4.83
21,0.00035555555555555557,5.0,0.811687707901001,4.96
21,0.00035555555555555557,5.0,0.8157064914703369,4.95
21,0.00035555555555555557,5.0,0.8197429180145264,4.92
21,0.00035555555555555557,5.0,0.8237683773040771,4.89
21,0.00035555555555555557,5.0,0.82761549949646,4.93
21,0.00035555555555555557,5.0,0.8313212394714355,4.9
21,0.00035555555555555557,5.0,0.8352856636047363,5.0200000000000005
21,0.00035555555555555557,5.0,0.8392810821533203,4.98
21,0.00035555555555555557,5.0,0.8433139324188232,4.94
21,0.00035555555555555557,5.0,0.8472473621368408,4.97
21,0.00035555555555555557,5.0,0.8502085208892822,4.98
21,0.00035555555555555557,5.0,0.8533496856689453,5.0600000000000005
21,0.00035555555555555557,5.0,0.8573505878448486,4.94
21,0.00035555555555555557,5.0,0.8612022399902344,4.91
21,0.00035555555555555557,5.0,0.8644993305206299,4.95
21,0.00035555555555555557,5.0,0.8684959411621094,4.96
21,0.00035555555555555557,5.0,0.8724923133850098,5.0
21,0.00035555555555555557,5.0,0.8765177726745605,4.89
21,0.00035555555555555557,5.0,0.8805387020111084,4.98
21,0.00035555555555555557,5.0,0.8845963478088379,4.93
21,0.00035555555555555557,5.0,0.8887183666229248,5.0200000000000005
21,0.00035555555555555557,5.0,0.8927247524261475,4.93
21,0.00035555555555555557,5.0,0.8967185020446777,4.96
21,0.00035555555555555557,5.0,0.900749683380127,4.87
21,0.00035555555555555557,5.0,0.9047236442565918,4.95
21,0.00035555555555555557,5.0,0.9087450504302979,4.91
21,0.00035555555555555557,5.0,0.9127514362335205,4.95
21,0.00035555555555555557,5.0,0.916740894317627,4.98
21,0.00035555555555555557,5.0,0.9207308292388916,4.87
21,0.00035555555555555557,5.0,0.9247250556945801,4.98
21,0.00035555555555555557,5.0,0.9287288188934326,5.0200000000000005
21,0.00035555555555555557,5.0,0.9327373504638672,5.0
21,0.00035555555555555557,5.0,0.9367213249206543,4.91
21,0.00035555555555555557,5.0,0.9405221939086914,5.08
21,0.00035555555555555557,5.0,0.9444234371185303,4.99
21,0.00035555555555555557,5.0,0.9483933448791504,5.0
21,0.00035555555555555557,5.0,0.9524896144866943,4.96
21,0.00035555555555555557,5.0,0.9566154479980469,4.95
21,0.00035555555555555557,5.0,0.9606726169586182,4.99
21,0.00035555555555555557,5.0,0.9647254943847656,5.0
21,0.00035555555555555557,5.0,0.9687130451202393,4.9
21,0.00035555555555555557,5.0,0.9727492332458496,4.92
21,0.00035555555555555557,5.0,0.9767317771911621,5.04
21,0.00035555555555555557,5.0,0.9807374477386475,5.03
21,0.00035555555555555557,5.0,0.9846854209899902,4.99
21,0.00035555555555555557,5.0,0.9886794090270996,5.0200000000000005
21,0.00035555555555555557,5.0,0.9926009178161621,4.8
21,0.00035555555555555557,5.0,0.9966928958892822,5.04
21,0.00035555555555555557,5.0,1.000643014907837,4.96
21,0.00035555555555555557,5.0,1.0047550201416016,4.93
21,0.00035555555555555557,5.0,1.0087566375732422,4.93
21,0.00035555555555555557,5.0,1.0127675533294678,5.0600000000000005
21,0.00035555555555555557,5.0,1.016768217086792,4.95
21,0.00035555555555555557,5.0,1.0207383632659912,4.92
21,0.00035555555555555557,5.0,1.0247392654418945,4.95
21,0.00035555555555555557,5.0,1.028738260269165,4.99
21,0.00035555555555555557,5.0,1.0327470302581787,5.04
21,0.00035555555555555557,5.0,1.0368139743804932,5.03
21,0.00035555555555555557,5.0,1.0407235622406006,4.96
21,0.00035555555555555557,5.0,1.0445334911346436,5.04
21,0.00035555555555555557,5.0,1.0484795570373535,5.08
21,0.00035555555555555557,5.0,1.0525472164154053,4.99
21,0.00035555555555555557,5.0,1.0566468238830566,4.99
21,0.00035555555555555557,5.0,1.0606350898742676,4.92
21,0.00035555555555555557,5.0,1.0646181106567383,4.94
21,0.00035555555555555557,5.0,1.0686519145965576,5.0
21,0.00035555555555555557,5.0,1.0725255012512207,4.99
21,0.00035555555555555557,5.0,1.0766613483428955,4.95
21,0.00035555555555555557,5.0,1.0807263851165771,4.97
21,0.00035555555555555557,5.0,1.0847575664520264,5.0
21,0.00035555555555555557,5.0,1.0886855125427246,4.9
21,0.00035555555555555557,5.0,1.0927481651306152,4.97
21,0.00035555555555555557,5.0,1.0967793464660645,4.95
21,0.00035555555555555557,5.0,1.1007447242736816,4.92
21,0.00035555555555555557,5.0,1.1047585010528564,5.01
21,0.00035555555555555557,5.0,1.108733892440796,5.0200000000000005
21,0.00035555555555555557,5.0,1.1127309799194336,5.0
21,0.00035555555555555557,5.0,1.1167540550231934,5.08
21,0.00035555555555555557,5.0,1.1207494735717773,5.03
21,0.00035555555555555557,5.0,1.1247520446777344,4.98
21,0.00035555555555555557,5.0,1.1287243366241455,4.99
21,0.00035555555555555557,5.0,1.1327483654022217,4.98
21,0.00035555555555555557,5.0,1.1367461681365967,4.98
21,0.00035555555555555557,5.0,1.1407372951507568,5.03
21,0.00035555555555555557,5.0,1.1445276737213135,4.94
21,0.00035555555555555557,5.0,1.1484243869781494,5.13
21,0.00035555555555555557,5.0,1.152458906173706,4.97
21,0.00035555555555555557,5.0,1.156557321548462,4.88
21,0.00035555555555555557,5.0,1.1606967449188232,5.07
21,0.00035555555555555557,5.0,1.164743185043335,4.98
21,0.00035555555555555557,5.0,1.1685266494750977,4.97
21,0.00035555555555555557,5.0,1.1724300384521484,5.1000000000000005
21,0.00035555555555555557,5.0,1.1765155792236328,4.86
21,0.00035555555555555557,5.0,1.1806118488311768,4.94
21,0.00035555555555555557,5.0,1.1846561431884766,5.11
21,0.00035555555555555557,5.0,1.1886324882507324,5.0200000000000005
21,0.00035555555555555557,5.0,1.1926860809326172,4.95
21,0.00035555555555555557,5.0,1.1966300010681152,4.99
21,0.00035555555555555557,5.0,1.200669765472412,4.99
21,0.00035555555555555557,5.0,1.204665184020996,5.0600000000000005
21,0.00035555555555555557,5.0,1.2087512016296387,4.89
21,0.00035555555555555557,5.0,1.2127745151519775,4.92
21,0.00035555555555555557,5.0,1.2169134616851807,4.95
21,0.00035555555555555557,5.0,1.2206146717071533,5.01
21,0.00035555555555555557,5.0,1.2244892120361328,4.96
21,0.00035555555555555557,5.0,1.228520393371582,4.99
21,0.00035555555555555557,5.0,1.2323873043060303,4.95
21,0.00035555555555555557,5.0,1.2366185188293457,4.96
21,0.00035555555555555557,5.0,1.2406189441680908,5.0200000000000005
21,0.00035555555555555557,5.0,1.2443842887878418,5.04
21,0.00035555555555555557,5.0,1.2486660480499268,5.04
21,0.00035555555555555557,5.0,1.2526116371154785,5.03
21,0.00035555555555555557,5.0,1.2566673755645752,5.04
21,0.00035555555555555557,5.0,1.2606806755065918,5.01
21,0.00035555555555555557,5.0,1.2646827697753906,5.04
21,0.00035555555555555557,5.0,1.26885986328125,5.01
21,0.00035555555555555557,5.0,1.2728612422943115,5.03
21,0.00035555555555555557,5.0,1.2768499851226807,5.08
21,0.00035555555555555557,5.0,1.280855655670166,5.01
21,0.00035555555555555557,5.0,1.2848341464996338,5.03
21,0.00035555555555555557,5.0,1.2887990474700928,4.9
21,0.00035555555555555557,5.0,1.2928218841552734,5.08
21,0.00035555555555555557,5.0,1.2968125343322754,4.98
21,0.00035555555555555557,5.0,1.3008191585540771,5.03
21,0.00035555555555555557,5.0,1.3048205375671387,4.9
21,0.00035555555555555557,5.0,1.3088264465332031,4.97
21,0.00035555555555555557,5.0,1.3127710819244385,4.89
21,0.00035555555555555557,5.0,1.3167791366577148,4.93
21,0.00035555555555555557,5.0,1.3208274841308594,5.05
21,0.00035555555555555557,5.0,1.3248286247253418,4.92
21,0.00035555555555555557,5.0,1.3288378715515137,5.0200000000000005
21,0.00035555555555555557,5.0,1.3328030109405518,5.0
21,0.00035555555555555557,5.0,1.336836338043213,5.05
21,0.00035555555555555557,5.0,1.3406908512115479,4.94
21,0.00035555555555555557,5.0,1.344658613204956,4.95
21,0.00035555555555555557,5.0,1.3485336303710938,4.91
21,0.00035555555555555557,5.0,1.352522611618042,5.04
21,0.00035555555555555557,5.0,1.3566782474517822,4.95
21,0.00035555555555555557,5.0,1.3607065677642822,5.01
21,0.00035555555555555557,5.0,1.3645105361938477,4.98
21,0.00035555555555555557,5.0,1.3685634136199951,5.05
21,0.00035555555555555557,5.0,1.3727188110351562,5.12
21,0.00035555555555555557,5.0,1.3767602443695068,4.95
21,0.00035555555555555557,5.0,1.380690574645996,4.98
21,0.00035555555555555557,5.0,1.3846848011016846,5.0200000000000005
21,0.00035555555555555557,5.0,1.3886852264404297,5.08
21,0.00035555555555555557,5.0,1.3927524089813232,5.0
21,0.00035555555555555557,5.0,1.3967301845550537,4.97
21,0.00035555555555555557,5.0,1.4007744789123535,4.98
21,0.00035555555555555557,5.0,1.4047372341156006,5.0
21,0.00035555555555555557,5.0,1.4087493419647217,5.03
21,0.00035555555555555557,5.0,1.4127349853515625,4.98
21,0.00035555555555555557,5.0,1.4167497158050537,5.04
21,0.00035555555555555557,5.0,1.4207429885864258,5.0200000000000005
21,0.00035555555555555557,5.0,1.4247281551361084,4.92
21,0.00035555555555555557,5.0,1.4286766052246094,5.01
21,0.00035555555555555557,5.0,1.4327185153961182,4.88
21,0.00035555555555555557,5.0,1.436729907989502,5.0600000000000005
21,0.00035555555555555557,5.0,1.4407556056976318,4.99
21,0.00035555555555555557,5.0,1.4447526931762695,5.13
21,0.00035555555555555557,5.0,1.4484355449676514,4.9
21,0.00035555555555555557,5.0,1.4525210857391357,5.05
21,0.00035555555555555557,5.0,1.4566900730133057,4.98
21,0.00035555555555555557,5.0,1.460747480392456,4.94
21,0.00035555555555555557,5.0,1.4647419452667236,4.9
21,0.00035555555555555557,5.0,1.468794822692871,4.97
21,0.00035555555555555557,5.0,1.4727551937103271,4.98
21,0.00035555555555555557,5.0,1.4767847061157227,4.91
21,0.00035555555555555557,5.0,1.4807980060577393,4.98
21,0.00035555555555555557,5.0,1.4848158359527588,4.94
21,0.00035555555555555557,5.0,1.488743543624878,5.03
21,0.00035555555555555557,5.0,1.4928195476531982,4.97
21,0.00035555555555555557,5.0,1.4968116283416748,5.07
22,0.00035555555555555557,7.5,1.9073486328125e-06,3.7600000000000002
22,0.00035555555555555557,7.5,0.00812220573425293,3.77
22,0.00035555555555555557,7.5,0.012071371078491211,3.7800000000000002
22,0.00035555555555555557,7.5,0.016009807586669922,3.88
22,0.00035555555555555557,7.5,0.02009749412536621,3.7800000000000002
22,0.00035555555555555557,7.5,0.024146556854248047,3.84
22,0.00035555555555555557,7.5,0.028161048889160156,3.75
22,0.00035555555555555557,7.5,0.03216671943664551,3.71
22,0.00035555555555555557,7.5,0.03614687919616699,3.91
22,0.00035555555555555557,7.5,0.040137290954589844,3.85
22,0.00035555555555555557,7.5,0.04413628578186035,3.7800000000000002
22,0.00035555555555555557,7.5,0.04813838005065918,3.83
22,0.00035555555555555557,7.5,0.05213594436645508,3.8200000000000003
22,0.00035555555555555557,7.5,0.056134939193725586,3.77
22,0.00035555555555555557,7.5,0.06013941764831543,3.83
22,0.00035555555555555557,7.5,0.06411242485046387,3.7800000000000002
22,0.00035555555555555557,7.5,0.06813573837280273,3.7
22,0.00035555555555555557,7.5,0.07213401794433594,3.75
22,0.00035555555555555557,7.5,0.07613325119018555,3.86
22,0.00035555555555555557,7.5,0.08013033866882324,3.75
22,0.00035555555555555557,7.5,0.08413362503051758,3.77
22,0.00035555555555555557,7.5,0.08807110786437988,3.85
22,0.00035555555555555557,7.5,0.0919346809387207,3.8000000000000003
22,0.00035555555555555557,7.5,0.09579992294311523,3.67
22,0.00035555555555555557,7.5,0.09987688064575195,3.69
22,0.00035555555555555557,7.5,0.10411953926086426,3.7600000000000002
22,0.00035555555555555557,7.5,0.10814547538757324,3.71
22,0.00035555555555555557,7.5,0.11214351654052734,3.73
22,0.00035555555555555557,7.5,0.11614060401916504,3.8000000000000003
22,0.00035555555555555557,7.5,0.12013792991638184,3.72
22,0.00035555555555555557,7.5,0.12413692474365234,3.74
22,0.00035555555555555557,7.5,0.12813448905944824,3.86
22,0.00035555555555555557,7.5,0.13206863403320312,3.75
22,0.00035555555555555557,7.5,0.13611721992492676,3.8000000000000003
22,0.00035555555555555557,7.5,0.14012932777404785,3.71
22,0.00035555555555555557,7.5,0.14411091804504395,3.66
22,0.00035555555555555557,7.5,0.1481153964996338,3.7
22,0.00035555555555555557,7.5,0.152130126953125,3.79
22,0.00035555555555555557,7.5,0.1561281681060791,3.77
22,0.00035555555555555557,7.5,0.16011452674865723,3.77
22,0.00035555555555555557,7.5,0.164107084274292,3.8000000000000003
22,0.00035555555555555557,7.5,0.1680610179901123,3.7
22,0.00035555555555555557,7.5,0.17209863662719727,3.81
22,0.00035555555555555557,7.5,0.1761610507965088,3.73
22,0.00035555555555555557,7.5,0.18005728721618652,3.7800000000000002
22,0.00035555555555555557,7.5,0.18410897254943848,3.84
22,0.00035555555555555557,7.5,0.18810343742370605,3.72
22,0.00035555555555555557,7.5,0.1919262409210205,3.8200000000000003
22,0.00035555555555555557,7.5,0.19571375846862793,3.7800000000000002
22,0.00035555555555555557,7.5,0.19995617866516113,3.7800000000000002
22,0.00035555555555555557,7.5,0.20405197143554688,3.77
22,0.00035555555555555557,7.5,0.20800423622131348,3.74
22,0.00035555555555555557,7.5,0.21197938919067383,3.77
22,0.00035555555555555557,7.5,0.21598482131958008,3.72
22,0.00035555555555555557,7.5,0.22016453742980957,3.7800000000000002
22,0.00035555555555555557,7.5,0.22414255142211914,3.7800000000000002
22,0.00035555555555555557,7.5,0.22812223434448242,3.72
22,0.00035555555555555557,7.5,0.232133150100708,3.8000000000000003
22,0.00035555555555555557,7.5,0.23612713813781738,3.81
22,0.00035555555555555557,7.5,0.24013566970825195,3.7
22,0.00035555555555555557,7.5,0.24412083625793457,3.81
22,0.00035555555555555557,7.5,0.24812746047973633,3.73
22,0.00035555555555555557,7.5,0.25208115577697754,3.73
22,0.00035555555555555557,7.5,0.25597167015075684,3.7600000000000002
22,0.00035555555555555557,7.5,0.25997495651245117,3.73
22,0.00035555555555555557,7.5,0.2641105651855469,3.7600000000000002
22,0.00035555555555555557,7.5,0.26813435554504395,3.72
22,0.00035555555555555557,7.5,0.27199554443359375,3.67
22,0.00035555555555555557,7.5,0.27614927291870117,3.74
22,0.00035555555555555557,7.5,0.28014111518859863,3.67
22,0.00035555555555555557,7.5,0.2841320037841797,3.75
22,0.00035555555555555557,7.5,0.2881336212158203,3.85
22,0.00035555555555555557,7.5,0.2919774055480957,3.84
22,0.00035555555555555557,7.5,0.2957193851470947,3.7800000000000002
22,0.00035555555555555557,7.5,0.29998040199279785,3.75
22,0.00035555555555555557,7.5,0.30409979820251465,3.79
22,0.00035555555555555557,7.5,0.30809617042541504,3.84
22,0.00035555555555555557,7.5,0.3120133876800537,3.74
22,0.00035555555555555557,7.5,0.3160068988800049,3.77
22,0.00035555555555555557,7.5,0.31997060775756836,3.77
22,0.00035555555555555557,7.5,0.3239874839782715,3.69
22,0.00035555555555555557,7.5,0.32797861099243164,3.69
22,0.00035555555555555557,7.5,0.33195066452026367,3.7600000000000002
22,0.00035555555555555557,7.5,0.33597278594970703,3.68
22,0.00035555555555555557,7.5,0.3401029109954834,3.71
22,0.00035555555555555557,7.5,0.3441171646118164,3.73
22,0.00035555555555555557,7.5,0.34812164306640625,3.75
22,0.00035555555555555557,7.5,0.3521139621734619,3.77
22,0.00035555555555555557,7.5,0.3561098575592041,3.69
22,0.00035555555555555557,7.5,0.36011195182800293,3.6
22,0.00035555555555555557,7.5,0.3641166687011719,3.7600000000000002
22,0.00035555555555555557,7.5,0.36811304092407227,3.81
22,0.00035555555555555557,7.5,0.3721327781677246,3.74
22,0.00035555555555555557,7.5,0.3761262893676758,3.8200000000000003
22,0.00035555555555555557,7.5,0.38013339042663574,3.86
22,0.00035555555555555557,7.5,0.3841087818145752,3.7600000000000002
22,0.00035555555555555557,7.5,0.3880906105041504,3.72
22,0.00035555555555555557,7.5,0.3920471668243408,3.8200000000000003
22,0.00035555555555555557,7.5,0.3958570957183838,3.7
22,0.00035555555555555557,7.5,0.3997681140899658,3.79
22,0.00035555555555555557,7.5,0.40386319160461426,3.77
22,0.00035555555555555557,7.5,0.4079897403717041,3.77
22,0.00035555555555555557,7.5,0.41181063652038574,3.69
22,0.00035555555555555557,7.5,0.41578125953674316,3.74
22,0.00035555555555555557,7.5,0.41988444328308105,3.81
22,0.00035555555555555557,7.5,0.42409467697143555,3.74
22,0.00035555555555555557,7.5,0.42810559272766113,3.73
22,0.00035555555555555557,7.5,0.4319429397583008,3.67
22,0.00035555555555555557,7.5,0.4359548091888428,3.79
22,0.00035555555555555557,7.5,0.4401223659515381,3.8000000000000003
22,0.00035555555555555557,7.5,0.4440884590148926,3.69
22,0.00035555555555555557,7.5,0.44808435440063477,3.72
22,0.00035555555555555557,7.5,0.4520914554595947,3.75
22,0.00035555555555555557,7.5,0.4561150074005127,3.81
22,0.00035555555555555557,7.5,0.46009159088134766,3.68
22,0.00035555555555555557,7.5,0.46409058570861816,3.77
22,0.00035555555555555557,7.5,0.46810436248779297,3.67
22,0.00035555555555555557,7.5,0.47209644317626953,3.77
22,0.00035555555555555557,7.5,0.4760711193084717,3.81
22,0.00035555555555555557,7.5,0.48000001907348633,3.7
22,0.00035555555555555557,7.5,0.4839305877685547,3.81
22,0.00035555555555555557,7.5,0.4879639148712158,3.75
22,0.00035555555555555557,7.5,0.4921090602874756,3.67
22,0.00035555555555555557,7.5,0.4958517551422119,3.74
22,0.00035555555555555557,7.5,0.49991846084594727,3.8000000000000003
22,0.00035555555555555557,7.5,0.5039784908294678,3.81
22,0.00035555555555555557,7.5,0.5121221542358398,3.98
22,0.00035555555555555557,7.5,0.5159635543823242,4.08
22,0.00035555555555555557,7.5,0.5199680328369141,4.22
22,0.00035555555555555557,7.5,0.5241429805755615,4.3100000000000005
22,0.00035555555555555557,7.5,0.5281116962432861,4.45
22,0.00035555555555555557,7.5,0.5320122241973877,4.65
22,0.00035555555555555557,7.5,0.5359680652618408,4.78
22,0.00035555555555555557,7.5,0.5401151180267334,4.96
22,0.00035555555555555557,7.5,0.5441262722015381,5.0
22,0.00035555555555555557,7.5,0.5481302738189697,5.21
22,0.00035555555555555557,7.5,0.5521085262298584,5.25
22,0.00035555555555555557,7.5,0.5561184883117676,5.36
22,0.00035555555555555557,7.5,0.560112476348877,5.5
22,0.00035555555555555557,7.5,0.564117431640625,5.5200000000000005
22,0.00035555555555555557,7.5,0.5681183338165283,5.57
22,0.00035555555555555557,7.5,0.5721213817596436,5.75
22,0.00035555555555555557,7.5,0.576108455657959,5.87
22,0.00035555555555555557,7.5,0.5800936222076416,5.94
22,0.00035555555555555557,7.5,0.5841293334960938,5.96
22,0.00035555555555555557,7.5,0.5881297588348389,6.07
22,0.00035555555555555557,7.5,0.5921082496643066,6.13
22,0.00035555555555555557,7.5,0.5959398746490479,6.16
22,0.00035555555555555557,7.5,0.5997443199157715,6.33
22,0.00035555555555555557,7.5,0.6036338806152344,6.28
22,0.00035555555555555557,7.5,0.6077258586883545,6.29
22,0.00035555555555555557,7.5,0.6116876602172852,6.36
22,0.00035555555555555557,7.5,0.6155650615692139,6.5
22,0.00035555555555555557,7.5,0.6186461448669434,6.5200000000000005
22,0.00035555555555555557,7.5,0.6226756572723389,6.59
22,0.00035555555555555557,7.5,0.6269567012786865,6.69
22,0.00035555555555555557,7.5,0.6310708522796631,6.72
22,0.00035555555555555557,7.5,0.6349685192108154,6.76
22,0.00035555555555555557,7.5,0.638918399810791,6.8
22,0.00035555555555555557,7.5,0.642967939376831,6.82
22,0.00035555555555555557,7.5,0.6471562385559082,6.8
22,0.00035555555555555557,7.5,0.6511547565460205,6.9
22,0.00035555555555555557,7.5,0.655156135559082,6.83
22,0.00035555555555555557,7.5,0.6590893268585205,6.93
22,0.00035555555555555557,7.5,0.6630887985229492,6.94
22,0.00035555555555555557,7.5,0.6671161651611328,6.99
22,0.00035555555555555557,7.5,0.6711392402648926,7.0600000000000005
22,0.00035555555555555557,7.5,0.6751384735107422,7.01
22,0.00035555555555555557,7.5,0.6791293621063232,7.0600000000000005
22,0.00035555555555555557,7.5,0.6831426620483398,7.0600000000000005
22,0.00035555555555555557,7.5,0.6871387958526611,7.1000000000000005
22,0.00035555555555555557,7.5,0.6910903453826904,7.15
22,0.00035555555555555557,7.5,0.6949365139007568,7.11
22,0.00035555555555555557,7.5,0.6988146305084229,7.15
22,0.00035555555555555557,7.5,0.7028136253356934,7.23
22,0.00035555555555555557,7.5,0.70694899559021,7.2
22,0.00035555555555555557,7.5,0.7109551429748535,7.19
22,0.00035555555555555557,7.5,0.7150042057037354,7.21
22,0.00035555555555555557,7.5,0.7189998626708984,7.22
22,0.00035555555555555557,7.5,0.7230477333068848,7.19
22,0.00035555555555555557,7.5,0.7270097732543945,7.25
22,0.00035555555555555557,7.5,0.7310328483581543,7.32
22,0.00035555555555555557,7.5,0.7350282669067383,7.24
22,0.00035555555555555557,7.5,0.7391324043273926,7.23
22,0.00035555555555555557,7.5,0.7431690692901611,7.34
22,0.00035555555555555557,7.5,0.7471063137054443,7.3500000000000005
22,0.00035555555555555557,7.5,0.75113844871521,7.28
22,0.00035555555555555557,7.5,0.7551376819610596,7.2700000000000005
22,0.00035555555555555557,7.5,0.7591865062713623,7.3100000000000005
22,0.00035555555555555557,7.5,0.7631731033325195,7.3
22,0.00035555555555555557,7.5,0.7671756744384766,7.3500000000000005
22,0.00035555555555555557,7.5,0.7707993984222412,7.23
22,0.00035555555555555557,7.5,0.7747182846069336,7.34
22,0.00035555555555555557,7.5,0.7787628173828125,7.3500000000000005
22,0.00035555555555555557,7.5,0.7827444076538086,7.3500000000000005
22,0.00035555555555555557,7.5,0.7867860794067383,7.37
22,0.00035555555555555557,7.5,0.7907934188842773,7.36
22,0.00035555555555555557,7.5,0.7950437068939209,7.3100000000000005
22,0.00035555555555555557,7.5,0.7989096641540527,7.3500000000000005
22,0.00035555555555555557,7.5,0.8028206825256348,7.4
22,0.00035555555555555557,7.5,0.8068621158599854,7.38
22,0.00035555555555555557,7.5,0.8109753131866455,7.36
22,0.00035555555555555557,7.5,0.8149583339691162,7.38
22,0.00035555555555555557,7.5,0.8189165592193604,7.43
22,0.00035555555555555557,7.5,0.822967529296875,7.36
22,0.00035555555555555557,7.5,0.8271522521972656,7.46
22,0.00035555555555555557,7.5,0.8309624195098877,7.48
22,0.00035555555555555557,7.5,0.8349974155426025,7.36
22,0.00035555555555555557,7.5,0.839146614074707,7.48
22,0.00035555555555555557,7.5,0.8431429862976074,7.42
22,0.00035555555555555557,7.5,0.8471410274505615,7.42
22,0.00035555555555555557,7.5,0.851142168045044,7.42
22,0.00035555555555555557,7.5,0.8551359176635742,7.41
22,0.00035555555555555557,7.5,0.8590426445007324,7.46
22,0.00035555555555555557,7.5,0.862971305847168,7.390000000000001
22,0.00035555555555555557,7.5,0.8670361042022705,7.43
22,0.00035555555555555557,7.5,0.8710660934448242,7.47
22,0.00035555555555555557,7.5,0.8750708103179932,7.46
22,0.00035555555555555557,7.5,0.8789794445037842,7.36
22,0.00035555555555555557,7.5,0.883089542388916,7.43
22,0.00035555555555555557,7.5,0.8870818614959717,7.42
22,0.00035555555555555557,7.5,0.8910782337188721,7.45
22,0.00035555555555555557,7.5,0.895071268081665,7.41
22,0.00035555555555555557,7.5,0.898869514465332,7.44
22,0.00035555555555555557,7.5,0.9027397632598877,7.45
22,0.00035555555555555557,7.5,0.90692138671875,7.44
22,0.00035555555555555557,7.5,0.9106755256652832,7.46
22,0.00035555555555555557,7.5,0.9147186279296875,7.47
22,0.00035555555555555557,7.5,0.9187815189361572,7.47
22,0.00035555555555555557,7.5,0.9228870868682861,7.48
22,0.00035555555555555557,7.5,0.9269318580627441,7.44
22,0.00035555555555555557,7.5,0.930905818939209,7.45
22,0.00035555555555555557,7.5,0.9349410533905029,7.46
22,0.00035555555555555557,7.5,0.9390919208526611,7.47
22,0.00035555555555555557,7.5,0.9430727958679199,7.49
22,0.00035555555555555557,7.5,0.9470765590667725,7.53
22,0.00035555555555555557,7.5,0.9510738849639893,7.49
22,0.00035555555555555557,7.5,0.9550776481628418,7.46
22,0.00035555555555555557,7.5,0.9590768814086914,7.48
22,0.00035555555555555557,7.5,0.9630699157714844,7.46
22,0.00035555555555555557,7.5,0.9670727252960205,7.49
22,0.00035555555555555557,7.5,0.9710724353790283,7.45
22,0.00035555555555555557,7.5,0.9750721454620361,7.46
22,0.00035555555555555557,7.5,0.9790842533111572,7.45
22,0.00035555555555555557,7.5,0.9830756187438965,7.46
22,0.00035555555555555557,7.5,0.9870569705963135,7.45
22,0.00035555555555555557,7.5,0.9911375045776367,7.44
22,0.00035555555555555557,7.5,0.9949953556060791,7.390000000000001
22,0.00035555555555555557,7.5,0.9987597465515137,7.47
22,0.00035555555555555557,7.5,1.0028810501098633,7.41
22,0.00035555555555555557,7.5,1.0069990158081055,7.46
22,0.00035555555555555557,7.5,1.0110673904418945,7.5
22,0.00035555555555555557,7.5,1.0150885581970215,7.47
22,0.00035555555555555557,7.5,1.0190927982330322,7.48
22,0.00035555555555555557,7.5,1.0230958461761475,7.47
22,0.00035555555555555557,7.5,1.0270938873291016,7.390000000000001
22,0.00035555555555555557,7.5,1.0311076641082764,7.44
22,0.00035555555555555557,7.5,1.0350956916809082,7.51
22,0.00035555555555555557,7.5,1.0391325950622559,7.45
22,0.00035555555555555557,7.5,1.0430967807769775,7.48
22,0.00035555555555555557,7.5,1.0471107959747314,7.44
22,0.00035555555555555557,7.5,1.051109790802002,7.49
22,0.00035555555555555557,7.5,1.0551185607910156,7.47
22,0.00035555555555555557,7.5,1.0590362548828125,7.41
22,0.00035555555555555557,7.5,1.063066005706787,7.49
22,0.00035555555555555557,7.5,1.0670979022979736,7.49
22,0.00035555555555555557,7.5,1.0709753036499023,7.43
22,0.00035555555555555557,7.5,1.0750911235809326,7.51
22,0.00035555555555555557,7.5,1.0790936946868896,7.48
22,0.00035555555555555557,7.5,1.0828180313110352,7.49
22,0.00035555555555555557,7.5,1.086968183517456,7.53
22,0.00035555555555555557,7.5,1.090930700302124,7.46
22,0.00035555555555555557,7.5,1.0950796604156494,7.51
22,0.00035555555555555557,7.5,1.0988848209381104,7.43
22,0.00035555555555555557,7.5,1.102778434753418,7.43
22,0.00035555555555555557,7.5,1.106738805770874,7.45
22,0.00035555555555555557,7.5,1.1108884811401367,7.46
22,0.00035555555555555557,7.5,1.115082025527954,7.45
22,0.00035555555555555557,7.5,1.1189515590667725,7.46
22,0.00035555555555555557,7.5,1.1230278015136719,7.45
22,0.00035555555555555557,7.5,1.1270761489868164,7.49
22,0.00035555555555555557,7.5,1.1310079097747803,7.49
22,0.00035555555555555557,7.5,1.134946584701538,7.44
22,0.00035555555555555557,7.5,1.1390669345855713,7.45
22,0.00035555555555555557,7.5,1.1430737972259521,7.4
22,0.00035555555555555557,7.5,1.1470766067504883,7.5
22,0.00035555555555555557,7.5,1.1510834693908691,7.45
22,0.00035555555555555557,7.5,1.155113935470581,7.45
22,0.00035555555555555557,7.5,1.1590831279754639,7.44
22,0.00035555555555555557,7.5,1.163076400756836,7.5
22,0.00035555555555555557,7.5,1.1670985221862793,7.51
22,0.00035555555555555557,7.5,1.1710736751556396,7.49
22,0.00035555555555555557,7.5,1.1750757694244385,7.49
22,0.00035555555555555557,7.5,1.1790904998779297,7.46
22,0.00035555555555555557,7.5,1.1829185485839844,7.41
22,0.00035555555555555557,7.5,1.1869232654571533,7.49
22,0.00035555555555555557,7.5,1.191082239151001,7.41
22,0.00035555555555555557,7.5,1.1950783729553223,7.5200000000000005
22,0.00035555555555555557,7.5,1.1990046501159668,7.45
22,0.00035555555555555557,7.5,1.202759027481079,7.48
22,0.00035555555555555557,7.5,1.2067394256591797,7.45
22,0.00035555555555555557,7.5,1.2107253074645996,7.49
22,0.00035555555555555557,7.5,1.2148659229278564,7.47
22,0.00035555555555555557,7.5,1.2189109325408936,7.47
22,0.00035555555555555557,7.5,1.2229084968566895,7.49
22,0.00035555555555555557,7.5,1.2270617485046387,7.5
22,0.00035555555555555557,7.5,1.2308838367462158,7.44
22,0.00035555555555555557,7.5,1.235062837600708,7.55
22,0.00035555555555555557,7.5,1.2390522956848145,7.47
22,0.00035555555555555557,7.5,1.2430477142333984,7.51
22,0.00035555555555555557,7.5,1.2470569610595703,7.45
22,0.00035555555555555557,7.5,1.2510757446289062,7.37
22,0.00035555555555555557,7.5,1.255075454711914,7.44
22,0.00035555555555555557,7.5,1.2590789794921875,7.47
22,0.00035555555555555557,7.5,1.2630329132080078,7.390000000000001
22,0.00035555555555555557,7.5,1.2670273780822754,7.49
22,0.00035555555555555557,7.5,1.2710413932800293,7.47
22,0.00035555555555555557,7.5,1.2750747203826904,7.46
22,0.00035555555555555557,7.5,1.2790489196777344,7.54
22,0.00035555555555555557,7.5,1.2830893993377686,7.5200000000000005
22,0.00035555555555555557,7.5,1.2870886325836182,7.45
22,0.00035555555555555557,7.5,1.2911114692687988,7.46
22,0.00035555555555555557,7.5,1.2950823307037354,7.55
22,0.00035555555555555557,7.5,1.299086570739746,7.47
22,0.00035555555555555557,7.5,1.302879810333252,7.41
22,0.00035555555555555557,7.5,1.306755542755127,7.46
22,0.00035555555555555557,7.5,1.3109493255615234,7.47
22,0.00035555555555555557,7.5,1.3150274753570557,7.43
22,0.00035555555555555557,7.5,1.3190710544586182,7.53
22,0.00035555555555555557,7.5,1.3230383396148682,7.45
22,0.00035555555555555557,7.5,1.3270649909973145,7.49
22,0.00035555555555555557,7.5,1.3310894966125488,7.49
22,0.00035555555555555557,7.5,1.335080623626709,7.43
22,0.00035555555555555557,7.5,1.3390822410583496,7.5200000000000005
22,0.00035555555555555557,7.5,1.3430819511413574,7.43
22,0.00035555555555555557,7.5,1.3470790386199951,7.46
22,0.00035555555555555557,7.5,1.3510770797729492,7.57
22,0.00035555555555555557,7.5,1.355088472366333,7.46
22,0.00035555555555555557,7.5,1.3590843677520752,7.38
22,0.00035555555555555557,7.5,1.363081455230713,7.51
22,0.00035555555555555557,7.5,1.3670811653137207,7.44
22,0.00035555555555555557,7.5,1.3710613250732422,7.47
22,0.00035555555555555557,7.5,1.3750581741333008,7.390000000000001
22,0.00035555555555555557,7.5,1.3789539337158203,7.49
22,0.00035555555555555557,7.5,1.3828864097595215,7.44
22,0.00035555555555555557,7.5,1.3868834972381592,7.46
22,0.00035555555555555557,7.5,1.3910655975341797,7.38
22,0.00035555555555555557,7.5,1.3950622081756592,7.45
22,0.00035555555555555557,7.5,1.399062156677246,7.45
22,0.00035555555555555557,7.5,1.4028041362762451,7.48
22,0.00035555555555555557,7.5,1.406649112701416,7.5200000000000005
22,0.00035555555555555557,7.5,1.4106268882751465,7.45
22,0.00035555555555555557,7.5,1.414790153503418,7.46
22,0.00035555555555555557,7.5,1.4188899993896484,7.45
22,0.00035555555555555557,7.5,1.4230716228485107,7.47
22,0.00035555555555555557,7.5,1.4270963668823242,7.53
22,0.00035555555555555557,7.5,1.430980920791626,7.5
22,0.00035555555555555557,7.5,1.4351365566253662,7.48
22,0.00035555555555555557,7.5,1.4391298294067383,7.5200000000000005
22,0.00035555555555555557,7.5,1.4431371688842773,7.49
22,0.00035555555555555557,7.5,1.447136640548706,7.47
22,0.00035555555555555557,7.5,1.4511384963989258,7.46
22,0.00035555555555555557,7.5,1.4551382064819336,7.5
22,0.00035555555555555557,7.5,1.4591293334960938,7.48
22,0.00035555555555555557,7.5,1.4631142616271973,7.38
22,0.00035555555555555557,7.5,1.4671099185943604,7.43
22,0.00035555555555555557,7.5,1.4711003303527832,7.49
22,0.00035555555555555557,7.5,1.4751219749450684,7.43
22,0.00035555555555555557,7.5,1.4790751934051514,7.5
22,0.00035555555555555557,7.5,1.4828813076019287,7.53
22,0.00035555555555555557,7.5,1.487065076828003,7.47
22,0.00035555555555555557,7.5,1.4911212921142578,7.43
22,0.00035555555555555557,7.5,1.4950594902038574,7.48
22,0.00035555555555555557,7.5,1.4990131855010986,7.44
23,0.00035555555555555557,10.0,3.0994415283203125e-06,4.68
23,0.00035555555555555557,10.0,0.00791478157043457,4.69
23,0.00035555555555555557,10.0,0.011909961700439453,4.92
23,0.00035555555555555557,10.0,0.015912532806396484,4.8100000000000005
23,0.00035555555555555557,10.0,0.019918203353881836,4.82
23,0.00035555555555555557,10.0,0.023909568786621094,4.87
23,0.00035555555555555557,10.0,0.027903318405151367,4.76
23,0.00035555555555555557,10.0,0.03177285194396973,4.79
23,0.00035555555555555557,10.0,0.035869598388671875,4.82
23,0.00035555555555555557,10.0,0.03977179527282715,4.7700000000000005
23,0.00035555555555555557,10.0,0.043827056884765625,4.8
23,0.00035555555555555557,10.0,0.04756569862365723,4.9
23,0.00035555555555555557,10.0,0.05154871940612793,4.95
23,0.00035555555555555557,10.0,0.05561375617980957,4.86
23,0.00035555555555555557,10.0,0.0597536563873291,4.82
23,0.00035555555555555557,10.0,0.06373977661132812,4.97
23,0.00035555555555555557,10.0,0.06774353981018066,4.87
23,0.00035555555555555557,10.0,0.0717477798461914,4.9
23,0.00035555555555555557,10.0,0.07574844360351562,4.87
23,0.00035555555555555557,10.0,0.07876992225646973,4.9
23,0.00035555555555555557,10.0,0.08288145065307617,4.75
23,0.00035555555555555557,10.0,0.08690404891967773,4.91
23,0.00035555555555555557,10.0,0.09089207649230957,5.03
23,0.00035555555555555557,10.0,0.09488797187805176,4.96
23,0.00035555555555555557,10.0,0.09881448745727539,4.71
23,0.00035555555555555557,10.0,0.10289692878723145,4.83
23,0.00035555555555555557,10.0,0.10689377784729004,4.99
23,0.00035555555555555557,10.0,0.11094999313354492,4.91
23,0.00035555555555555557,10.0,0.11488842964172363,4.96
23,0.00035555555555555557,10.0,0.11888957023620605,4.82
23,0.00035555555555555557,10.0,0.12271237373352051,4.91
23,0.00035555555555555557,10.0,0.1269378662109375,4.92
23,0.00035555555555555557,10.0,0.13088464736938477,5.01
23,0.00035555555555555557,10.0,0.13487982749938965,4.9
23,0.00035555555555555557,10.0,0.13891220092773438,4.94
23,0.00035555555555555557,10.0,0.14289283752441406,4.86
23,0.00035555555555555557,10.0,0.1467134952545166,4.96
23,0.00035555555555555557,10.0,0.15056657791137695,4.92
23,0.00035555555555555557,10.0,0.15441417694091797,4.97
23,0.00035555555555555557,10.0,0.15851497650146484,5.03
23,0.00035555555555555557,10.0,0.16275906562805176,4.92
23,0.00035555555555555557,10.0,0.16683006286621094,4.8100000000000005
23,0.00035555555555555557,10.0,0.17077183723449707,4.98
23,0.00035555555555555557,10.0,0.17486190795898438,5.07
23,0.00035555555555555557,10.0,0.17887520790100098,4.94
23,0.00035555555555555557,10.0,0.1828763484954834,4.92
23,0.00035555555555555557,10.0,0.1868736743927002,4.92
23,0.00035555555555555557,10.0,0.19088149070739746,5.01
23,0.00035555555555555557,10.0,0.19491124153137207,4.94
23,0.00035555555555555557,10.0,0.19885587692260742,4.97
23,0.00035555555555555557,10.0,0.20285630226135254,4.95
23,0.00035555555555555557,10.0,0.206834077835083,4.9
23,0.00035555555555555557,10.0,0.210862398147583,4.82
23,0.00035555555555555557,10.0,0.21486568450927734,4.99
23,0.00035555555555555557,10.0,0.21886396408081055,5.1000000000000005
23,0.00035555555555555557,10.0,0.22284603118896484,4.95
23,0.00035555555555555557,10.0,0.22689032554626465,4.97
23,0.00035555555555555557,10.0,0.23088669776916504,5.07
23,0.00035555555555555557,10.0,0.23488402366638184,4.89
23,0.00035555555555555557,10.0,0.23888707160949707,4.98
23,0.00035555555555555557,10.0,0.24288225173950195,4.97
23,0.00035555555555555557,10.0,0.2468123435974121,4.91
23,0.00035555555555555557,10.0,0.25060153007507324,4.93
23,0.00035555555555555557,10.0,0.25447583198547363,4.96
23,0.00035555555555555557,10.0,0.25875377655029297,4.89
23,0.00035555555555555557,10.0,0.2628328800201416,5.08
23,0.00035555555555555557,10.0,0.2668938636779785,5.04
23,0.00035555555555555557,10.0,0.27071547508239746,4.8100000000000005
23,0.00035555555555555557,10.0,0.2747499942779541,4.96
23,0.00035555555555555557,10.0,0.2788991928100586,4.98
23,0.00035555555555555557,10.0,0.2828857898712158,4.98
23,0.00035555555555555557,10.0,0.28688883781433105,5.01
23,0.00035555555555555557,10.0,0.29088544845581055,4.98
23,0.00035555555555555557,10.0,0.2949366569519043,5.15
23,0.00035555555555555557,10.0,0.29888319969177246,5.03
23,0.00035555555555555557,10.0,0.3029148578643799,5.0
23,0.00035555555555555557,10.0,0.306898832321167,4.96
23,0.00035555555555555557,10.0,0.31079745292663574,5.0600000000000005
23,0.00035555555555555557,10.0,0.314899206161499,4.97
23,0.00035555555555555557,10.0,0.3188900947570801,4.99
23,0.00035555555555555557,10.0,0.32270359992980957,4.97
23,0.00035555555555555557,10.0,0.3268861770629883,4.92
23,0.00035555555555555557,10.0,0.3309156894683838,4.96
23,0.00035555555555555557,10.0,0.3348884582519531,4.91
23,0.00035555555555555557,10.0,0.33888983726501465,5.0
23,0.00035555555555555557,10.0,0.34275293350219727,4.97
23,0.00035555555555555557,10.0,0.3468036651611328,5.0200000000000005
23,0.00035555555555555557,10.0,0.3507716655731201,5.01
23,0.00035555555555555557,10.0,0.35471534729003906,5.0200000000000005
23,0.00035555555555555557,10.0,0.3587634563446045,5.07
23,0.00035555555555555557,10.0,0.36305975914001465,5.08
23,0.00035555555555555557,10.0,0.3668251037597656,5.18
23,0.00035555555555555557,10.0,0.37081360816955566,5.1000000000000005
23,0.00035555555555555557,10.0,0.374819278717041,5.0600000000000005
23,0.00035555555555555557,10.0,0.37895846366882324,5.1000000000000005
23,0.00035555555555555557,10.0,0.38295483589172363,4.94
23,0.00035555555555555557,10.0,0.38695549964904785,5.0200000000000005
23,0.00035555555555555557,10.0,0.39096689224243164,5.09
23,0.00035555555555555557,10.0,0.3949573040008545,4.92
23,0.00035555555555555557,10.0,0.3989384174346924,5.05
23,0.00035555555555555557,10.0,0.40296220779418945,4.94
23,0.00035555555555555557,10.0,0.4069485664367676,5.08
23,0.00035555555555555557,10.0,0.4109618663787842,5.0
23,0.00035555555555555557,10.0,0.4149479866027832,4.95
23,0.00035555555555555557,10.0,0.4189488887786865,5.0600000000000005
23,0.00035555555555555557,10.0,0.42288947105407715,4.92
23,0.00035555555555555557,10.0,0.4269521236419678,4.95
23,0.00035555555555555557,10.0,0.43094897270202637,4.99
23,0.00035555555555555557,10.0,0.4349381923675537,5.03
23,0.00035555555555555557,10.0,0.438901424407959,4.9
23,0.00035555555555555557,10.0,0.4429349899291992,4.94
23,0.00035555555555555557,10.0,0.44691896438598633,5.09
23,0.00035555555555555557,10.0,0.45063042640686035,4.92
23,0.00035555555555555557,10.0,0.4545323848724365,5.0200000000000005
23,0.00035555555555555557,10.0,0.4587280750274658,5.03
23,0.00035555555555555557,10.0,0.4627523422241211,4.98
23,0.00035555555555555557,10.0,0.4668569564819336,4.97
23,0.00035555555555555557,10.0,0.4707150459289551,5.03
23,0.00035555555555555557,10.0,0.4747130870819092,5.04
23,0.00035555555555555557,10.0,0.4788780212402344,5.05
23,0.00035555555555555557,10.0,0.4828948974609375,5.03
23,0.00035555555555555557,10.0,0.4868893623352051,4.93
23,0.00035555555555555557,10.0,0.4908599853515625,5.01
23,0.00035555555555555557,10.0,0.4948909282684326,5.04
23,0.00035555555555555557,10.0,0.4988882541656494,4.97
23,0.00035555555555555557,10.0,0.5028717517852783,5.1000000000000005
23,0.00035555555555555557,10.0,0.510828971862793,5.39
23,0.00035555555555555557,10.0,0.5148558616638184,5.48
23,0.00035555555555555557,10.0,0.5188925266265869,5.66
23,0.00035555555555555557,10.0,0.5227084159851074,5.82
23,0.00035555555555555557,10.0,0.5268609523773193,6.0200000000000005
23,0.00035555555555555557,10.0,0.5308675765991211,6.07
23,0.00035555555555555557,10.0,0.5348837375640869,6.38
23,0.00035555555555555557,10.0,0.5388116836547852,6.58
23,0.00035555555555555557,10.0,0.5428404808044434,6.78
23,0.00035555555555555557,10.0,0.5468194484710693,6.8500000000000005
23,0.00035555555555555557,10.0,0.5506174564361572,6.99
23,0.00035555555555555557,10.0,0.5545380115509033,7.13
23,0.00035555555555555557,10.0,0.5586535930633545,7.29
23,0.00035555555555555557,10.0,0.5627970695495605,7.33
23,0.00035555555555555557,10.0,0.5668680667877197,7.390000000000001
23,0.00035555555555555557,10.0,0.5709042549133301,7.55
23,0.00035555555555555557,10.0,0.5747866630554199,7.58
23,0.00035555555555555557,10.0,0.5789494514465332,7.72
23,0.00035555555555555557,10.0,0.582951545715332,7.84
23,0.00035555555555555557,10.0,0.5869507789611816,7.94
23,0.00035555555555555557,10.0,0.5909519195556641,8.01
23,0.00035555555555555557,10.0,0.5949654579162598,8.0
23,0.00035555555555555557,10.0,0.5989511013031006,8.08
23,0.00035555555555555557,10.0,0.6029565334320068,8.13
23,0.00035555555555555557,10.0,0.606940507888794,8.21
23,0.00035555555555555557,10.0,0.6109685897827148,8.28
23,0.00035555555555555557,10.0,0.6149342060089111,8.31
23,0.00035555555555555557,10.0,0.6189625263214111,8.35
23,0.00035555555555555557,10.0,0.6229367256164551,8.41
23,0.00035555555555555557,10.0,0.6269574165344238,8.41
23,0.00035555555555555557,10.0,0.6309373378753662,8.51
23,0.00035555555555555557,10.0,0.6349408626556396,8.56
23,0.00035555555555555557,10.0,0.6389336585998535,8.58
23,0.00035555555555555557,10.0,0.6429288387298584,8.56
23,0.00035555555555555557,10.0,0.6469089984893799,8.68
23,0.00035555555555555557,10.0,0.650794506072998,8.58
23,0.00035555555555555557,10.0,0.6545116901397705,8.77
23,0.00035555555555555557,10.0,0.6585032939910889,8.74
23,0.00035555555555555557,10.0,0.662628173828125,8.88
23,0.00035555555555555557,10.0,0.6667230129241943,8.84
23,0.00035555555555555557,10.0,0.6708517074584961,8.74
23,0.00035555555555555557,10.0,0.6747498512268066,8.89
23,0.00035555555555555557,10.0,0.6789264678955078,8.82
23,0.00035555555555555557,10.0,0.6829168796539307,8.870000000000001
23,0.00035555555555555557,10.0,0.6869392395019531,8.97
23,0.00035555555555555557,10.0,0.6909332275390625,9.05
23,0.00035555555555555557,10.0,0.6949284076690674,9.09
23,0.00035555555555555557,10.0,0.6989312171936035,9.08
23,0.00035555555555555557,10.0,0.702918291091919,9.16
23,0.00035555555555555557,10.0,0.7069292068481445,9.28
23,0.00035555555555555557,10.0,0.7109181880950928,9.24
23,0.00035555555555555557,10.0,0.7149293422698975,9.14
23,0.00035555555555555557,10.0,0.7188959121704102,9.24
23,0.00035555555555555557,10.0,0.722914457321167,9.17
23,0.00035555555555555557,10.0,0.7269549369812012,9.23
23,0.00035555555555555557,10.0,0.7309279441833496,9.31
23,0.00035555555555555557,10.0,0.7348670959472656,9.3
23,0.00035555555555555557,10.0,0.7389390468597412,9.31
23,0.00035555555555555557,10.0,0.7429447174072266,9.290000000000001
23,0.00035555555555555557,10.0,0.7469503879547119,9.32
23,0.00035555555555555557,10.0,0.7508234977722168,9.34
23,0.00035555555555555557,10.0,0.7545864582061768,9.38
23,0.00035555555555555557,10.0,0.7586109638214111,9.370000000000001
23,0.00035555555555555557,10.0,0.7627162933349609,9.4
23,0.00035555555555555557,10.0,0.766934871673584,9.49
23,0.00035555555555555557,10.0,0.7708613872528076,9.47
23,0.00035555555555555557,10.0,0.7746593952178955,9.49
23,0.00035555555555555557,10.0,0.7788975238800049,9.55
23,0.00035555555555555557,10.0,0.7829287052154541,9.5
23,0.00035555555555555557,10.0,0.7869472503662109,9.450000000000001
23,0.00035555555555555557,10.0,0.7909934520721436,9.55
23,0.00035555555555555557,10.0,0.7949445247650146,9.47
23,0.00035555555555555557,10.0,0.7989711761474609,9.4
23,0.00035555555555555557,10.0,0.8029510974884033,9.55
23,0.00035555555555555557,10.0,0.8069489002227783,9.66
23,0.00035555555555555557,10.0,0.8109564781188965,9.6
23,0.00035555555555555557,10.0,0.8149218559265137,9.57
23,0.00035555555555555557,10.0,0.8189561367034912,9.56
23,0.00035555555555555557,10.0,0.822944164276123,9.91
23,0.00035555555555555557,10.0,0.8269152641296387,9.61
23,0.00035555555555555557,10.0,0.8309602737426758,9.72
23,0.00035555555555555557,10.0,0.8349330425262451,9.77
23,0.00035555555555555557,10.0,0.8389241695404053,9.63
23,0.00035555555555555557,10.0,0.8428020477294922,9.57
23,0.00035555555555555557,10.0,0.846627950668335,9.67
23,0.00035555555555555557,10.0,0.8504078388214111,9.84
23,0.00035555555555555557,10.0,0.8544638156890869,9.71
23,0.00035555555555555557,10.0,0.858487606048584,9.68
23,0.00035555555555555557,10.0,0.8624908924102783,9.76
23,0.00035555555555555557,10.0,0.8664565086364746,9.76
23,0.00035555555555555557,10.0,0.8704595565795898,9.73
23,0.00035555555555555557,10.0,0.8745667934417725,9.67
23,0.00035555555555555557,10.0,0.8785769939422607,9.9
23,0.00035555555555555557,10.0,0.8828263282775879,9.81
23,0.00035555555555555557,10.0,0.8868184089660645,9.75
23,0.00035555555555555557,10.0,0.8908166885375977,9.89
23,0.00035555555555555557,10.0,0.8948194980621338,9.69
23,0.00035555555555555557,10.0,0.8988234996795654,9.85
23,0.00035555555555555557,10.0,0.9028120040893555,9.86
23,0.00035555555555555557,10.0,0.9068138599395752,9.9
23,0.00035555555555555557,10.0,0.9108150005340576,9.58
23,0.00035555555555555557,10.0,0.9148168563842773,9.89
23,0.00035555555555555557,10.0,0.9188179969787598,9.74
23,0.00035555555555555557,10.0,0.9227414131164551,9.91
23,0.00035555555555555557,10.0,0.9266519546508789,9.88
23,0.00035555555555555557,10.0,0.9306426048278809,9.870000000000001
23,0.00035555555555555557,10.0,0.934767484664917,9.700000000000001
23,0.00035555555555555557,10.0,0.938795804977417,9.84
23,0.00035555555555555557,10.0,0.9428329467773438,9.98
23,0.00035555555555555557,10.0,0.9467825889587402,9.88
23,0.00035555555555555557,10.0,0.9508206844329834,9.870000000000001
23,0.00035555555555555557,10.0,0.9546287059783936,9.66
23,0.00035555555555555557,10.0,0.958498477935791,9.950000000000001
23,0.00035555555555555557,10.0,0.962557315826416,9.92
23,0.00035555555555555557,10.0,0.966759204864502,9.86
23,0.00035555555555555557,10.0,0.9705853462219238,9.950000000000001
23,0.00035555555555555557,10.0,0.9746556282043457,9.870000000000001
23,0.00035555555555555557,10.0,0.9788298606872559,9.92
23,0.00035555555555555557,10.0,0.9828362464904785,9.91
23,0.00035555555555555557,10.0,0.9867708683013916,9.89
23,0.00035555555555555557,10.0,0.990790843963623,9.86
23,0.00035555555555555557,10.0,0.9947924613952637,9.75
23,0.00035555555555555557,10.0,0.9988296031951904,10.03
23,0.00035555555555555557,10.0,1.0028362274169922,9.84
23,0.00035555555555555557,10.0,1.0068252086639404,9.94
23,0.00035555555555555557,10.0,1.0108602046966553,9.85
23,0.00035555555555555557,10.0,1.0148534774780273,9.89
23,0.00035555555555555557,10.0,1.0188531875610352,9.92
23,0.00035555555555555557,10.0,1.0228261947631836,10.01
23,0.00035555555555555557,10.0,1.0268323421478271,9.92
23,0.00035555555555555557,10.0,1.0307800769805908,9.93
23,0.00035555555555555557,10.0,1.034590482711792,10.02
23,0.00035555555555555557,10.0,1.0384936332702637,9.98
23,0.00035555555555555557,10.0,1.0425500869750977,9.950000000000001
23,0.00035555555555555557,10.0,1.0465407371520996,9.950000000000001
23,0.00035555555555555557,10.0,1.0505177974700928,10.05
23,0.00035555555555555557,10.0,1.0544443130493164,9.91
23,0.00035555555555555557,10.0,1.0584676265716553,9.950000000000001
23,0.00035555555555555557,10.0,1.0625264644622803,10.0
23,0.00035555555555555557,10.0,1.0665581226348877,10.05
23,0.00035555555555555557,10.0,1.070610523223877,9.85
23,0.00035555555555555557,10.0,1.0745890140533447,9.85
23,0.00035555555555555557,10.0,1.0786056518554688,10.02
23,0.00035555555555555557,10.0,1.0826013088226318,9.96
23,0.00035555555555555557,10.0,1.0868241786956787,9.950000000000001
23,0.00035555555555555557,10.0,1.0908076763153076,10.03
23,0.00035555555555555557,10.0,1.0948073863983154,10.02
23,0.00035555555555555557,10.0,1.0988223552703857,9.9
23,0.00035555555555555557,10.0,1.1027717590332031,9.85
23,0.00035555555555555557,10.0,1.1067984104156494,9.77
23,0.00035555555555555557,10.0,1.110654592514038,9.85
23,0.00035555555555555557,10.0,1.1147935390472412,10.02
23,0.00035555555555555557,10.0,1.11873197555542,9.92
23,0.00035555555555555557,10.0,1.1226000785827637,9.99
23,0.00035555555555555557,10.0,1.126784086227417,9.88
23,0.00035555555555555557,10.0,1.1308178901672363,9.97
23,0.00035555555555555557,10.0,1.13482666015625,10.11
23,0.00035555555555555557,10.0,1.1388404369354248,10.01
23,0.00035555555555555557,10.0,1.142827033996582,9.96
23,0.00035555555555555557,10.0,1.1468451023101807,9.83
23,0.00035555555555555557,10.0,1.1508252620697021,9.99
23,0.00035555555555555557,10.0,1.1547472476959229,9.92
23,0.00035555555555555557,10.0,1.158388614654541,10.040000000000001
23,0.00035555555555555557,10.0,1.1627051830291748,9.97
23,0.00035555555555555557,10.0,1.1666033267974854,9.950000000000001
23,0.00035555555555555557,10.0,1.170649528503418,10.03
23,0.00035555555555555557,10.0,1.1747288703918457,9.96
23,0.00035555555555555557,10.0,1.178755283355713,9.99
23,0.00035555555555555557,10.0,1.1827702522277832,10.06
23,0.00035555555555555557,10.0,1.1867613792419434,10.0
23,0.00035555555555555557,10.0,1.1906704902648926,10.0
23,0.00035555555555555557,10.0,1.1946630477905273,9.77
23,0.00035555555555555557,10.0,1.1988391876220703,9.98
23,0.00035555555555555557,10.0,1.2028942108154297,9.93
23,0.00035555555555555557,10.0,1.206888198852539,9.89
23,0.00035555555555555557,10.0,1.2108893394470215,10.07
23,0.00035555555555555557,10.0,1.2148866653442383,9.950000000000001
23,0.00035555555555555557,10.0,1.2188491821289062,9.82
23,0.00035555555555555557,10.0,1.222874641418457,9.98
23,0.00035555555555555557,10.0,1.2267482280731201,9.950000000000001
23,0.00035555555555555557,10.0,1.2307682037353516,9.91
23,0.00035555555555555557,10.0,1.2345826625823975,10.07
23,0.00035555555555555557,10.0,1.2385871410369873,10.040000000000001
23,0.00035555555555555557,10.0,1.2426328659057617,9.93
23,0.00035555555555555557,10.0,1.246455430984497,10.03
23,0.00035555555555555557,10.0,1.250434398651123,9.99
23,0.00035555555555555557,10.0,1.254544973373413,10.07
23,0.00035555555555555557,10.0,1.2583351135253906,10.040000000000001
23,0.00035555555555555557,10.0,1.2623636722564697,9.93
23,0.00035555555555555557,10.0,1.266404390335083,9.950000000000001
23,0.00035555555555555557,10.0,1.270392894744873,10.120000000000001
23,0.00035555555555555557,10.0,1.2743611335754395,9.94
23,0.00035555555555555557,10.0,1.2783739566802979,10.08
23,0.00035555555555555557,10.0,1.2823338508605957,10.05
23,0.00035555555555555557,10.0,1.2853364944458008,9.94
23,0.00035555555555555557,10.0,1.289539098739624,10.0
23,0.00035555555555555557,10.0,1.2934653759002686,9.85
23,0.00035555555555555557,10.0,1.297487497329712,9.98
23,0.00035555555555555557,10.0,1.3014779090881348,9.91
23,0.00035555555555555557,10.0,1.3054583072662354,9.85
23,0.00035555555555555557,10.0,1.309446096420288,9.96
23,0.00035555555555555557,10.0,1.3134467601776123,9.93
23,0.00035555555555555557,10.0,1.3174726963043213,9.97
23,0.00035555555555555557,10.0,1.3215203285217285,9.99
23,0.00035555555555555557,10.0,1.3256299495697021,9.98
23,0.00035555555555555557,10.0,1.3296160697937012,9.86
23,0.00035555555555555557,10.0,1.333616018295288,9.93
23,0.00035555555555555557,10.0,1.3376100063323975,9.94
23,0.00035555555555555557,10.0,1.3416118621826172,9.98
23,0.00035555555555555557,10.0,1.3456165790557861,10.11
23,0.00035555555555555557,10.0,1.3496336936950684,10.02
23,0.00035555555555555557,10.0,1.353616714477539,10.08
23,0.00035555555555555557,10.0,1.3576593399047852,9.97
23,0.00035555555555555557,10.0,1.361532211303711,10.18
23,0.00035555555555555557,10.0,1.365473747253418,10.02
23,0.00035555555555555557,10.0,1.3694853782653809,9.99
23,0.00035555555555555557,10.0,1.3735466003417969,10.06
23,0.00035555555555555557,10.0,1.3775911331176758,9.94
23,0.00035555555555555557,10.0,1.3817415237426758,10.03
23,0.00035555555555555557,10.0,1.3856003284454346,9.9
23,0.00035555555555555557,10.0,1.3895964622497559,9.96
23,0.00035555555555555557,10.0,1.3936004638671875,9.88
23,0.00035555555555555557,10.0,1.3975934982299805,10.15
23,0.00035555555555555557,10.0,1.4016118049621582,9.88
23,0.00035555555555555557,10.0,1.4055988788604736,9.96
23,0.00035555555555555557,10.0,1.4097535610198975,10.02
23,0.00035555555555555557,10.0,1.413743257522583,9.94
23,0.00035555555555555557,10.0,1.4177825450897217,9.99
23,0.00035555555555555557,10.0,1.4215967655181885,10.07
23,0.00035555555555555557,10.0,1.4255952835083008,10.06
23,0.00035555555555555557,10.0,1.4296202659606934,9.88
23,0.00035555555555555557,10.0,1.4336049556732178,10.02
23,0.00035555555555555557,10.0,1.437769889831543,9.97
23,0.00035555555555555557,10.0,1.441669225692749,10.06
23,0.00035555555555555557,10.0,1.4456562995910645,9.83
23,0.00035555555555555557,10.0,1.4496512413024902,10.02
23,0.00035555555555555557,10.0,1.4535260200500488,10.07
23,0.00035555555555555557,10.0,1.4576220512390137,9.96
23,0.00035555555555555557,10.0,1.4615049362182617,9.94
23,0.00035555555555555557,10.0,1.4654803276062012,9.96
23,0.00035555555555555557,10.0,1.4694833755493164,10.11
23,0.00035555555555555557,10.0,1.4735689163208008,9.88
23,0.00035555555555555557,10.0,1.4775924682617188,10.14
23,0.00035555555555555557,10.0,1.4815914630889893,10.06
23,0.00035555555555555557,10.0,1.4857487678527832,10.03
23,0.00035555555555555557,10.0,1.4895999431610107,9.73
23,0.00035555555555555557,10.0,1.493622064590454,10.040000000000001
23,0.00035555555555555557,10.0,1.4977703094482422,10.01
24,0.00037777777777777777,5.0,2.1457672119140625e-06,2.46
24,0.00037777777777777777,5.0,0.007536172866821289,2.49
24,0.00037777777777777777,5.0,0.011573076248168945,2.45
24,0.00037777777777777777,5.0,0.0156402587890625,2.45
24,0.00037777777777777777,5.0,0.01966118812561035,2.5
24,0.00037777777777777777,5.0,0.02372574806213379,2.47
24,0.00037777777777777777,5.0,0.02772378921508789,2.42
24,0.00037777777777777777,5.0,0.03166532516479492,2.45
24,0.00037777777777777777,5.0,0.035651206970214844,2.48
24,0.00037777777777777777,5.0,0.03965568542480469,2.54
24,0.00037777777777777777,5.0,0.04366278648376465,2.47
24,0.00037777777777777777,5.0,0.04787015914916992,2.47
24,0.00037777777777777777,5.0,0.0518803596496582,2.49
24,0.00037777777777777777,5.0,0.05587935447692871,2.46
24,0.00037777777777777777,5.0,0.05987668037414551,2.49
24,0.00037777777777777777,5.0,0.06388044357299805,2.48
24,0.00037777777777777777,5.0,0.06788754463195801,2.49
24,0.00037777777777777777,5.0,0.07188630104064941,2.49
24,0.00037777777777777777,5.0,0.07588696479797363,2.5
24,0.00037777777777777777,5.0,0.07988405227661133,2.48
24,0.00037777777777777777,5.0,0.0838770866394043,2.48
24,0.00037777777777777777,5.0,0.08786869049072266,2.45
24,0.00037777777777777777,5.0,0.09188389778137207,2.5100000000000002
24,0.00037777777777777777,5.0,0.09585213661193848,2.44
24,0.00037777777777777777,5.0,0.09988546371459961,2.52
24,0.00037777777777777777,5.0,0.10362720489501953,2.49
24,0.00037777777777777777,5.0,0.10744476318359375,2.49
24,0.00037777777777777777,5.0,0.11165332794189453,2.5100000000000002
24,0.00037777777777777777,5.0,0.1157534122467041,2.5100000000000002
24,0.00037777777777777777,5.0,0.11965441703796387,2.5100000000000002
24,0.00037777777777777777,5.0,0.1238701343536377,2.5
24,0.00037777777777777777,5.0,0.12786054611206055,2.47
24,0.00037777777777777777,5.0,0.13187813758850098,2.49
24,0.00037777777777777777,5.0,0.13562631607055664,2.47
24,0.00037777777777777777,5.0,0.13979744911193848,2.49
24,0.00037777777777777777,5.0,0.14383149147033691,2.5
24,0.00037777777777777777,5.0,0.14783692359924316,2.5100000000000002
24,0.00037777777777777777,5.0,0.15185809135437012,2.49
24,0.00037777777777777777,5.0,0.15585851669311523,2.46
24,0.00037777777777777777,5.0,0.15985751152038574,2.5300000000000002
24,0.00037777777777777777,5.0,0.16365385055541992,2.48
24,0.00037777777777777777,5.0,0.1677083969116211,2.5
24,0.00037777777777777777,5.0,0.17175078392028809,2.46
24,0.00037777777777777777,5.0,0.17579889297485352,2.49
24,0.00037777777777777777,5.0,0.17981743812561035,2.49
24,0.00037777777777777777,5.0,0.18364334106445312,2.47
24,0.00037777777777777777,5.0,0.18782544136047363,2.49
24,0.00037777777777777777,5.0,0.1918354034423828,2.48
24,0.00037777777777777777,5.0,0.1958332061767578,2.54
24,0.00037777777777777777,5.0,0.19973111152648926,2.52
24,0.00037777777777777777,5.0,0.20369338989257812,2.5
24,0.00037777777777777777,5.0,0.20743632316589355,2.5100000000000002
24,0.00037777777777777777,5.0,0.21149539947509766,2.48
24,0.00037777777777777777,5.0,0.21561765670776367,2.5
24,0.00037777777777777777,5.0,0.21962571144104004,2.45
24,0.00037777777777777777,5.0,0.22383880615234375,2.47
24,0.00037777777777777777,5.0,0.22784042358398438,2.5100000000000002
24,0.00037777777777777777,5.0,0.23187541961669922,2.5100000000000002
24,0.00037777777777777777,5.0,0.2358396053314209,2.52
24,0.00037777777777777777,5.0,0.23988628387451172,2.49
24,0.00037777777777777777,5.0,0.243896484375,2.52
24,0.00037777777777777777,5.0,0.2478795051574707,2.42
24,0.00037777777777777777,5.0,0.2518892288208008,2.45
24,0.00037777777777777777,5.0,0.2558627128601074,2.45
24,0.00037777777777777777,5.0,0.2598848342895508,2.5
24,0.00037777777777777777,5.0,0.2638988494873047,2.46
24,0.00037777777777777777,5.0,0.2678513526916504,2.5
24,0.00037777777777777777,5.0,0.2718830108642578,2.45
24,0.00037777777777777777,5.0,0.27587032318115234,2.49
24,0.00037777777777777777,5.0,0.27988123893737793,2.5100000000000002
24,0.00037777777777777777,5.0,0.28386473655700684,2.5300000000000002
24,0.00037777777777777777,5.0,0.28786230087280273,2.5100000000000002
24,0.00037777777777777777,5.0,0.29185032844543457,2.49
24,0.00037777777777777777,5.0,0.29564976692199707,2.5100000000000002
24,0.00037777777777777777,5.0,0.2997136116027832,2.5
24,0.00037777777777777777,5.0,0.3036460876464844,2.49
24,0.00037777777777777777,5.0,0.30753445625305176,2.44
24,0.00037777777777777777,5.0,0.311511754989624,2.5
24,0.00037777777777777777,5.0,0.31555771827697754,2.52
24,0.00037777777777777777,5.0,0.31960034370422363,2.5
24,0.00037777777777777777,5.0,0.32366371154785156,2.46
24,0.00037777777777777777,5.0,0.3278481960296631,2.48
24,0.00037777777777777777,5.0,0.33187294006347656,2.49
24,0.00037777777777777777,5.0,0.3358635902404785,2.5300000000000002
24,0.00037777777777777777,5.0,0.3398563861846924,2.49
24,0.00037777777777777777,5.0,0.3438739776611328,2.46
24,0.00037777777777777777,5.0,0.3478665351867676,2.49
24,0.00037777777777777777,5.0,0.3518640995025635,2.49
24,0.00037777777777777777,5.0,0.35576462745666504,2.52
24,0.00037777777777777777,5.0,0.35983848571777344,2.5100000000000002
24,0.00037777777777777777,5.0,0.3636131286621094,2.46
24,0.00037777777777777777,5.0,0.3678553104400635,2.48
24,0.00037777777777777777,5.0,0.3718571662902832,2.47
24,0.00037777777777777777,5.0,0.3758516311645508,2.52
24,0.00037777777777777777,5.0,0.37985992431640625,2.47
24,0.00037777777777777777,5.0,0.3838372230529785,2.49
24,0.00037777777777777777,5.0,0.3878819942474365,2.47
24,0.00037777777777777777,5.0,0.3918294906616211,2.5100000000000002
24,0.00037777777777777777,5.0,0.39583396911621094,2.46
24,0.00037777777777777777,5.0,0.39960527420043945,2.5100000000000002
24,0.00037777777777777777,5.0,0.40351057052612305,2.49
24,0.00037777777777777777,5.0,0.4074854850769043,2.49
24,0.00037777777777777777,5.0,0.41141676902770996,2.5300000000000002
24,0.00037777777777777777,5.0,0.4155538082122803,2.44
24,0.00037777777777777777,5.0,0.41963815689086914,2.45
24,0.00037777777777777777,5.0,0.42381715774536133,2.47
24,0.00037777777777777777,5.0,0.4278380870819092,2.48
24,0.00037777777777777777,5.0,0.4318420886993408,2.52
24,0.00037777777777777777,5.0,0.43584132194519043,2.45
24,0.00037777777777777777,5.0,0.4398152828216553,2.5100000000000002
24,0.00037777777777777777,5.0,0.4438345432281494,2.43
24,0.00037777777777777777,5.0,0.4478306770324707,2.49
24,0.00037777777777777777,5.0,0.45184874534606934,2.5
24,0.00037777777777777777,5.0,0.45584869384765625,2.48
24,0.00037777777777777777,5.0,0.4598388671875,2.5
24,0.00037777777777777777,5.0,0.4637889862060547,2.52
24,0.00037777777777777777,5.0,0.46781468391418457,2.5
24,0.00037777777777777777,5.0,0.4718194007873535,2.48
24,0.00037777777777777777,5.0,0.4758141040802002,2.47
24,0.00037777777777777777,5.0,0.4797945022583008,2.5100000000000002
24,0.00037777777777777777,5.0,0.4837932586669922,2.49
24,0.00037777777777777777,5.0,0.48783445358276367,2.5300000000000002
24,0.00037777777777777777,5.0,0.49181437492370605,2.49
24,0.00037777777777777777,5.0,0.495835542678833,2.5100000000000002
24,0.00037777777777777777,5.0,0.4998304843902588,2.5100000000000002
24,0.00037777777777777777,5.0,0.5037579536437988,2.5100000000000002
24,0.00037777777777777777,5.0,0.5114176273345947,2.69
24,0.00037777777777777777,5.0,0.515540599822998,2.7600000000000002
24,0.00037777777777777777,5.0,0.5195708274841309,2.86
24,0.00037777777777777777,5.0,0.5236446857452393,2.93
24,0.00037777777777777777,5.0,0.5276353359222412,3.0300000000000002
24,0.00037777777777777777,5.0,0.5316359996795654,3.09
24,0.00037777777777777777,5.0,0.5356636047363281,3.14
24,0.00037777777777777777,5.0,0.5396599769592285,3.21
24,0.00037777777777777777,5.0,0.5436394214630127,3.31
24,0.00037777777777777777,5.0,0.5477361679077148,3.29
24,0.00037777777777777777,5.0,0.5518834590911865,3.33
24,0.00037777777777777777,5.0,0.5558114051818848,3.46
24,0.00037777777777777777,5.0,0.5596659183502197,3.58
24,0.00037777777777777777,5.0,0.5636582374572754,3.5700000000000003
24,0.00037777777777777777,5.0,0.567641019821167,3.69
24,0.00037777777777777777,5.0,0.5718669891357422,3.74
24,0.00037777777777777777,5.0,0.5758523941040039,3.7800000000000002
24,0.00037777777777777777,5.0,0.5798459053039551,3.8200000000000003
24,0.00037777777777777777,5.0,0.5838398933410645,3.88
24,0.00037777777777777777,5.0,0.5878193378448486,3.93
24,0.00037777777777777777,5.0,0.591843843460083,3.97
24,0.00037777777777777777,5.0,0.5958538055419922,4.08
24,0.00037777777777777777,5.0,0.5998368263244629,4.12
24,0.00037777777777777777,5.0,0.6038656234741211,4.1
24,0.00037777777777777777,5.0,0.6075108051300049,4.1
24,0.00037777777777777777,5.0,0.6115400791168213,4.12
24,0.00037777777777777777,5.0,0.6155285835266113,4.17
24,0.00037777777777777777,5.0,0.619584321975708,4.26
24,0.00037777777777777777,5.0,0.6237907409667969,4.3
24,0.00037777777777777777,5.0,0.6278054714202881,4.29
24,0.00037777777777777777,5.0,0.6318340301513672,4.36
24,0.00037777777777777777,5.0,0.6358544826507568,4.43
24,0.00037777777777777777,5.0,0.6398441791534424,4.43
24,0.00037777777777777777,5.0,0.6438417434692383,4.41
24,0.00037777777777777777,5.0,0.6478261947631836,4.49
24,0.00037777777777777777,5.0,0.6518378257751465,4.45
24,0.00037777777777777777,5.0,0.6558361053466797,4.6000000000000005
24,0.00037777777777777777,5.0,0.6598467826843262,4.55
24,0.00037777777777777777,5.0,0.6638176441192627,4.64
24,0.00037777777777777777,5.0,0.6678466796875,4.65
24,0.00037777777777777777,5.0,0.6718511581420898,4.66
24,0.00037777777777777777,5.0,0.6758816242218018,4.57
24,0.00037777777777777777,5.0,0.679633617401123,4.67
24,0.00037777777777777777,5.0,0.683645486831665,4.66
24,0.00037777777777777777,5.0,0.6876530647277832,4.68
24,0.00037777777777777777,5.0,0.6917257308959961,4.66
24,0.00037777777777777777,5.0,0.6957309246063232,4.78
24,0.00037777777777777777,5.0,0.6997101306915283,4.73
24,0.00037777777777777777,5.0,0.7037286758422852,4.79
24,0.00037777777777777777,5.0,0.7076256275177002,4.76
24,0.00037777777777777777,5.0,0.7113609313964844,4.71
24,0.00037777777777777777,5.0,0.7154176235198975,4.75
24,0.00037777777777777777,5.0,0.7194957733154297,4.83
24,0.00037777777777777777,5.0,0.7237293720245361,4.7700000000000005
24,0.00037777777777777777,5.0,0.7277836799621582,4.8
24,0.00037777777777777777,5.0,0.7317235469818115,4.88
24,0.00037777777777777777,5.0,0.7357244491577148,4.83
24,0.00037777777777777777,5.0,0.7397246360778809,4.87
24,0.00037777777777777777,5.0,0.7437241077423096,4.73
24,0.00037777777777777777,5.0,0.7477517127990723,4.88
24,0.00037777777777777777,5.0,0.7516391277313232,4.78
24,0.00037777777777777777,5.0,0.7557334899902344,4.89
24,0.00037777777777777777,5.0,0.7597274780273438,4.9
24,0.00037777777777777777,5.0,0.7637321949005127,4.89
24,0.00037777777777777777,5.0,0.7677364349365234,4.88
24,0.00037777777777777777,5.0,0.7715835571289062,4.97
24,0.00037777777777777777,5.0,0.775766134262085,4.97
24,0.00037777777777777777,5.0,0.779757022857666,4.86
24,0.00037777777777777777,5.0,0.7837584018707275,4.9
24,0.00037777777777777777,5.0,0.7877516746520996,4.91
24,0.00037777777777777777,5.0,0.7917652130126953,4.94
24,0.00037777777777777777,5.0,0.795612096786499,4.82
24,0.00037777777777777777,5.0,0.7996101379394531,4.86
24,0.00037777777777777777,5.0,0.8037402629852295,5.01
24,0.00037777777777777777,5.0,0.8076479434967041,4.94
24,0.00037777777777777777,5.0,0.8114869594573975,4.96
24,0.00037777777777777777,5.0,0.8154218196868896,4.88
24,0.00037777777777777777,5.0,0.8196513652801514,4.94
24,0.00037777777777777777,5.0,0.8237433433532715,4.94
24,0.00037777777777777777,5.0,0.8277301788330078,4.9
24,0.00037777777777777777,5.0,0.8316612243652344,5.07
24,0.00037777777777777777,5.0,0.8357582092285156,5.05
24,0.00037777777777777777,5.0,0.8397564888000488,4.8
24,0.00037777777777777777,5.0,0.8437747955322266,5.0200000000000005
24,0.00037777777777777777,5.0,0.8477277755737305,4.9
24,0.00037777777777777777,5.0,0.851750373840332,5.0600000000000005
24,0.00037777777777777777,5.0,0.8557634353637695,4.88
24,0.00037777777777777777,5.0,0.8597393035888672,4.93
24,0.00037777777777777777,5.0,0.8637607097625732,4.91
24,0.00037777777777777777,5.0,0.8677124977111816,4.94
24,0.00037777777777777777,5.0,0.8717353343963623,4.8
24,0.00037777777777777777,5.0,0.8757443428039551,4.97
24,0.00037777777777777777,5.0,0.8796308040618896,4.96
24,0.00037777777777777777,5.0,0.8837399482727051,4.99
24,0.00037777777777777777,5.0,0.887732744216919,4.92
24,0.00037777777777777777,5.0,0.8917336463928223,4.89
24,0.00037777777777777777,5.0,0.895728588104248,4.94
24,0.00037777777777777777,5.0,0.8995413780212402,4.91
24,0.00037777777777777777,5.0,0.9034457206726074,5.01
24,0.00037777777777777777,5.0,0.9073781967163086,4.88
24,0.00037777777777777777,5.0,0.9113433361053467,5.05
24,0.00037777777777777777,5.0,0.915461540222168,4.99
24,0.00037777777777777777,5.0,0.9195024967193604,4.93
24,0.00037777777777777777,5.0,0.9235727787017822,5.01
24,0.00037777777777777777,5.0,0.9277496337890625,4.98
24,0.00037777777777777777,5.0,0.9317483901977539,4.93
24,0.00037777777777777777,5.0,0.9356324672698975,4.79
24,0.00037777777777777777,5.0,0.9397823810577393,4.93
24,0.00037777777777777777,5.0,0.9437587261199951,4.86
24,0.00037777777777777777,5.0,0.9476134777069092,5.01
24,0.00037777777777777777,5.0,0.9515683650970459,5.08
24,0.00037777777777777777,5.0,0.9555826187133789,5.0
24,0.00037777777777777777,5.0,0.9593973159790039,5.0600000000000005
24,0.00037777777777777777,5.0,0.9632763862609863,4.97
24,0.00037777777777777777,5.0,0.9672431945800781,4.97
24,0.00037777777777777777,5.0,0.9711704254150391,4.98
24,0.00037777777777777777,5.0,0.9741556644439697,5.03
24,0.00037777777777777777,5.0,0.9772939682006836,4.95
24,0.00037777777777777777,5.0,0.9814863204956055,4.96
24,0.00037777777777777777,5.0,0.9854400157928467,5.0
24,0.00037777777777777777,5.0,0.9894356727600098,5.0200000000000005
24,0.00037777777777777777,5.0,0.9934239387512207,5.0
24,0.00037777777777777777,5.0,0.9974343776702881,4.97
24,0.00037777777777777777,5.0,1.0015103816986084,4.94
24,0.00037777777777777777,5.0,1.005476713180542,4.96
24,0.00037777777777777777,5.0,1.0093293190002441,4.97
24,0.00037777777777777777,5.0,1.013420820236206,4.92
24,0.00037777777777777777,5.0,1.0174148082733154,4.94
24,0.00037777777777777777,5.0,1.0216443538665771,4.94
24,0.00037777777777777777,5.0,1.0257289409637451,4.94
24,0.00037777777777777777,5.0,1.0297365188598633,5.05
24,0.00037777777777777777,5.0,1.033731460571289,4.99
24,0.00037777777777777777,5.0,1.0377228260040283,4.9
24,0.00037777777777777777,5.0,1.0417163372039795,5.01
24,0.00037777777777777777,5.0,1.0457496643066406,4.88
24,0.00037777777777777777,5.0,1.0497393608093262,5.0
24,0.00037777777777777777,5.0,1.0537388324737549,5.07
24,0.00037777777777777777,5.0,1.057741403579712,4.96
24,0.00037777777777777777,5.0,1.0616304874420166,4.98
24,0.00037777777777777777,5.0,1.0657413005828857,5.05
24,0.00037777777777777777,5.0,1.0697684288024902,5.17
24,0.00037777777777777777,5.0,1.0737347602844238,4.98
24,0.00037777777777777777,5.0,1.0777206420898438,5.11
24,0.00037777777777777777,5.0,1.0817489624023438,5.0200000000000005
24,0.00037777777777777777,5.0,1.0856306552886963,4.95
24,0.00037777777777777777,5.0,1.089461326599121,5.0600000000000005
24,0.00037777777777777777,5.0,1.093334436416626,4.93
24,0.00037777777777777777,5.0,1.0973453521728516,4.95
24,0.00037777777777777777,5.0,1.101322889328003,5.03
24,0.00037777777777777777,5.0,1.1053540706634521,5.08
24,0.00037777777777777777,5.0,1.109384536743164,4.98
24,0.00037777777777777777,5.0,1.1133289337158203,5.03
24,0.00037777777777777777,5.0,1.1173748970031738,4.96
24,0.00037777777777777777,5.0,1.1213963031768799,4.88
24,0.00037777777777777777,5.0,1.1254868507385254,5.0
24,0.00037777777777777777,5.0,1.1296637058258057,4.95
24,0.00037777777777777777,5.0,1.1336414813995361,4.94
24,0.00037777777777777777,5.0,1.1376581192016602,5.0
24,0.00037777777777777777,5.0,1.1416616439819336,5.08
24,0.00037777777777777777,5.0,1.1457085609436035,4.92
24,0.00037777777777777777,5.0,1.1496362686157227,4.84
24,0.00037777777777777777,5.0,1.153639316558838,4.93
24,0.00037777777777777777,5.0,1.157702922821045,5.01
24,0.00037777777777777777,5.0,1.161613941192627,4.99
24,0.00037777777777777777,5.0,1.1654670238494873,4.96
24,0.00037777777777777777,5.0,1.1693909168243408,4.97
24,0.00037777777777777777,5.0,1.1736314296722412,5.04
24,0.00037777777777777777,5.0,1.1776397228240967,5.01
24,0.00037777777777777777,5.0,1.1816411018371582,4.97
24,0.00037777777777777777,5.0,1.1856377124786377,4.99
24,0.00037777777777777777,5.0,1.1896543502807617,5.0
24,0.00037777777777777777,5.0,1.1937644481658936,5.0200000000000005
24,0.00037777777777777777,5.0,1.1977393627166748,5.0
24,0.00037777777777777777,5.0,1.201711654663086,5.03
24,0.00037777777777777777,5.0,1.2057151794433594,4.97
24,0.00037777777777777777,5.0,1.2096123695373535,5.0
24,0.00037777777777777777,5.0,1.21337890625,4.9
24,0.00037777777777777777,5.0,1.2173776626586914,4.86
24,0.00037777777777777777,5.0,1.2214267253875732,5.0200000000000005
24,0.00037777777777777777,5.0,1.2256197929382324,4.87
24,0.00037777777777777777,5.0,1.2296125888824463,5.05
24,0.00037777777777777777,5.0,1.2336153984069824,5.11
24,0.00037777777777777777,5.0,1.2375154495239258,5.0
24,0.00037777777777777777,5.0,1.2416303157806396,5.01
24,0.00037777777777777777,5.0,1.2457313537597656,4.96
24,0.00037777777777777777,5.0,1.249709129333496,4.98
24,0.00037777777777777777,5.0,1.2537314891815186,5.0200000000000005
24,0.00037777777777777777,5.0,1.2577354907989502,5.0
24,0.00037777777777777777,5.0,1.2616281509399414,4.92
24,0.00037777777777777777,5.0,1.2654964923858643,5.0200000000000005
24,0.00037777777777777777,5.0,1.269385576248169,5.0200000000000005
24,0.00037777777777777777,5.0,1.273348093032837,4.95
24,0.00037777777777777777,5.0,1.2773513793945312,4.95
24,0.00037777777777777777,5.0,1.2813613414764404,5.0
24,0.00037777777777777777,5.0,1.2853944301605225,5.01
24,0.00037777777777777777,5.0,1.2896158695220947,5.0
24,0.00037777777777777777,5.0,1.293656349182129,5.0600000000000005
24,0.00037777777777777777,5.0,1.2977511882781982,4.99
24,0.00037777777777777777,5.0,1.3017075061798096,5.07
24,0.00037777777777777777,5.0,1.3057148456573486,4.99
24,0.00037777777777777777,5.0,1.3095991611480713,4.97
24,0.00037777777777777777,5.0,1.3134276866912842,4.84
24,0.00037777777777777777,5.0,1.3173716068267822,5.01
24,0.00037777777777777777,5.0,1.3214726448059082,5.03
24,0.00037777777777777777,5.0,1.3254749774932861,4.95
24,0.00037777777777777777,5.0,1.329542636871338,4.96
24,0.00037777777777777777,5.0,1.3335068225860596,4.94
24,0.00037777777777777777,5.0,1.3374807834625244,5.14
24,0.00037777777777777777,5.0,1.3414232730865479,5.0200000000000005
24,0.00037777777777777777,5.0,1.3455922603607178,5.03
24,0.00037777777777777777,5.0,1.349611520767212,5.0
24,0.00037777777777777777,5.0,1.3536303043365479,5.0200000000000005
24,0.00037777777777777777,5.0,1.3576323986053467,4.99
24,0.00037777777777777777,5.0,1.361661434173584,5.01
24,0.00037777777777777777,5.0,1.3654453754425049,5.05
24,0.00037777777777777777,5.0,1.3697023391723633,4.92
24,0.00037777777777777777,5.0,1.3736543655395508,5.01
24,0.00037777777777777777,5.0,1.3777198791503906,5.0
24,0.00037777777777777777,5.0,1.3817074298858643,5.04
24,0.00037777777777777777,5.0,1.3857169151306152,4.93
24,0.00037777777777777777,5.0,1.3897197246551514,4.97
24,0.00037777777777777777,5.0,1.39371919631958,4.97
24,0.00037777777777777777,5.0,1.3977022171020508,5.03
24,0.00037777777777777777,5.0,1.4014697074890137,5.05
24,0.00037777777777777777,5.0,1.405369758605957,4.98
24,0.00037777777777777777,5.0,1.4094195365905762,5.08
24,0.00037777777777777777,5.0,1.413374662399292,4.98
24,0.00037777777777777777,5.0,1.4173848628997803,4.91
24,0.00037777777777777777,5.0,1.4216227531433105,4.98
24,0.00037777777777777777,5.0,1.4257826805114746,5.0200000000000005
24,0.00037777777777777777,5.0,1.4296083450317383,5.0600000000000005
24,0.00037777777777777777,5.0,1.4335122108459473,5.0
24,0.00037777777777777777,5.0,1.4375784397125244,5.0200000000000005
24,0.00037777777777777777,5.0,1.4415271282196045,5.1000000000000005
24,0.00037777777777777777,5.0,1.4457125663757324,4.92
24,0.00037777777777777777,5.0,1.4496486186981201,4.96
24,0.00037777777777777777,5.0,1.4537055492401123,5.0600000000000005
24,0.00037777777777777777,5.0,1.457746982574463,5.0200000000000005
24,0.00037777777777777777,5.0,1.4616360664367676,5.03
24,0.00037777777777777777,5.0,1.4654881954193115,4.97
24,0.00037777777777777777,5.0,1.469491958618164,4.89
24,0.00037777777777777777,5.0,1.4736649990081787,4.95
24,0.00037777777777777777,5.0,1.4776544570922852,5.01
24,0.00037777777777777777,5.0,1.4816503524780273,4.96
24,0.00037777777777777777,5.0,1.4856553077697754,5.03
24,0.00037777777777777777,5.0,1.4897170066833496,4.97
24,0.00037777777777777777,5.0,1.4936506748199463,4.98
24,0.00037777777777777777,5.0,1.4977257251739502,5.01
25,0.00037777777777777777,7.5,2.1457672119140625e-06,3.8200000000000003
25,0.00037777777777777777,7.5,0.00773310661315918,3.7800000000000002
25,0.00037777777777777777,7.5,0.011704444885253906,3.62
25,0.00037777777777777777,7.5,0.015641212463378906,3.7
25,0.00037777777777777777,7.5,0.01964116096496582,3.84
25,0.00037777777777777777,7.5,0.023661136627197266,3.77
25,0.00037777777777777777,7.5,0.02782154083251953,3.79
25,0.00037777777777777777,7.5,0.031842947006225586,3.87
25,0.00037777777777777777,7.5,0.035837650299072266,3.7800000000000002
25,0.00037777777777777777,7.5,0.039830923080444336,3.69
25,0.00037777777777777777,7.5,0.043836355209350586,3.7800000000000002
25,0.00037777777777777777,7.5,0.04785728454589844,3.67
25,0.00037777777777777777,7.5,0.051804304122924805,3.85
25,0.00037777777777777777,7.5,0.05574202537536621,3.77
25,0.00037777777777777777,7.5,0.05975914001464844,3.9
25,0.00037777777777777777,7.5,0.06389093399047852,3.75
25,0.00037777777777777777,7.5,0.06790852546691895,3.69
25,0.00037777777777777777,7.5,0.0719451904296875,3.68
25,0.00037777777777777777,7.5,0.07594490051269531,3.75
25,0.00037777777777777777,7.5,0.08000326156616211,3.74
25,0.00037777777777777777,7.5,0.08407807350158691,3.8000000000000003
25,0.00037777777777777777,7.5,0.08807587623596191,3.65
25,0.00037777777777777777,7.5,0.0921332836151123,3.7800000000000002
25,0.00037777777777777777,7.5,0.09606766700744629,3.73
25,0.00037777777777777777,7.5,0.10006284713745117,3.75
25,0.00037777777777777777,7.5,0.10391116142272949,3.75
25,0.00037777777777777777,7.5,0.10808205604553223,3.7800000000000002
25,0.00037777777777777777,7.5,0.11199426651000977,3.7800000000000002
25,0.00037777777777777777,7.5,0.11594152450561523,3.71
25,0.00037777777777777777,7.5,0.12013530731201172,3.77
25,0.00037777777777777777,7.5,0.12407946586608887,3.73
25,0.00037777777777777777,7.5,0.12804675102233887,3.77
25,0.00037777777777777777,7.5,0.13207316398620605,3.67
25,0.00037777777777777777,7.5,0.13612866401672363,3.72
25,0.00037777777777777777,7.5,0.13999557495117188,3.7800000000000002
25,0.00037777777777777777,7.5,0.1438124179840088,3.73
25,0.00037777777777777777,7.5,0.1477501392364502,3.75
25,0.00037777777777777777,7.5,0.15175843238830566,3.75
25,0.00037777777777777777,7.5,0.15572333335876465,3.69
25,0.00037777777777777777,7.5,0.1597282886505127,3.72
25,0.00037777777777777777,7.5,0.16378164291381836,3.8000000000000003
25,0.00037777777777777777,7.5,0.16799187660217285,3.72
25,0.00037777777777777777,7.5,0.1719655990600586,3.73
25,0.00037777777777777777,7.5,0.17591357231140137,3.69
25,0.00037777777777777777,7.5,0.179856538772583,3.8000000000000003
25,0.00037777777777777777,7.5,0.1839146614074707,3.81
25,0.00037777777777777777,7.5,0.1880478858947754,3.69
25,0.00037777777777777777,7.5,0.1920459270477295,3.71
25,0.00037777777777777777,7.5,0.1960444450378418,3.75
25,0.00037777777777777777,7.5,0.19988608360290527,3.72
25,0.00037777777777777777,7.5,0.20376920700073242,3.75
25,0.00037777777777777777,7.5,0.2078702449798584,3.73
25,0.00037777777777777777,7.5,0.21195745468139648,3.71
25,0.00037777777777777777,7.5,0.2158675193786621,3.73
25,0.00037777777777777777,7.5,0.2200307846069336,3.7800000000000002
25,0.00037777777777777777,7.5,0.22404813766479492,3.72
25,0.00037777777777777777,7.5,0.22805118560791016,3.89
25,0.00037777777777777777,7.5,0.2320539951324463,3.7800000000000002
25,0.00037777777777777777,7.5,0.23607897758483887,3.71
25,0.00037777777777777777,7.5,0.24007558822631836,3.75
25,0.00037777777777777777,7.5,0.24412107467651367,3.7
25,0.00037777777777777777,7.5,0.24808263778686523,3.7
25,0.00037777777777777777,7.5,0.2520115375518799,3.7
25,0.00037777777777777777,7.5,0.2558925151824951,3.7
25,0.00037777777777777777,7.5,0.2598531246185303,3.75
25,0.00037777777777777777,7.5,0.2637674808502197,3.7600000000000002
25,0.00037777777777777777,7.5,0.26804161071777344,3.71
25,0.00037777777777777777,7.5,0.27204012870788574,3.77
25,0.00037777777777777777,7.5,0.2758028507232666,3.7800000000000002
25,0.00037777777777777777,7.5,0.2799952030181885,3.8000000000000003
25,0.00037777777777777777,7.5,0.283998966217041,3.7800000000000002
25,0.00037777777777777777,7.5,0.28807926177978516,3.65
25,0.00037777777777777777,7.5,0.29213738441467285,3.71
25,0.00037777777777777777,7.5,0.29613590240478516,3.73
25,0.00037777777777777777,7.5,0.30013132095336914,3.68
25,0.00037777777777777777,7.5,0.3041372299194336,3.79
25,0.00037777777777777777,7.5,0.308138370513916,3.72
25,0.00037777777777777777,7.5,0.3121497631072998,3.75
25,0.00037777777777777777,7.5,0.3161427974700928,3.67
25,0.00037777777777777777,7.5,0.320040225982666,3.68
25,0.00037777777777777777,7.5,0.324141263961792,3.73
25,0.00037777777777777777,7.5,0.3281381130218506,3.72
25,0.00037777777777777777,7.5,0.33214282989501953,3.69
25,0.00037777777777777777,7.5,0.33614039421081543,3.7600000000000002
25,0.00037777777777777777,7.5,0.34014344215393066,3.64
25,0.00037777777777777777,7.5,0.34407758712768555,3.84
25,0.00037777777777777777,7.5,0.3480527400970459,3.83
25,0.00037777777777777777,7.5,0.3519766330718994,3.77
25,0.00037777777777777777,7.5,0.35590338706970215,3.61
25,0.00037777777777777777,7.5,0.359804630279541,3.72
25,0.00037777777777777777,7.5,0.36393141746520996,3.81
25,0.00037777777777777777,7.5,0.36803698539733887,3.73
25,0.00037777777777777777,7.5,0.37206554412841797,3.75
25,0.00037777777777777777,7.5,0.3761427402496338,3.79
25,0.00037777777777777777,7.5,0.38005757331848145,3.74
25,0.00037777777777777777,7.5,0.3840787410736084,3.77
25,0.00037777777777777777,7.5,0.3880774974822998,3.72
25,0.00037777777777777777,7.5,0.39208006858825684,3.8000000000000003
25,0.00037777777777777777,7.5,0.39607834815979004,3.66
25,0.00037777777777777777,7.5,0.3999969959259033,3.7800000000000002
25,0.00037777777777777777,7.5,0.4039580821990967,3.7600000000000002
25,0.00037777777777777777,7.5,0.40778493881225586,3.75
25,0.00037777777777777777,7.5,0.41181325912475586,3.8000000000000003
25,0.00037777777777777777,7.5,0.4158663749694824,3.83
25,0.00037777777777777777,7.5,0.42020249366760254,3.73
25,0.00037777777777777777,7.5,0.42513585090637207,3.75
25,0.00037777777777777777,7.5,0.42916321754455566,3.7800000000000002
25,0.00037777777777777777,7.5,0.43315839767456055,3.7600000000000002
25,0.00037777777777777777,7.5,0.43717145919799805,3.74
25,0.00037777777777777777,7.5,0.4411962032318115,3.72
25,0.00037777777777777777,7.5,0.4451439380645752,3.75
25,0.00037777777777777777,7.5,0.4491760730743408,3.74
25,0.00037777777777777777,7.5,0.453200101852417,3.73
25,0.00037777777777777777,7.5,0.45706677436828613,3.75
25,0.00037777777777777777,7.5,0.46085500717163086,3.86
25,0.00037777777777777777,7.5,0.4648139476776123,3.75
25,0.00037777777777777777,7.5,0.469069242477417,3.73
25,0.00037777777777777777,7.5,0.4729318618774414,3.68
25,0.00037777777777777777,7.5,0.47696471214294434,3.69
25,0.00037777777777777777,7.5,0.4809906482696533,3.79
25,0.00037777777777777777,7.5,0.4851953983306885,3.7
25,0.00037777777777777777,7.5,0.48904871940612793,3.8000000000000003
25,0.00037777777777777777,7.5,0.4930541515350342,3.7
25,0.00037777777777777777,7.5,0.4970076084136963,3.7600000000000002
25,0.00037777777777777777,7.5,0.5009446144104004,3.92
25,0.00037777777777777777,7.5,0.5091421604156494,4.07
25,0.00037777777777777777,7.5,0.5131728649139404,4.17
25,0.00037777777777777777,7.5,0.5171723365783691,4.33
25,0.00037777777777777777,7.5,0.5210511684417725,4.53
25,0.00037777777777777777,7.5,0.5249779224395752,4.53
25,0.00037777777777777777,7.5,0.5290248394012451,4.75
25,0.00037777777777777777,7.5,0.5330114364624023,4.8
25,0.00037777777777777777,7.5,0.5370004177093506,4.92
25,0.00037777777777777777,7.5,0.5408563613891602,5.12
25,0.00037777777777777777,7.5,0.5449676513671875,5.15
25,0.00037777777777777777,7.5,0.5489962100982666,5.39
25,0.00037777777777777777,7.5,0.5529944896697998,5.32
25,0.00037777777777777777,7.5,0.5569145679473877,5.64
25,0.00037777777777777777,7.5,0.5599920749664307,5.73
25,0.00037777777777777777,7.5,0.5638186931610107,5.69
25,0.00037777777777777777,7.5,0.5678706169128418,5.97
25,0.00037777777777777777,7.5,0.5719311237335205,6.01
25,0.00037777777777777777,7.5,0.5759563446044922,6.07
25,0.00037777777777777777,7.5,0.5799918174743652,6.03
25,0.00037777777777777777,7.5,0.5839748382568359,6.11
25,0.00037777777777777777,7.5,0.5881569385528564,6.32
25,0.00037777777777777777,7.5,0.5921645164489746,6.12
25,0.00037777777777777777,7.5,0.5961802005767822,6.47
25,0.00037777777777777777,7.5,0.6001203060150146,6.49
25,0.00037777777777777777,7.5,0.6039478778839111,6.48
25,0.00037777777777777777,7.5,0.6079108715057373,6.72
25,0.00037777777777777777,7.5,0.6119215488433838,6.59
25,0.00037777777777777777,7.5,0.6160697937011719,6.61
25,0.00037777777777777777,7.5,0.620013952255249,6.68
25,0.00037777777777777777,7.5,0.6240296363830566,6.72
25,0.00037777777777777777,7.5,0.6280827522277832,6.78
25,0.00037777777777777777,7.5,0.6321473121643066,6.78
25,0.00037777777777777777,7.5,0.6360824108123779,6.94
25,0.00037777777777777777,7.5,0.6401655673980713,6.87
25,0.00037777777777777777,7.5,0.6438443660736084,6.96
25,0.00037777777777777777,7.5,0.6478228569030762,6.96
25,0.00037777777777777777,7.5,0.6517713069915771,6.95
25,0.00037777777777777777,7.5,0.6558792591094971,6.92
25,0.00037777777777777777,7.5,0.659796953201294,7.0
25,0.00037777777777777777,7.5,0.6637210845947266,7.0
25,0.00037777777777777777,7.5,0.6679599285125732,7.0
25,0.00037777777777777777,7.5,0.6720254421234131,7.0600000000000005
25,0.00037777777777777777,7.5,0.6759307384490967,7.07
25,0.00037777777777777777,7.5,0.6799232959747314,7.12
25,0.00037777777777777777,7.5,0.6841728687286377,7.12
25,0.00037777777777777777,7.5,0.6880154609680176,7.11
25,0.00037777777777777777,7.5,0.6920161247253418,7.11
25,0.00037777777777777777,7.5,0.6960756778717041,7.2
25,0.00037777777777777777,7.5,0.700078010559082,7.140000000000001
25,0.00037777777777777777,7.5,0.7039482593536377,7.17
25,0.00037777777777777777,7.5,0.7080824375152588,7.25
25,0.00037777777777777777,7.5,0.7120757102966309,7.16
25,0.00037777777777777777,7.5,0.7159914970397949,7.26
25,0.00037777777777777777,7.5,0.7199158668518066,7.2700000000000005
25,0.00037777777777777777,7.5,0.7240078449249268,7.26
25,0.00037777777777777777,7.5,0.7280545234680176,7.2700000000000005
25,0.00037777777777777777,7.5,0.7321281433105469,7.24
25,0.00037777777777777777,7.5,0.7361230850219727,7.2700000000000005
25,0.00037777777777777777,7.5,0.7401211261749268,7.28
25,0.00037777777777777777,7.5,0.7441360950469971,7.32
25,0.00037777777777777777,7.5,0.7481420040130615,7.24
25,0.00037777777777777777,7.5,0.7520694732666016,7.2700000000000005
25,0.00037777777777777777,7.5,0.7560069561004639,7.3
25,0.00037777777777777777,7.5,0.7599375247955322,7.3500000000000005
25,0.00037777777777777777,7.5,0.7637238502502441,7.23
25,0.00037777777777777777,7.5,0.7679314613342285,7.37
25,0.00037777777777777777,7.5,0.7719826698303223,7.37
25,0.00037777777777777777,7.5,0.776078462600708,7.3500000000000005
25,0.00037777777777777777,7.5,0.7801194190979004,7.3500000000000005
25,0.00037777777777777777,7.5,0.7838985919952393,7.37
25,0.00037777777777777777,7.5,0.7881729602813721,7.390000000000001
25,0.00037777777777777777,7.5,0.7920737266540527,7.34
25,0.00037777777777777777,7.5,0.7961206436157227,7.4
25,0.00037777777777777777,7.5,0.8001494407653809,7.38
25,0.00037777777777777777,7.5,0.8041489124298096,7.38
25,0.00037777777777777777,7.5,0.8081529140472412,7.36
25,0.00037777777777777777,7.5,0.8121805191040039,7.33
25,0.00037777777777777777,7.5,0.8161685466766357,7.44
25,0.00037777777777777777,7.5,0.8200383186340332,7.33
25,0.00037777777777777777,7.5,0.8240642547607422,7.390000000000001
25,0.00037777777777777777,7.5,0.828040599822998,7.390000000000001
25,0.00037777777777777777,7.5,0.8320212364196777,7.36
25,0.00037777777777777777,7.5,0.8361301422119141,7.34
25,0.00037777777777777777,7.5,0.840134859085083,7.390000000000001
25,0.00037777777777777777,7.5,0.8441264629364014,7.45
25,0.00037777777777777777,7.5,0.8481552600860596,7.44
25,0.00037777777777777777,7.5,0.8519821166992188,7.4
25,0.00037777777777777777,7.5,0.8559253215789795,7.38
25,0.00037777777777777777,7.5,0.8598806858062744,7.46
25,0.00037777777777777777,7.5,0.8637726306915283,7.4
25,0.00037777777777777777,7.5,0.867811918258667,7.44
25,0.00037777777777777777,7.5,0.8719446659088135,7.390000000000001
25,0.00037777777777777777,7.5,0.8760693073272705,7.43
25,0.00037777777777777777,7.5,0.8800570964813232,7.43
25,0.00037777777777777777,7.5,0.8839545249938965,7.3
25,0.00037777777777777777,7.5,0.8879661560058594,7.41
25,0.00037777777777777777,7.5,0.8921327590942383,7.34
25,0.00037777777777777777,7.5,0.8961336612701416,7.44
25,0.00037777777777777777,7.5,0.9000141620635986,7.47
25,0.00037777777777777777,7.5,0.9040067195892334,7.45
25,0.00037777777777777777,7.5,0.9080796241760254,7.5
25,0.00037777777777777777,7.5,0.9121203422546387,7.5200000000000005
25,0.00037777777777777777,7.5,0.9160702228546143,7.36
25,0.00037777777777777777,7.5,0.9200770854949951,7.41
25,0.00037777777777777777,7.5,0.9239869117736816,7.49
25,0.00037777777777777777,7.5,0.9280505180358887,7.49
25,0.00037777777777777777,7.5,0.9321250915527344,7.4
25,0.00037777777777777777,7.5,0.9359955787658691,7.42
25,0.00037777777777777777,7.5,0.9400804042816162,7.43
25,0.00037777777777777777,7.5,0.9441325664520264,7.47
25,0.00037777777777777777,7.5,0.9481263160705566,7.45
25,0.00037777777777777777,7.5,0.9520316123962402,7.46
25,0.00037777777777777777,7.5,0.9560539722442627,7.5
25,0.00037777777777777777,7.5,0.9600751399993896,7.4
25,0.00037777777777777777,7.5,0.9638357162475586,7.44
25,0.00037777777777777777,7.5,0.9679172039031982,7.46
25,0.00037777777777777777,7.5,0.9718351364135742,7.49
25,0.00037777777777777777,7.5,0.9759125709533691,7.46
25,0.00037777777777777777,7.5,0.9799454212188721,7.390000000000001
25,0.00037777777777777777,7.5,0.9841296672821045,7.48
25,0.00037777777777777777,7.5,0.9879484176635742,7.45
25,0.00037777777777777777,7.5,0.9920496940612793,7.47
25,0.00037777777777777777,7.5,0.9960691928863525,7.46
25,0.00037777777777777777,7.5,1.0000619888305664,7.51
25,0.00037777777777777777,7.5,1.0040719509124756,7.47
25,0.00037777777777777777,7.5,1.008159875869751,7.48
25,0.00037777777777777777,7.5,1.0120346546173096,7.46
25,0.00037777777777777777,7.5,1.0160372257232666,7.43
25,0.00037777777777777777,7.5,1.0201332569122314,7.45
25,0.00037777777777777777,7.5,1.024141788482666,7.48
25,0.00037777777777777777,7.5,1.0281758308410645,7.42
25,0.00037777777777777777,7.5,1.0321521759033203,7.43
25,0.00037777777777777777,7.5,1.036156415939331,7.45
25,0.00037777777777777777,7.5,1.0401320457458496,7.46
25,0.00037777777777777777,7.5,1.0440661907196045,7.51
25,0.00037777777777777777,7.5,1.048074722290039,7.47
25,0.00037777777777777777,7.5,1.051973819732666,7.44
25,0.00037777777777777777,7.5,1.055938720703125,7.42
25,0.00037777777777777777,7.5,1.0601623058319092,7.44
25,0.00037777777777777777,7.5,1.0640521049499512,7.5
25,0.00037777777777777777,7.5,1.0678255558013916,7.48
25,0.00037777777777777777,7.5,1.0719590187072754,7.43
25,0.00037777777777777777,7.5,1.0759696960449219,7.46
25,0.00037777777777777777,7.5,1.080054521560669,7.54
25,0.00037777777777777777,7.5,1.083894968032837,7.5
25,0.00037777777777777777,7.5,1.087876558303833,7.38
25,0.00037777777777777777,7.5,1.0919084548950195,7.390000000000001
25,0.00037777777777777777,7.5,1.095970630645752,7.49
25,0.00037777777777777777,7.5,1.09999418258667,7.46
25,0.00037777777777777777,7.5,1.1039445400238037,7.45
25,0.00037777777777777777,7.5,1.108011245727539,7.46
25,0.00037777777777777777,7.5,1.1120223999023438,7.42
25,0.00037777777777777777,7.5,1.1160097122192383,7.41
25,0.00037777777777777777,7.5,1.1200194358825684,7.45
25,0.00037777777777777777,7.5,1.1240136623382568,7.42
25,0.00037777777777777777,7.5,1.1280205249786377,7.48
25,0.00037777777777777777,7.5,1.1320078372955322,7.43
25,0.00037777777777777777,7.5,1.1360061168670654,7.42
25,0.00037777777777777777,7.5,1.1400089263916016,7.46
25,0.00037777777777777777,7.5,1.143857479095459,7.45
25,0.00037777777777777777,7.5,1.1477432250976562,7.5
25,0.00037777777777777777,7.5,1.1515746116638184,7.47
25,0.00037777777777777777,7.5,1.1557276248931885,7.46
25,0.00037777777777777777,7.5,1.1598334312438965,7.49
25,0.00037777777777777777,7.5,1.163848638534546,7.48
25,0.00037777777777777777,7.5,1.1676862239837646,7.5
25,0.00037777777777777777,7.5,1.1717684268951416,7.32
25,0.00037777777777777777,7.5,1.1758363246917725,7.46
25,0.00037777777777777777,7.5,1.1797914505004883,7.46
25,0.00037777777777777777,7.5,1.183826208114624,7.44
25,0.00037777777777777777,7.5,1.187859296798706,7.45
25,0.00037777777777777777,7.5,1.191878318786621,7.38
25,0.00037777777777777777,7.5,1.1959073543548584,7.57
25,0.00037777777777777777,7.5,1.1999940872192383,7.48
25,0.00037777777777777777,7.5,1.2038664817810059,7.51
25,0.00037777777777777777,7.5,1.2078652381896973,7.55
25,0.00037777777777777777,7.5,1.2119858264923096,7.36
25,0.00037777777777777777,7.5,1.2160115242004395,7.51
25,0.00037777777777777777,7.5,1.2199933528900146,7.33
25,0.00037777777777777777,7.5,1.2239911556243896,7.59
25,0.00037777777777777777,7.5,1.2279984951019287,7.42
25,0.00037777777777777777,7.5,1.2318971157073975,7.3500000000000005
25,0.00037777777777777777,7.5,1.2359869480133057,7.47
25,0.00037777777777777777,7.5,1.2399935722351074,7.42
25,0.00037777777777777777,7.5,1.2439966201782227,7.49
25,0.00037777777777777777,7.5,1.2479934692382812,7.4
25,0.00037777777777777777,7.5,1.25193190574646,7.5
25,0.00037777777777777777,7.5,1.2560062408447266,7.3
25,0.00037777777777777777,7.5,1.260014533996582,7.48
25,0.00037777777777777777,7.5,1.2639577388763428,7.58
25,0.00037777777777777777,7.5,1.2678139209747314,7.55
25,0.00037777777777777777,7.5,1.2718489170074463,7.49
25,0.00037777777777777777,7.5,1.275947093963623,7.63
25,0.00037777777777777777,7.5,1.2800090312957764,7.34
25,0.00037777777777777777,7.5,1.2838945388793945,7.48
25,0.00037777777777777777,7.5,1.2878992557525635,7.46
25,0.00037777777777777777,7.5,1.292020320892334,7.44
25,0.00037777777777777777,7.5,1.2959372997283936,7.46
25,0.00037777777777777777,7.5,1.3000035285949707,7.41
25,0.00037777777777777777,7.5,1.3040087223052979,7.57
25,0.00037777777777777777,7.5,1.308011770248413,7.390000000000001
25,0.00037777777777777777,7.5,1.3120105266571045,7.640000000000001
25,0.00037777777777777777,7.5,1.3160076141357422,7.47
25,0.00037777777777777777,7.5,1.3200159072875977,7.45
25,0.00037777777777777777,7.5,1.3240206241607666,7.44
25,0.00037777777777777777,7.5,1.3279762268066406,7.54
25,0.00037777777777777777,7.5,1.3320114612579346,7.37
25,0.00037777777777777777,7.5,1.335958480834961,7.49
25,0.00037777777777777777,7.5,1.3400356769561768,7.47
25,0.00037777777777777777,7.5,1.3439922332763672,7.47
25,0.00037777777777777777,7.5,1.347917079925537,7.38
25,0.00037777777777777777,7.5,1.351792335510254,7.36
25,0.00037777777777777777,7.5,1.355788230895996,7.38
25,0.00037777777777777777,7.5,1.3599340915679932,7.2700000000000005
25,0.00037777777777777777,7.5,1.3639280796051025,7.54
25,0.00037777777777777777,7.5,1.367753505706787,7.390000000000001
25,0.00037777777777777777,7.5,1.3717305660247803,7.38
25,0.00037777777777777777,7.5,1.3757784366607666,7.47
25,0.00037777777777777777,7.5,1.3798048496246338,7.49
25,0.00037777777777777777,7.5,1.3838694095611572,7.45
25,0.00037777777777777777,7.5,1.3878388404846191,7.46
25,0.00037777777777777777,7.5,1.3919060230255127,7.57
25,0.00037777777777777777,7.5,1.3959858417510986,7.42
25,0.00037777777777777777,7.5,1.3999791145324707,7.5200000000000005
25,0.00037777777777777777,7.5,1.4039082527160645,7.640000000000001
25,0.00037777777777777777,7.5,1.4079203605651855,7.46
25,0.00037777777777777777,7.5,1.4117271900177002,7.63
25,0.00037777777777777777,7.5,1.415621280670166,7.51
25,0.00037777777777777777,7.5,1.419680118560791,7.5
25,0.00037777777777777777,7.5,1.4236094951629639,7.51
25,0.00037777777777777777,7.5,1.4278159141540527,7.49
25,0.00037777777777777777,7.5,1.4317502975463867,7.34
25,0.00037777777777777777,7.5,1.435753583908081,7.5200000000000005
25,0.00037777777777777777,7.5,1.4397802352905273,7.46
25,0.00037777777777777777,7.5,1.4438378810882568,7.5600000000000005
25,0.00037777777777777777,7.5,1.447826862335205,7.38
25,0.00037777777777777777,7.5,1.451791524887085,7.49
25,0.00037777777777777777,7.5,1.4558918476104736,7.41
25,0.00037777777777777777,7.5,1.4598608016967773,7.51
25,0.00037777777777777777,7.5,1.4638805389404297,7.47
25,0.00037777777777777777,7.5,1.4678199291229248,7.47
25,0.00037777777777777777,7.5,1.471752643585205,7.42
25,0.00037777777777777777,7.5,1.475766658782959,7.390000000000001
25,0.00037777777777777777,7.5,1.4798390865325928,7.68
25,0.00037777777777777777,7.5,1.4838428497314453,7.51
25,0.00037777777777777777,7.5,1.4878790378570557,7.390000000000001
25,0.00037777777777777777,7.5,1.4918670654296875,7.43
25,0.00037777777777777777,7.5,1.495955228805542,7.44
25,0.00037777777777777777,7.5,1.4998974800109863,7.44
26,0.00037777777777777777,10.0,3.0994415283203125e-06,5.04
26,0.00037777777777777777,10.0,0.0077707767486572266,5.0200000000000005
26,0.00037777777777777777,10.0,0.011547327041625977,5.04
26,0.00037777777777777777,10.0,0.01552724838256836,5.05
26,0.00037777777777777777,10.0,0.019587993621826172,5.12
26,0.00037777777777777777,10.0,0.023772239685058594,5.09
26,0.00037777777777777777,10.0,0.02779245376586914,5.04
26,0.00037777777777777777,10.0,0.03185009956359863,4.97
26,0.00037777777777777777,10.0,0.03577542304992676,5.17
26,0.00037777777777777777,10.0,0.039893150329589844,5.08
26,0.00037777777777777777,10.0,0.04386186599731445,5.14
26,0.00037777777777777777,10.0,0.047838687896728516,5.1000000000000005
26,0.00037777777777777777,10.0,0.05185127258300781,5.0200000000000005
26,0.00037777777777777777,10.0,0.05585598945617676,5.0
26,0.00037777777777777777,10.0,0.05983090400695801,5.0600000000000005
26,0.00037777777777777777,10.0,0.06386041641235352,4.97
26,0.00037777777777777777,10.0,0.06775665283203125,4.95
26,0.00037777777777777777,10.0,0.07186508178710938,4.96
26,0.00037777777777777777,10.0,0.07585597038269043,5.04
26,0.00037777777777777777,10.0,0.07986617088317871,5.04
26,0.00037777777777777777,10.0,0.08383965492248535,5.04
26,0.00037777777777777777,10.0,0.08785319328308105,4.96
26,0.00037777777777777777,10.0,0.09171605110168457,5.0
26,0.00037777777777777777,10.0,0.09579253196716309,5.13
26,0.00037777777777777777,10.0,0.09981966018676758,4.97
26,0.00037777777777777777,10.0,0.10381603240966797,4.96
26,0.00037777777777777777,10.0,0.10776638984680176,4.94
26,0.00037777777777777777,10.0,0.11163949966430664,5.03
26,0.00037777777777777777,10.0,0.11551856994628906,4.87
26,0.00037777777777777777,10.0,0.11956191062927246,5.13
26,0.00037777777777777777,10.0,0.12372136116027832,4.92
26,0.00037777777777777777,10.0,0.12777256965637207,4.88
26,0.00037777777777777777,10.0,0.13170123100280762,5.09
26,0.00037777777777777777,10.0,0.1358320713043213,5.04
26,0.00037777777777777777,10.0,0.1398451328277588,5.1000000000000005
26,0.00037777777777777777,10.0,0.1436455249786377,4.92
26,0.00037777777777777777,10.0,0.14780974388122559,5.04
26,0.00037777777777777777,10.0,0.1518406867980957,5.13
26,0.00037777777777777777,10.0,0.1558058261871338,5.07
26,0.00037777777777777777,10.0,0.15982985496520996,5.03
26,0.00037777777777777777,10.0,0.16379046440124512,4.96
26,0.00037777777777777777,10.0,0.16780948638916016,5.0600000000000005
26,0.00037777777777777777,10.0,0.17180538177490234,5.0600000000000005
26,0.00037777777777777777,10.0,0.17577910423278809,5.0200000000000005
26,0.00037777777777777777,10.0,0.17983078956604004,5.01
26,0.00037777777777777777,10.0,0.18384003639221191,4.99
26,0.00037777777777777777,10.0,0.18783187866210938,4.95
26,0.00037777777777777777,10.0,0.19171595573425293,5.04
26,0.00037777777777777777,10.0,0.19579100608825684,5.1000000000000005
26,0.00037777777777777777,10.0,0.19979047775268555,5.0
26,0.00037777777777777777,10.0,0.20369172096252441,5.17
26,0.00037777777777777777,10.0,0.20775485038757324,5.04
26,0.00037777777777777777,10.0,0.21158075332641602,4.98
26,0.00037777777777777777,10.0,0.2154691219329834,4.76
26,0.00037777777777777777,10.0,0.21949172019958496,4.97
26,0.00037777777777777777,10.0,0.22362303733825684,5.07
26,0.00037777777777777777,10.0,0.22777986526489258,5.03
26,0.00037777777777777777,10.0,0.23180508613586426,4.95
26,0.00037777777777777777,10.0,0.2356264591217041,5.0200000000000005
26,0.00037777777777777777,10.0,0.23985743522644043,5.13
26,0.00037777777777777777,10.0,0.24364352226257324,5.11
26,0.00037777777777777777,10.0,0.24779534339904785,5.0200000000000005
26,0.00037777777777777777,10.0,0.25181150436401367,4.95
26,0.00037777777777777777,10.0,0.2558121681213379,4.93
26,0.00037777777777777777,10.0,0.2598085403442383,5.0200000000000005
26,0.00037777777777777777,10.0,0.26379895210266113,5.1000000000000005
26,0.00037777777777777777,10.0,0.2678079605102539,5.0
26,0.00037777777777777777,10.0,0.2718062400817871,5.1000000000000005
26,0.00037777777777777777,10.0,0.27582287788391113,4.94
26,0.00037777777777777777,10.0,0.2798118591308594,5.0
26,0.00037777777777777777,10.0,0.2838113307952881,5.0600000000000005
26,0.00037777777777777777,10.0,0.2877662181854248,4.93
26,0.00037777777777777777,10.0,0.29164671897888184,5.0200000000000005
26,0.00037777777777777777,10.0,0.2958087921142578,4.96
26,0.00037777777777777777,10.0,0.2997581958770752,5.07
26,0.00037777777777777777,10.0,0.3038020133972168,5.0200000000000005
26,0.00037777777777777777,10.0,0.30781102180480957,5.0200000000000005
26,0.00037777777777777777,10.0,0.31165146827697754,4.93
26,0.00037777777777777777,10.0,0.3153219223022461,5.0
26,0.00037777777777777777,10.0,0.3194866180419922,5.15
26,0.00037777777777777777,10.0,0.323746919631958,5.09
26,0.00037777777777777777,10.0,0.3277740478515625,4.94
26,0.00037777777777777777,10.0,0.33176660537719727,5.03
26,0.00037777777777777777,10.0,0.33563828468322754,5.14
26,0.00037777777777777777,10.0,0.3397705554962158,4.94
26,0.00037777777777777777,10.0,0.34365081787109375,4.98
26,0.00037777777777777777,10.0,0.34764575958251953,4.84
26,0.00037777777777777777,10.0,0.3517909049987793,5.09
26,0.00037777777777777777,10.0,0.35579895973205566,5.14
26,0.00037777777777777777,10.0,0.3598005771636963,5.0600000000000005
26,0.00037777777777777777,10.0,0.36379027366638184,5.01
26,0.00037777777777777777,10.0,0.367783784866333,4.98
26,0.00037777777777777777,10.0,0.3717930316925049,4.99
26,0.00037777777777777777,10.0,0.37580323219299316,5.03
26,0.00037777777777777777,10.0,0.37978386878967285,4.91
26,0.00037777777777777777,10.0,0.3836190700531006,5.18
26,0.00037777777777777777,10.0,0.3874802589416504,5.01
26,0.00037777777777777777,10.0,0.39144182205200195,4.95
26,0.00037777777777777777,10.0,0.3955516815185547,4.91
26,0.00037777777777777777,10.0,0.39975595474243164,4.96
26,0.00037777777777777777,10.0,0.4036445617675781,4.92
26,0.00037777777777777777,10.0,0.4077897071838379,4.94
26,0.00037777777777777777,10.0,0.41172170639038086,4.9
26,0.00037777777777777777,10.0,0.41550493240356445,4.97
26,0.00037777777777777777,10.0,0.419619083404541,5.03
26,0.00037777777777777777,10.0,0.4236569404602051,4.98
26,0.00037777777777777777,10.0,0.42764973640441895,5.01
26,0.00037777777777777777,10.0,0.4316561222076416,5.04
26,0.00037777777777777777,10.0,0.4356863498687744,4.88
26,0.00037777777777777777,10.0,0.43965983390808105,5.0600000000000005
26,0.00037777777777777777,10.0,0.44362306594848633,4.98
26,0.00037777777777777777,10.0,0.44751811027526855,5.0200000000000005
26,0.00037777777777777777,10.0,0.4515373706817627,4.99
26,0.00037777777777777777,10.0,0.4556088447570801,5.05
26,0.00037777777777777777,10.0,0.45975232124328613,4.93
26,0.00037777777777777777,10.0,0.4637620449066162,5.01
26,0.00037777777777777777,10.0,0.4677572250366211,4.9
26,0.00037777777777777777,10.0,0.4717590808868408,4.98
26,0.00037777777777777777,10.0,0.4758028984069824,4.88
26,0.00037777777777777777,10.0,0.479783296585083,4.98
26,0.00037777777777777777,10.0,0.48377060890197754,5.09
26,0.00037777777777777777,10.0,0.48775434494018555,5.0
26,0.00037777777777777777,10.0,0.49176955223083496,5.05
26,0.00037777777777777777,10.0,0.4957702159881592,4.96
26,0.00037777777777777777,10.0,0.49976491928100586,5.0200000000000005
26,0.00037777777777777777,10.0,0.5037615299224854,5.2
26,0.00037777777777777777,10.0,0.5117015838623047,5.26
26,0.00037777777777777777,10.0,0.5155355930328369,5.43
26,0.00037777777777777777,10.0,0.5194494724273682,5.69
26,0.00037777777777777777,10.0,0.5234997272491455,5.9
26,0.00037777777777777777,10.0,0.5276398658752441,6.12
26,0.00037777777777777777,10.0,0.5317115783691406,6.23
26,0.00037777777777777777,10.0,0.5357329845428467,6.45
26,0.00037777777777777777,10.0,0.5397906303405762,6.42
26,0.00037777777777777777,10.0,0.5437877178192139,6.76
26,0.00037777777777777777,10.0,0.5477838516235352,6.8100000000000005
26,0.00037777777777777777,10.0,0.5517857074737549,6.97
26,0.00037777777777777777,10.0,0.5557796955108643,7.08
26,0.00037777777777777777,10.0,0.5597803592681885,7.16
26,0.00037777777777777777,10.0,0.5638072490692139,7.3100000000000005
26,0.00037777777777777777,10.0,0.5677335262298584,7.4
26,0.00037777777777777777,10.0,0.5717849731445312,7.44
26,0.00037777777777777777,10.0,0.5757112503051758,7.58
26,0.00037777777777777777,10.0,0.5797827243804932,7.63
26,0.00037777777777777777,10.0,0.5836629867553711,7.74
26,0.00037777777777777777,10.0,0.5877578258514404,7.86
26,0.00037777777777777777,10.0,0.591707706451416,7.9
26,0.00037777777777777777,10.0,0.595613956451416,7.98
26,0.00037777777777777777,10.0,0.5997350215911865,8.03
26,0.00037777777777777777,10.0,0.6037161350250244,8.09
26,0.00037777777777777777,10.0,0.6077501773834229,8.17
26,0.00037777777777777777,10.0,0.611781120300293,8.19
26,0.00037777777777777777,10.0,0.6154468059539795,8.25
26,0.00037777777777777777,10.0,0.6195366382598877,8.26
26,0.00037777777777777777,10.0,0.6236405372619629,8.38
26,0.00037777777777777777,10.0,0.6275730133056641,8.370000000000001
26,0.00037777777777777777,10.0,0.6316342353820801,8.42
26,0.00037777777777777777,10.0,0.6356062889099121,8.45
26,0.00037777777777777777,10.0,0.6396408081054688,8.56
26,0.00037777777777777777,10.0,0.6436276435852051,8.620000000000001
26,0.00037777777777777777,10.0,0.6475322246551514,8.45
26,0.00037777777777777777,10.0,0.6516079902648926,8.6
26,0.00037777777777777777,10.0,0.6556544303894043,8.81
26,0.00037777777777777777,10.0,0.6596775054931641,8.63
26,0.00037777777777777777,10.0,0.6636831760406494,8.790000000000001
26,0.00037777777777777777,10.0,0.6677615642547607,8.790000000000001
26,0.00037777777777777777,10.0,0.6717104911804199,8.700000000000001
26,0.00037777777777777777,10.0,0.6757056713104248,9.040000000000001
26,0.00037777777777777777,10.0,0.6797502040863037,8.88
26,0.00037777777777777777,10.0,0.6837642192840576,9.040000000000001
26,0.00037777777777777777,10.0,0.6877670288085938,9.06
26,0.00037777777777777777,10.0,0.6915216445922852,8.98
26,0.00037777777777777777,10.0,0.6957719326019287,9.18
26,0.00037777777777777777,10.0,0.6997692584991455,9.21
26,0.00037777777777777777,10.0,0.7037677764892578,9.25
26,0.00037777777777777777,10.0,0.7077534198760986,9.23
26,0.00037777777777777777,10.0,0.7117679119110107,9.26
26,0.00037777777777777777,10.0,0.7156050205230713,9.28
26,0.00037777777777777777,10.0,0.7194011211395264,9.36
26,0.00037777777777777777,10.0,0.7234408855438232,9.39
26,0.00037777777777777777,10.0,0.7276656627655029,9.38
26,0.00037777777777777777,10.0,0.7317306995391846,9.24
26,0.00037777777777777777,10.0,0.7357406616210938,9.43
26,0.00037777777777777777,10.0,0.7398080825805664,9.31
26,0.00037777777777777777,10.0,0.7437422275543213,9.52
26,0.00037777777777777777,10.0,0.7477364540100098,9.46
26,0.00037777777777777777,10.0,0.7517383098602295,9.39
26,0.00037777777777777777,10.0,0.7557342052459717,9.49
26,0.00037777777777777777,10.0,0.7597384452819824,9.55
26,0.00037777777777777777,10.0,0.7637457847595215,9.52
26,0.00037777777777777777,10.0,0.76767897605896,9.44
26,0.00037777777777777777,10.0,0.7716546058654785,9.51
26,0.00037777777777777777,10.0,0.7756896018981934,9.59
26,0.00037777777777777777,10.0,0.7797501087188721,9.71
26,0.00037777777777777777,10.0,0.7837669849395752,9.56
26,0.00037777777777777777,10.0,0.787750244140625,9.620000000000001
26,0.00037777777777777777,10.0,0.7917056083679199,9.73
26,0.00037777777777777777,10.0,0.7957987785339355,9.700000000000001
26,0.00037777777777777777,10.0,0.7991571426391602,9.700000000000001
26,0.00037777777777777777,10.0,0.8027677536010742,9.63
26,0.00037777777777777777,10.0,0.806771993637085,9.58
26,0.00037777777777777777,10.0,0.8107964992523193,9.53
26,0.00037777777777777777,10.0,0.8147075176239014,9.790000000000001
26,0.00037777777777777777,10.0,0.8184289932250977,9.74
26,0.00037777777777777777,10.0,0.8224270343780518,9.65
26,0.00037777777777777777,10.0,0.8265509605407715,9.91
26,0.00037777777777777777,10.0,0.8306810855865479,9.75
26,0.00037777777777777777,10.0,0.8347442150115967,9.76
26,0.00037777777777777777,10.0,0.8386437892913818,9.9
26,0.00037777777777777777,10.0,0.8427278995513916,9.73
26,0.00037777777777777777,10.0,0.846637487411499,9.8
26,0.00037777777777777777,10.0,0.8506572246551514,9.76
26,0.00037777777777777777,10.0,0.8547461032867432,9.9
26,0.00037777777777777777,10.0,0.8586852550506592,9.83
26,0.00037777777777777777,10.0,0.862574577331543,9.85
26,0.00037777777777777777,10.0,0.8666064739227295,9.86
26,0.00037777777777777777,10.0,0.8706393241882324,9.950000000000001
26,0.00037777777777777777,10.0,0.8745839595794678,9.94
26,0.00037777777777777777,10.0,0.8786213397979736,9.870000000000001
26,0.00037777777777777777,10.0,0.8827357292175293,9.96
26,0.00037777777777777777,10.0,0.8864738941192627,9.73
26,0.00037777777777777777,10.0,0.8904151916503906,9.92
26,0.00037777777777777777,10.0,0.8944716453552246,10.01
26,0.00037777777777777777,10.0,0.8984968662261963,9.81
26,0.00037777777777777777,10.0,0.9025464057922363,9.69
26,0.00037777777777777777,10.0,0.9066953659057617,10.0
26,0.00037777777777777777,10.0,0.9107396602630615,9.9
26,0.00037777777777777777,10.0,0.9147469997406006,9.83
26,0.00037777777777777777,10.0,0.9185001850128174,9.9
26,0.00037777777777777777,10.0,0.9224202632904053,9.94
26,0.00037777777777777777,10.0,0.9264583587646484,9.73
26,0.00037777777777777777,10.0,0.9306378364562988,9.78
26,0.00037777777777777777,10.0,0.9346103668212891,9.950000000000001
26,0.00037777777777777777,10.0,0.9386038780212402,9.96
26,0.00037777777777777777,10.0,0.9426882266998291,9.97
26,0.00037777777777777777,10.0,0.9466063976287842,9.78
26,0.00037777777777777777,10.0,0.9507346153259277,9.81
26,0.00037777777777777777,10.0,0.9547383785247803,9.94
26,0.00037777777777777777,10.0,0.9587314128875732,10.02
26,0.00037777777777777777,10.0,0.9627349376678467,9.88
26,0.00037777777777777777,10.0,0.9667541980743408,9.89
26,0.00037777777777777777,10.0,0.9707508087158203,9.9
26,0.00037777777777777777,10.0,0.9747428894042969,9.93
26,0.00037777777777777777,10.0,0.9787540435791016,9.92
26,0.00037777777777777777,10.0,0.9827375411987305,10.0
26,0.00037777777777777777,10.0,0.9867541790008545,10.05
26,0.00037777777777777777,10.0,0.9907238483428955,9.78
26,0.00037777777777777777,10.0,0.9945917129516602,10.06
26,0.00037777777777777777,10.0,0.9985873699188232,10.01
26,0.00037777777777777777,10.0,1.0027379989624023,9.88
26,0.00037777777777777777,10.0,1.006739854812622,9.84
26,0.00037777777777777777,10.0,1.0107347965240479,9.94
26,0.00037777777777777777,10.0,1.0147380828857422,9.99
26,0.00037777777777777777,10.0,1.0186998844146729,9.99
26,0.00037777777777777777,10.0,1.022247314453125,9.96
26,0.00037777777777777777,10.0,1.0254590511322021,10.01
26,0.00037777777777777777,10.0,1.0295608043670654,10.08
26,0.00037777777777777777,10.0,1.0336995124816895,9.92
26,0.00037777777777777777,10.0,1.0377693176269531,10.09
26,0.00037777777777777777,10.0,1.0415394306182861,10.06
26,0.00037777777777777777,10.0,1.0456175804138184,9.92
26,0.00037777777777777777,10.0,1.04974365234375,9.93
26,0.00037777777777777777,10.0,1.053758144378662,9.94
26,0.00037777777777777777,10.0,1.0576367378234863,9.93
26,0.00037777777777777777,10.0,1.0617780685424805,9.8
26,0.00037777777777777777,10.0,1.0657744407653809,10.05
26,0.00037777777777777777,10.0,1.0697741508483887,9.99
26,0.00037777777777777777,10.0,1.073774814605713,9.86
26,0.00037777777777777777,10.0,1.077754020690918,10.06
26,0.00037777777777777777,10.0,1.0817666053771973,9.99
26,0.00037777777777777777,10.0,1.0857536792755127,9.98
26,0.00037777777777777777,10.0,1.089676856994629,10.0
26,0.00037777777777777777,10.0,1.0936925411224365,10.01
26,0.00037777777777777777,10.0,1.0977146625518799,9.93
26,0.00037777777777777777,10.0,1.101738691329956,10.07
26,0.00037777777777777777,10.0,1.1057825088500977,10.05
26,0.00037777777777777777,10.0,1.1097383499145508,10.05
26,0.00037777777777777777,10.0,1.1137380599975586,9.97
26,0.00037777777777777777,10.0,1.117689847946167,9.97
26,0.00037777777777777777,10.0,1.1214971542358398,10.1
26,0.00037777777777777777,10.0,1.125448226928711,10.06
26,0.00037777777777777777,10.0,1.129558801651001,9.9
26,0.00037777777777777777,10.0,1.1337053775787354,9.96
26,0.00037777777777777777,10.0,1.1376872062683105,9.93
26,0.00037777777777777777,10.0,1.141563892364502,9.91
26,0.00037777777777777777,10.0,1.1456003189086914,9.91
26,0.00037777777777777777,10.0,1.149599552154541,9.98
26,0.00037777777777777777,10.0,1.1536109447479248,10.06
26,0.00037777777777777777,10.0,1.1576111316680908,9.96
26,0.00037777777777777777,10.0,1.1617422103881836,9.94
26,0.00037777777777777777,10.0,1.165741205215454,9.85
26,0.00037777777777777777,10.0,1.1697092056274414,10.02
26,0.00037777777777777777,10.0,1.1737184524536133,9.96
26,0.00037777777777777777,10.0,1.1777453422546387,9.99
26,0.00037777777777777777,10.0,1.1817436218261719,10.01
26,0.00037777777777777777,10.0,1.1857495307922363,10.040000000000001
26,0.00037777777777777777,10.0,1.1897542476654053,9.98
26,0.00037777777777777777,10.0,1.1937320232391357,9.98
26,0.00037777777777777777,10.0,1.1977169513702393,9.91
26,0.00037777777777777777,10.0,1.2017221450805664,10.040000000000001
26,0.00037777777777777777,10.0,1.205723524093628,10.09
26,0.00037777777777777777,10.0,1.2097229957580566,10.03
26,0.00037777777777777777,10.0,1.2137222290039062,9.93
26,0.00037777777777777777,10.0,1.2177746295928955,9.950000000000001
26,0.00037777777777777777,10.0,1.221465826034546,10.13
26,0.00037777777777777777,10.0,1.225454330444336,9.99
26,0.00037777777777777777,10.0,1.2295353412628174,10.01
26,0.00037777777777777777,10.0,1.233605146408081,10.11
26,0.00037777777777777777,10.0,1.2376599311828613,9.85
26,0.00037777777777777777,10.0,1.2417008876800537,9.950000000000001
26,0.00037777777777777777,10.0,1.2455265522003174,9.99
26,0.00037777777777777777,10.0,1.2497072219848633,10.01
26,0.00037777777777777777,10.0,1.2535967826843262,9.97
26,0.00037777777777777777,10.0,1.2577199935913086,9.94
26,0.00037777777777777777,10.0,1.261723279953003,9.96
26,0.00037777777777777777,10.0,1.2657182216644287,10.040000000000001
26,0.00037777777777777777,10.0,1.2697210311889648,9.870000000000001
26,0.00037777777777777777,10.0,1.2737247943878174,10.01
26,0.00037777777777777777,10.0,1.277775764465332,9.98
26,0.00037777777777777777,10.0,1.2817308902740479,9.9
26,0.00037777777777777777,10.0,1.285750389099121,9.93
26,0.00037777777777777777,10.0,1.2896287441253662,10.02
26,0.00037777777777777777,10.0,1.2937238216400146,9.92
26,0.00037777777777777777,10.0,1.2977540493011475,10.09
26,0.00037777777777777777,10.0,1.3017504215240479,10.09
26,0.00037777777777777777,10.0,1.3057446479797363,10.08
26,0.00037777777777777777,10.0,1.3097426891326904,9.92
26,0.00037777777777777777,10.0,1.3137493133544922,9.93
26,0.00037777777777777777,10.0,1.3177461624145508,10.08
26,0.00037777777777777777,10.0,1.3215219974517822,9.92
26,0.00037777777777777777,10.0,1.3253960609436035,9.96
26,0.00037777777777777777,10.0,1.3294093608856201,9.89
26,0.00037777777777777777,10.0,1.3335745334625244,10.07
26,0.00037777777777777777,10.0,1.337683916091919,10.13
26,0.00037777777777777777,10.0,1.3417284488677979,9.85
26,0.00037777777777777777,10.0,1.3456249237060547,10.040000000000001
26,0.00037777777777777777,10.0,1.3497569561004639,9.72
26,0.00037777777777777777,10.0,1.3538155555725098,10.02
26,0.00037777777777777777,10.0,1.3577697277069092,10.02
26,0.00037777777777777777,10.0,1.3616766929626465,10.0
26,0.00037777777777777777,10.0,1.3657212257385254,10.02
26,0.00037777777777777777,10.0,1.369616985321045,10.07
26,0.00037777777777777777,10.0,1.3737201690673828,10.02
26,0.00037777777777777777,10.0,1.3777439594268799,10.03
26,0.00037777777777777777,10.0,1.3816745281219482,9.96
26,0.00037777777777777777,10.0,1.3854925632476807,10.040000000000001
26,0.00037777777777777777,10.0,1.3893859386444092,10.1
26,0.00037777777777777777,10.0,1.393357753753662,9.9
26,0.00037777777777777777,10.0,1.3974459171295166,9.98
26,0.00037777777777777777,10.0,1.4015042781829834,10.09
26,0.00037777777777777777,10.0,1.4056882858276367,9.97
26,0.00037777777777777777,10.0,1.4097199440002441,9.88
26,0.00037777777777777777,10.0,1.4137146472930908,10.02
26,0.00037777777777777777,10.0,1.4177284240722656,9.93
26,0.00037777777777777777,10.0,1.4215404987335205,10.040000000000001
26,0.00037777777777777777,10.0,1.4253828525543213,9.950000000000001
26,0.00037777777777777777,10.0,1.429391860961914,9.96
26,0.00037777777777777777,10.0,1.43357253074646,9.93
26,0.00037777777777777777,10.0,1.4375081062316895,10.07
26,0.00037777777777777777,10.0,1.4416823387145996,10.01
26,0.00037777777777777777,10.0,1.4454946517944336,9.78
26,0.00037777777777777777,10.0,1.4497244358062744,9.97
26,0.00037777777777777777,10.0,1.4537224769592285,9.99
26,0.00037777777777777777,10.0,1.4577064514160156,10.09
26,0.00037777777777777777,10.0,1.461695909500122,10.01
26,0.00037777777777777777,10.0,1.4656713008880615,9.92
26,0.00037777777777777777,10.0,1.469693660736084,10.0
26,0.00037777777777777777,10.0,1.4737281799316406,10.06
26,0.00037777777777777777,10.0,1.477726697921753,9.96
26,0.00037777777777777777,10.0,1.4817264080047607,10.0
26,0.00037777777777777777,10.0,1.485750436782837,9.93
26,0.00037777777777777777,10.0,1.4897518157958984,9.96
26,0.00037777777777777777,10.0,1.4935476779937744,10.13
26,0.00037777777777777777,10.0,1.4976935386657715,9.85
27,0.0004,5.0,3.0994415283203125e-06,2.49
27,0.0004,5.0,0.00787210464477539,2.5
27,0.0004,5.0,0.011878013610839844,2.48
27,0.0004,5.0,0.01587367057800293,2.5
27,0.0004,5.0,0.01987743377685547,2.5
27,0.0004,5.0,0.023856639862060547,2.49
27,0.0004,5.0,0.027862071990966797,2.52
27,0.0004,5.0,0.031853675842285156,2.49
27,0.0004,5.0,0.035849809646606445,2.5100000000000002
27,0.0004,5.0,0.03984832763671875,2.54
27,0.0004,5.0,0.043865203857421875,2.5
27,0.0004,5.0,0.04787731170654297,2.45
27,0.0004,5.0,0.05187702178955078,2.5100000000000002
27,0.0004,5.0,0.055876970291137695,2.5100000000000002
27,0.0004,5.0,0.05987811088562012,2.5300000000000002
27,0.0004,5.0,0.06384754180908203,2.42
27,0.0004,5.0,0.06758642196655273,2.5
27,0.0004,5.0,0.0715327262878418,2.5300000000000002
27,0.0004,5.0,0.0754706859588623,2.5100000000000002
27,0.0004,5.0,0.07949137687683105,2.45
27,0.0004,5.0,0.08357572555541992,2.5
27,0.0004,5.0,0.08761858940124512,2.49
27,0.0004,5.0,0.09165525436401367,2.49
27,0.0004,5.0,0.09568142890930176,2.5
27,0.0004,5.0,0.09973597526550293,2.46
27,0.0004,5.0,0.1037445068359375,2.52
27,0.0004,5.0,0.10788083076477051,2.4
27,0.0004,5.0,0.11181044578552246,2.47
27,0.0004,5.0,0.1158137321472168,2.5
27,0.0004,5.0,0.11981940269470215,2.5
27,0.0004,5.0,0.12384963035583496,2.5
27,0.0004,5.0,0.12760710716247559,2.46
27,0.0004,5.0,0.13149356842041016,2.45
27,0.0004,5.0,0.13547158241271973,2.44
27,0.0004,5.0,0.13954758644104004,2.52
27,0.0004,5.0,0.1435999870300293,2.47
27,0.0004,5.0,0.14768743515014648,2.45
27,0.0004,5.0,0.1518239974975586,2.52
27,0.0004,5.0,0.1558229923248291,2.44
27,0.0004,5.0,0.1598496437072754,2.44
27,0.0004,5.0,0.16385865211486816,2.49
27,0.0004,5.0,0.1678180694580078,2.5
27,0.0004,5.0,0.17161107063293457,2.52
27,0.0004,5.0,0.17559385299682617,2.47
27,0.0004,5.0,0.17975497245788574,2.5
27,0.0004,5.0,0.1838216781616211,2.52
27,0.0004,5.0,0.18785762786865234,2.48
27,0.0004,5.0,0.19192957878112793,2.54
27,0.0004,5.0,0.1959240436553955,2.45
27,0.0004,5.0,0.19995927810668945,2.49
27,0.0004,5.0,0.20393705368041992,2.44
27,0.0004,5.0,0.2079169750213623,2.48
27,0.0004,5.0,0.21186137199401855,2.52
27,0.0004,5.0,0.21586179733276367,2.49
27,0.0004,5.0,0.21991491317749023,2.48
27,0.0004,5.0,0.2239089012145996,2.5
27,0.0004,5.0,0.22791457176208496,2.46
27,0.0004,5.0,0.23189973831176758,2.46
27,0.0004,5.0,0.23593568801879883,2.49
27,0.0004,5.0,0.2398989200592041,2.49
27,0.0004,5.0,0.24388337135314941,2.56
27,0.0004,5.0,0.24791955947875977,2.5100000000000002
27,0.0004,5.0,0.25188779830932617,2.49
27,0.0004,5.0,0.25597238540649414,2.48
27,0.0004,5.0,0.25992560386657715,2.5300000000000002
27,0.0004,5.0,0.2639119625091553,2.47
27,0.0004,5.0,0.267808198928833,2.5100000000000002
27,0.0004,5.0,0.2716512680053711,2.48
27,0.0004,5.0,0.27559709548950195,2.5100000000000002
27,0.0004,5.0,0.2797272205352783,2.52
27,0.0004,5.0,0.28371214866638184,2.5
27,0.0004,5.0,0.287738561630249,2.52
27,0.0004,5.0,0.291764497756958,2.48
27,0.0004,5.0,0.2959330081939697,2.49
27,0.0004,5.0,0.29993200302124023,2.5100000000000002
27,0.0004,5.0,0.3039240837097168,2.57
27,0.0004,5.0,0.3079264163970947,2.5
27,0.0004,5.0,0.31183409690856934,2.5100000000000002
27,0.0004,5.0,0.31594181060791016,2.5
27,0.0004,5.0,0.31993937492370605,2.5
27,0.0004,5.0,0.3239448070526123,2.49
27,0.0004,5.0,0.32793116569519043,2.49
27,0.0004,5.0,0.33193254470825195,2.5100000000000002
27,0.0004,5.0,0.3359355926513672,2.52
27,0.0004,5.0,0.3398566246032715,2.52
27,0.0004,5.0,0.34391331672668457,2.56
27,0.0004,5.0,0.3479595184326172,2.49
27,0.0004,5.0,0.35193657875061035,2.46
27,0.0004,5.0,0.35594892501831055,2.49
27,0.0004,5.0,0.3599269390106201,2.49
27,0.0004,5.0,0.3639206886291504,2.5100000000000002
27,0.0004,5.0,0.3679537773132324,2.48
27,0.0004,5.0,0.37157773971557617,2.48
27,0.0004,5.0,0.37560081481933594,2.52
27,0.0004,5.0,0.3796424865722656,2.38
27,0.0004,5.0,0.3838179111480713,2.48
27,0.0004,5.0,0.3877415657043457,2.5100000000000002
27,0.0004,5.0,0.39177656173706055,2.49
27,0.0004,5.0,0.39582204818725586,2.46
27,0.0004,5.0,0.3999021053314209,2.49
27,0.0004,5.0,0.40393614768981934,2.45
27,0.0004,5.0,0.4079127311706543,2.52
27,0.0004,5.0,0.4119100570678711,2.5
27,0.0004,5.0,0.41591429710388184,2.5100000000000002
27,0.0004,5.0,0.419907808303833,2.5
27,0.0004,5.0,0.423936128616333,2.49
27,0.0004,5.0,0.42794203758239746,2.5300000000000002
27,0.0004,5.0,0.43190908432006836,2.5300000000000002
27,0.0004,5.0,0.435762882232666,2.49
27,0.0004,5.0,0.43992114067077637,2.48
27,0.0004,5.0,0.443936824798584,2.5
27,0.0004,5.0,0.4479024410247803,2.49
27,0.0004,5.0,0.4519181251525879,2.52
27,0.0004,5.0,0.4559028148651123,2.47
27,0.0004,5.0,0.4598965644836426,2.5100000000000002
27,0.0004,5.0,0.46389055252075195,2.48
27,0.0004,5.0,0.46787071228027344,2.5100000000000002
27,0.0004,5.0,0.4716649055480957,2.5100000000000002
27,0.0004,5.0,0.47552037239074707,2.5300000000000002
27,0.0004,5.0,0.47954630851745605,2.5100000000000002
27,0.0004,5.0,0.48361730575561523,2.52
27,0.0004,5.0,0.48777008056640625,2.49
27,0.0004,5.0,0.4916672706604004,2.5100000000000002
27,0.0004,5.0,0.4957888126373291,2.5100000000000002
27,0.0004,5.0,0.4996914863586426,2.47
27,0.0004,5.0,0.5036702156066895,2.57
27,0.0004,5.0,0.5118553638458252,2.71
27,0.0004,5.0,0.5158493518829346,2.75
27,0.0004,5.0,0.5198502540588379,2.88
27,0.0004,5.0,0.5238518714904785,2.99
27,0.0004,5.0,0.5278358459472656,3.0300000000000002
27,0.0004,5.0,0.5318589210510254,3.17
27,0.0004,5.0,0.5356929302215576,3.17
27,0.0004,5.0,0.5396721363067627,3.2800000000000002
27,0.0004,5.0,0.5438370704650879,3.37
27,0.0004,5.0,0.5478336811065674,3.41
27,0.0004,5.0,0.5518341064453125,3.5
27,0.0004,5.0,0.5558271408081055,3.52
27,0.0004,5.0,0.5598235130310059,3.56
27,0.0004,5.0,0.563758373260498,3.58
27,0.0004,5.0,0.5678203105926514,3.72
27,0.0004,5.0,0.5717251300811768,3.79
27,0.0004,5.0,0.5755376815795898,3.79
27,0.0004,5.0,0.5795822143554688,3.92
27,0.0004,5.0,0.5837361812591553,3.97
27,0.0004,5.0,0.5877916812896729,3.96
27,0.0004,5.0,0.5917952060699463,4.0200000000000005
27,0.0004,5.0,0.5959208011627197,4.1
27,0.0004,5.0,0.5999033451080322,4.09
27,0.0004,5.0,0.6039016246795654,4.1
27,0.0004,5.0,0.6079123020172119,4.24
27,0.0004,5.0,0.6119058132171631,4.3
27,0.0004,5.0,0.6159133911132812,4.3500000000000005
27,0.0004,5.0,0.6199069023132324,4.36
27,0.0004,5.0,0.6238665580749512,4.33
27,0.0004,5.0,0.6277697086334229,4.43
27,0.0004,5.0,0.6315114498138428,4.37
27,0.0004,5.0,0.6353974342346191,4.46
27,0.0004,5.0,0.6394379138946533,4.48
27,0.0004,5.0,0.6434476375579834,4.48
27,0.0004,5.0,0.647719144821167,4.51
27,0.0004,5.0,0.6519010066986084,4.57
27,0.0004,5.0,0.6559343338012695,4.5200000000000005
27,0.0004,5.0,0.6599156856536865,4.64
27,0.0004,5.0,0.6637911796569824,4.65
27,0.0004,5.0,0.6679091453552246,4.5600000000000005
27,0.0004,5.0,0.6716933250427246,4.75
27,0.0004,5.0,0.6754262447357178,4.76
27,0.0004,5.0,0.6794202327728271,4.73
27,0.0004,5.0,0.683556318283081,4.7
27,0.0004,5.0,0.6878066062927246,4.74
27,0.0004,5.0,0.6917586326599121,4.74
27,0.0004,5.0,0.6958842277526855,4.72
27,0.0004,5.0,0.6998417377471924,4.73
27,0.0004,5.0,0.7035882472991943,4.76
27,0.0004,5.0,0.7074236869812012,4.79
27,0.0004,5.0,0.7113418579101562,4.84
27,0.0004,5.0,0.7154257297515869,4.78
27,0.0004,5.0,0.7194325923919678,4.7
27,0.0004,5.0,0.7234640121459961,4.78
27,0.0004,5.0,0.7275147438049316,4.88
27,0.0004,5.0,0.7315282821655273,4.8
27,0.0004,5.0,0.7355730533599854,4.92
27,0.0004,5.0,0.7396190166473389,4.8500000000000005
27,0.0004,5.0,0.7437722682952881,4.8100000000000005
27,0.0004,5.0,0.7477734088897705,4.91
27,0.0004,5.0,0.751786470413208,4.93
27,0.0004,5.0,0.7557065486907959,4.95
27,0.0004,5.0,0.7596418857574463,4.87
27,0.0004,5.0,0.7636878490447998,4.91
27,0.0004,5.0,0.7677416801452637,4.89
27,0.0004,5.0,0.7717039585113525,4.88
27,0.0004,5.0,0.7755260467529297,4.83
27,0.0004,5.0,0.7794489860534668,5.0600000000000005
27,0.0004,5.0,0.7836477756500244,4.91
27,0.0004,5.0,0.787712812423706,4.82
27,0.0004,5.0,0.7917468547821045,4.88
27,0.0004,5.0,0.7957682609558105,5.04
27,0.0004,5.0,0.79984450340271,4.95
27,0.0004,5.0,0.8038344383239746,4.94
27,0.0004,5.0,0.8078346252441406,4.94
27,0.0004,5.0,0.8118734359741211,5.0
27,0.0004,5.0,0.8158354759216309,4.97
27,0.0004,5.0,0.8197622299194336,4.92
27,0.0004,5.0,0.8238348960876465,4.88
27,0.0004,5.0,0.8277807235717773,5.03
27,0.0004,5.0,0.8317604064941406,4.9
27,0.0004,5.0,0.8357405662536621,4.92
27,0.0004,5.0,0.8397879600524902,4.97
27,0.0004,5.0,0.8438119888305664,5.13
27,0.0004,5.0,0.8478357791900635,4.87
27,0.0004,5.0,0.851740837097168,4.96
27,0.0004,5.0,0.8558042049407959,4.98
27,0.0004,5.0,0.8598158359527588,4.98
27,0.0004,5.0,0.8638064861297607,5.0600000000000005
27,0.0004,5.0,0.8678412437438965,5.04
27,0.0004,5.0,0.8717610836029053,4.8100000000000005
27,0.0004,5.0,0.8754770755767822,5.0600000000000005
27,0.0004,5.0,0.8794975280761719,4.91
27,0.0004,5.0,0.8835582733154297,5.03
27,0.0004,5.0,0.8876228332519531,4.97
27,0.0004,5.0,0.8917670249938965,5.01
27,0.0004,5.0,0.8957705497741699,5.09
27,0.0004,5.0,0.8995277881622314,5.01
27,0.0004,5.0,0.9036862850189209,4.94
27,0.0004,5.0,0.9077620506286621,5.01
27,0.0004,5.0,0.9117755889892578,5.08
27,0.0004,5.0,0.915870189666748,4.96
27,0.0004,5.0,0.9198191165924072,5.08
27,0.0004,5.0,0.9238054752349854,4.96
27,0.0004,5.0,0.9278068542480469,4.99
27,0.0004,5.0,0.93180251121521,4.92
27,0.0004,5.0,0.9356565475463867,4.93
27,0.0004,5.0,0.939603328704834,4.99
27,0.0004,5.0,0.9437806606292725,4.98
27,0.0004,5.0,0.9477498531341553,5.04
27,0.0004,5.0,0.9518182277679443,5.03
27,0.0004,5.0,0.9558134078979492,5.07
27,0.0004,5.0,0.9598112106323242,5.01
27,0.0004,5.0,0.9638381004333496,4.98
27,0.0004,5.0,0.9678080081939697,4.93
27,0.0004,5.0,0.9718480110168457,4.99
27,0.0004,5.0,0.9755978584289551,5.01
27,0.0004,5.0,0.9795017242431641,4.96
27,0.0004,5.0,0.9835097789764404,4.99
27,0.0004,5.0,0.9875073432922363,4.89
27,0.0004,5.0,0.9915425777435303,5.0600000000000005
27,0.0004,5.0,0.9957702159881592,4.92
27,0.0004,5.0,0.9997875690460205,5.0200000000000005
27,0.0004,5.0,1.003838300704956,4.98
27,0.0004,5.0,1.0078070163726807,4.89
27,0.0004,5.0,1.0118110179901123,4.97
27,0.0004,5.0,1.015826940536499,4.95
27,0.0004,5.0,1.0198066234588623,4.89
27,0.0004,5.0,1.0238265991210938,4.97
27,0.0004,5.0,1.027808666229248,4.99
27,0.0004,5.0,1.0317938327789307,4.99
27,0.0004,5.0,1.0356693267822266,4.93
27,0.0004,5.0,1.03977370262146,5.07
27,0.0004,5.0,1.0437829494476318,4.98
27,0.0004,5.0,1.047811508178711,5.1000000000000005
27,0.0004,5.0,1.051783800125122,5.05
27,0.0004,5.0,1.0557734966278076,5.05
27,0.0004,5.0,1.0598139762878418,5.01
27,0.0004,5.0,1.0638134479522705,4.93
27,0.0004,5.0,1.0678160190582275,4.88
27,0.0004,5.0,1.0718402862548828,5.03
27,0.0004,5.0,1.075606107711792,5.05
27,0.0004,5.0,1.0795061588287354,5.01
27,0.0004,5.0,1.0835492610931396,4.99
27,0.0004,5.0,1.0876224040985107,5.0
27,0.0004,5.0,1.0916593074798584,4.93
27,0.0004,5.0,1.0956594944000244,5.01
27,0.0004,5.0,1.0996818542480469,5.14
27,0.0004,5.0,1.103647232055664,4.98
27,0.0004,5.0,1.1076664924621582,4.86
27,0.0004,5.0,1.1118216514587402,4.98
27,0.0004,5.0,1.115837574005127,4.9
27,0.0004,5.0,1.119818925857544,4.84
27,0.0004,5.0,1.1238527297973633,5.0600000000000005
27,0.0004,5.0,1.127809762954712,5.05
27,0.0004,5.0,1.1316053867340088,4.8100000000000005
27,0.0004,5.0,1.1355135440826416,5.0
27,0.0004,5.0,1.1395237445831299,5.05
27,0.0004,5.0,1.143707036972046,5.03
27,0.0004,5.0,1.1476681232452393,5.1000000000000005
27,0.0004,5.0,1.1517736911773682,5.11
27,0.0004,5.0,1.1557657718658447,4.9
27,0.0004,5.0,1.15974760055542,4.91
27,0.0004,5.0,1.1638054847717285,5.04
27,0.0004,5.0,1.1678106784820557,5.0200000000000005
27,0.0004,5.0,1.1718170642852783,5.0600000000000005
27,0.0004,5.0,1.1757166385650635,5.0200000000000005
27,0.0004,5.0,1.179527759552002,5.0600000000000005
27,0.0004,5.0,1.1835997104644775,4.97
27,0.0004,5.0,1.1876986026763916,4.92
27,0.0004,5.0,1.1916544437408447,5.03
27,0.0004,5.0,1.195754051208496,4.98
27,0.0004,5.0,1.1996805667877197,4.97
27,0.0004,5.0,1.203838586807251,4.98
27,0.0004,5.0,1.2078356742858887,4.92
27,0.0004,5.0,1.211798906326294,5.05
27,0.0004,5.0,1.215803623199463,4.97
27,0.0004,5.0,1.2197976112365723,4.8500000000000005
27,0.0004,5.0,1.2238144874572754,4.97
27,0.0004,5.0,1.227813482284546,5.0200000000000005
27,0.0004,5.0,1.2318122386932373,5.0600000000000005
27,0.0004,5.0,1.235666036605835,4.91
27,0.0004,5.0,1.2396612167358398,5.08
27,0.0004,5.0,1.243821620941162,4.95
27,0.0004,5.0,1.2478091716766357,5.07
27,0.0004,5.0,1.2518291473388672,4.97
27,0.0004,5.0,1.2557988166809082,5.0
27,0.0004,5.0,1.2598121166229248,4.94
27,0.0004,5.0,1.2638146877288818,4.89
27,0.0004,5.0,1.2678041458129883,5.0200000000000005
27,0.0004,5.0,1.2718093395233154,5.01
27,0.0004,5.0,1.2756595611572266,4.97
27,0.0004,5.0,1.2795166969299316,4.8500000000000005
27,0.0004,5.0,1.283463954925537,4.92
27,0.0004,5.0,1.2875797748565674,5.04
27,0.0004,5.0,1.2916295528411865,5.04
27,0.0004,5.0,1.2958273887634277,4.94
27,0.0004,5.0,1.2998266220092773,5.04
27,0.0004,5.0,1.3038146495819092,5.11
27,0.0004,5.0,1.3078064918518066,5.07
27,0.0004,5.0,1.3118395805358887,4.91
27,0.0004,5.0,1.3158297538757324,4.94
27,0.0004,5.0,1.319823980331421,4.9
27,0.0004,5.0,1.3238072395324707,5.05
27,0.0004,5.0,1.3278439044952393,5.04
27,0.0004,5.0,1.3318285942077637,5.01
27,0.0004,5.0,1.3356719017028809,5.05
27,0.0004,5.0,1.3396785259246826,4.97
27,0.0004,5.0,1.3438313007354736,5.05
27,0.0004,5.0,1.3478434085845947,4.98
27,0.0004,5.0,1.3518445491790771,4.92
27,0.0004,5.0,1.3558390140533447,5.03
27,0.0004,5.0,1.3598403930664062,5.03
27,0.0004,5.0,1.3637959957122803,5.05
27,0.0004,5.0,1.3677427768707275,5.03
27,0.0004,5.0,1.371617078781128,4.98
27,0.0004,5.0,1.3756499290466309,4.97
27,0.0004,5.0,1.3795816898345947,5.01
27,0.0004,5.0,1.383474349975586,4.96
27,0.0004,5.0,1.3876054286956787,5.05
27,0.0004,5.0,1.3916893005371094,4.89
27,0.0004,5.0,1.3956882953643799,5.0
27,0.0004,5.0,1.3997185230255127,5.0200000000000005
27,0.0004,5.0,1.4036448001861572,5.0200000000000005
27,0.0004,5.0,1.4077708721160889,4.93
27,0.0004,5.0,1.411785364151001,5.05
27,0.0004,5.0,1.4157800674438477,4.92
27,0.0004,5.0,1.4197959899902344,4.93
27,0.0004,5.0,1.4237828254699707,5.05
27,0.0004,5.0,1.4277806282043457,5.01
27,0.0004,5.0,1.4317777156829834,5.05
27,0.0004,5.0,1.4356193542480469,5.05
27,0.0004,5.0,1.439784049987793,5.0200000000000005
27,0.0004,5.0,1.4437828063964844,5.0600000000000005
27,0.0004,5.0,1.4477837085723877,4.97
27,0.0004,5.0,1.451817274093628,4.91
27,0.0004,5.0,1.455833911895752,4.89
27,0.0004,5.0,1.459808111190796,5.0600000000000005
27,0.0004,5.0,1.463822603225708,4.89
27,0.0004,5.0,1.467827558517456,5.08
27,0.0004,5.0,1.4718255996704102,5.03
27,0.0004,5.0,1.4757885932922363,5.04
27,0.0004,5.0,1.4796249866485596,4.89
27,0.0004,5.0,1.483452320098877,5.03
27,0.0004,5.0,1.4875330924987793,4.96
27,0.0004,5.0,1.4916644096374512,5.0200000000000005
27,0.0004,5.0,1.495680332183838,5.01
27,0.0004,5.0,1.4997634887695312,5.01
28,0.0004,7.5,3.0994415283203125e-06,3.79
28,0.0004,7.5,0.00793766975402832,3.89
28,0.0004,7.5,0.011951446533203125,3.73
28,0.0004,7.5,0.015938758850097656,3.83
28,0.0004,7.5,0.019730091094970703,3.81
28,0.0004,7.5,0.02347540855407715,3.69
28,0.0004,7.5,0.027463197708129883,3.8000000000000003
28,0.0004,7.5,0.03147745132446289,3.7800000000000002
28,0.0004,7.5,0.035918235778808594,3.81
28,0.0004,7.5,0.039900779724121094,3.85
28,0.0004,7.5,0.0439455509185791,3.72
28,0.0004,7.5,0.04794454574584961,3.62
28,0.0004,7.5,0.05196070671081543,3.8200000000000003
28,0.0004,7.5,0.05594158172607422,3.83
28,0.0004,7.5,0.05994248390197754,3.68
28,0.0004,7.5,0.06379151344299316,3.73
28,0.0004,7.5,0.06784248352050781,3.8000000000000003
28,0.0004,7.5,0.07178783416748047,3.7600000000000002
28,0.0004,7.5,0.07590198516845703,3.74
28,0.0004,7.5,0.07969331741333008,3.64
28,0.0004,7.5,0.08383560180664062,3.79
28,0.0004,7.5,0.08791542053222656,3.73
28,0.0004,7.5,0.09195089340209961,3.7800000000000002
28,0.0004,7.5,0.0959479808807373,3.71
28,0.0004,7.5,0.09994101524353027,3.68
28,0.0004,7.5,0.10396122932434082,3.7800000000000002
28,0.0004,7.5,0.10794663429260254,3.79
28,0.0004,7.5,0.11195802688598633,3.75
28,0.0004,7.5,0.11585688591003418,3.73
28,0.0004,7.5,0.11982536315917969,3.77
28,0.0004,7.5,0.12362122535705566,3.8000000000000003
28,0.0004,7.5,0.12761855125427246,3.87
28,0.0004,7.5,0.1316978931427002,3.79
28,0.0004,7.5,0.13570165634155273,3.81
28,0.0004,7.5,0.1394639015197754,3.77
28,0.0004,7.5,0.14351272583007812,3.8200000000000003
28,0.0004,7.5,0.1474778652191162,3.8000000000000003
28,0.0004,7.5,0.15144038200378418,3.8200000000000003
28,0.0004,7.5,0.15553545951843262,3.75
28,0.0004,7.5,0.15957021713256836,3.7800000000000002
28,0.0004,7.5,0.16361498832702637,3.7800000000000002
28,0.0004,7.5,0.1676928997039795,3.79
28,0.0004,7.5,0.17170071601867676,3.79
28,0.0004,7.5,0.1757512092590332,3.69
28,0.0004,7.5,0.17975306510925293,3.7800000000000002
28,0.0004,7.5,0.18385815620422363,3.83
28,0.0004,7.5,0.18775391578674316,3.71
28,0.0004,7.5,0.19182872772216797,3.77
28,0.0004,7.5,0.19586491584777832,3.81
28,0.0004,7.5,0.19989776611328125,3.8000000000000003
28,0.0004,7.5,0.20391535758972168,3.71
28,0.0004,7.5,0.2079148292541504,3.74
28,0.0004,7.5,0.21192002296447754,3.74
28,0.0004,7.5,0.21591734886169434,3.77
28,0.0004,7.5,0.21976017951965332,3.7800000000000002
28,0.0004,7.5,0.22349762916564941,3.74
28,0.0004,7.5,0.2276318073272705,3.7600000000000002
28,0.0004,7.5,0.23169994354248047,3.68
28,0.0004,7.5,0.2357161045074463,3.69
28,0.0004,7.5,0.23975801467895508,3.74
28,0.0004,7.5,0.2439289093017578,3.75
28,0.0004,7.5,0.24772047996520996,3.72
28,0.0004,7.5,0.25185513496398926,3.7800000000000002
28,0.0004,7.5,0.2559487819671631,3.7600000000000002
28,0.0004,7.5,0.25985026359558105,3.73
28,0.0004,7.5,0.26395702362060547,3.71
28,0.0004,7.5,0.2679443359375,3.71
28,0.0004,7.5,0.2718806266784668,3.77
28,0.0004,7.5,0.275881290435791,3.75
28,0.0004,7.5,0.27945923805236816,3.75
28,0.0004,7.5,0.28395628929138184,3.75
28,0.0004,7.5,0.28795433044433594,3.72
28,0.0004,7.5,0.29194164276123047,3.7800000000000002
28,0.0004,7.5,0.29595303535461426,3.73
28,0.0004,7.5,0.2999739646911621,3.7600000000000002
28,0.0004,7.5,0.30394959449768066,3.72
28,0.0004,7.5,0.3077404499053955,3.7800000000000002
28,0.0004,7.5,0.3116264343261719,3.75
28,0.0004,7.5,0.3155832290649414,3.74
28,0.0004,7.5,0.31962037086486816,3.72
28,0.0004,7.5,0.32355713844299316,3.8200000000000003
28,0.0004,7.5,0.3275778293609619,3.77
28,0.0004,7.5,0.33156847953796387,3.67
28,0.0004,7.5,0.3356606960296631,3.74
28,0.0004,7.5,0.33971714973449707,3.7800000000000002
28,0.0004,7.5,0.34375643730163574,3.69
28,0.0004,7.5,0.3477647304534912,3.77
28,0.0004,7.5,0.35192179679870605,3.84
28,0.0004,7.5,0.35591840744018555,3.7
28,0.0004,7.5,0.35991978645324707,3.77
28,0.0004,7.5,0.3639206886291504,3.72
28,0.0004,7.5,0.3678569793701172,3.72
28,0.0004,7.5,0.37168121337890625,3.8200000000000003
28,0.0004,7.5,0.37561845779418945,3.63
28,0.0004,7.5,0.37964415550231934,3.73
28,0.0004,7.5,0.38372135162353516,3.74
28,0.0004,7.5,0.3877723217010498,3.73
28,0.0004,7.5,0.39185595512390137,3.65
28,0.0004,7.5,0.3959217071533203,3.74
28,0.0004,7.5,0.39991259574890137,3.7800000000000002
28,0.0004,7.5,0.4038550853729248,3.8000000000000003
28,0.0004,7.5,0.4077596664428711,3.66
28,0.0004,7.5,0.4119536876678467,3.77
28,0.0004,7.5,0.4158611297607422,3.89
28,0.0004,7.5,0.4198267459869385,3.74
28,0.0004,7.5,0.4235990047454834,3.75
28,0.0004,7.5,0.42754626274108887,3.71
28,0.0004,7.5,0.4315783977508545,3.8200000000000003
28,0.0004,7.5,0.43566083908081055,3.75
28,0.0004,7.5,0.43967461585998535,3.7800000000000002
28,0.0004,7.5,0.44373178482055664,3.75
28,0.0004,7.5,0.4478025436401367,3.66
28,0.0004,7.5,0.4517974853515625,3.74
28,0.0004,7.5,0.4558711051940918,3.84
28,0.0004,7.5,0.45985889434814453,3.74
28,0.0004,7.5,0.46385765075683594,3.83
28,0.0004,7.5,0.46786022186279297,3.74
28,0.0004,7.5,0.47190046310424805,3.67
28,0.0004,7.5,0.47589921951293945,3.73
28,0.0004,7.5,0.4798593521118164,3.72
28,0.0004,7.5,0.483964204788208,3.72
28,0.0004,7.5,0.48786473274230957,3.7800000000000002
28,0.0004,7.5,0.49185776710510254,3.75
28,0.0004,7.5,0.49595189094543457,3.79
28,0.0004,7.5,0.4998512268066406,3.74
28,0.0004,7.5,0.5038282871246338,3.83
28,0.0004,7.5,0.5118684768676758,4.08
28,0.0004,7.5,0.5158171653747559,4.16
28,0.0004,7.5,0.5198814868927002,4.3100000000000005
28,0.0004,7.5,0.5236923694610596,4.5
28,0.0004,7.5,0.5276546478271484,4.6000000000000005
28,0.0004,7.5,0.5315325260162354,4.63
28,0.0004,7.5,0.5357112884521484,4.91
28,0.0004,7.5,0.5399007797241211,4.96
28,0.0004,7.5,0.5438101291656494,5.13
28,0.0004,7.5,0.5479311943054199,5.17
28,0.0004,7.5,0.5517652034759521,5.28
28,0.0004,7.5,0.5558569431304932,5.5
28,0.0004,7.5,0.5598530769348145,5.63
28,0.0004,7.5,0.56390380859375,5.78
28,0.0004,7.5,0.5678632259368896,5.9
28,0.0004,7.5,0.5718894004821777,5.94
28,0.0004,7.5,0.575697660446167,6.12
28,0.0004,7.5,0.5799667835235596,6.2
28,0.0004,7.5,0.583857536315918,6.24
28,0.0004,7.5,0.587970495223999,6.36
28,0.0004,7.5,0.5918586254119873,6.34
28,0.0004,7.5,0.5958523750305176,6.41
28,0.0004,7.5,0.599855899810791,6.37
28,0.0004,7.5,0.6038610935211182,6.54
28,0.0004,7.5,0.6078479290008545,6.55
28,0.0004,7.5,0.6118474006652832,6.5
28,0.0004,7.5,0.6158561706542969,6.75
28,0.0004,7.5,0.6198372840881348,6.72
28,0.0004,7.5,0.623671293258667,6.8
28,0.0004,7.5,0.6275742053985596,6.76
28,0.0004,7.5,0.6315064430236816,6.84
28,0.0004,7.5,0.6355428695678711,6.8
28,0.0004,7.5,0.6396396160125732,6.8500000000000005
28,0.0004,7.5,0.643679141998291,6.86
28,0.0004,7.5,0.6476590633392334,6.9
28,0.0004,7.5,0.6516983509063721,6.94
28,0.0004,7.5,0.655799388885498,6.96
28,0.0004,7.5,0.6598622798919678,7.01
28,0.0004,7.5,0.6638541221618652,7.0200000000000005
28,0.0004,7.5,0.6678578853607178,7.08
28,0.0004,7.5,0.6717472076416016,7.04
28,0.0004,7.5,0.6756997108459473,7.08
28,0.0004,7.5,0.6798560619354248,7.07
28,0.0004,7.5,0.6838371753692627,7.19
28,0.0004,7.5,0.6878571510314941,7.08
28,0.0004,7.5,0.6918551921844482,7.13
28,0.0004,7.5,0.6958487033843994,7.26
28,0.0004,7.5,0.6998538970947266,7.15
28,0.0004,7.5,0.7038278579711914,7.18
28,0.0004,7.5,0.7078437805175781,7.18
28,0.0004,7.5,0.7118134498596191,7.24
28,0.0004,7.5,0.7158312797546387,7.23
28,0.0004,7.5,0.7198121547698975,7.2
28,0.0004,7.5,0.723637580871582,7.22
28,0.0004,7.5,0.7274298667907715,7.28
28,0.0004,7.5,0.7315623760223389,7.28
28,0.0004,7.5,0.735633373260498,7.28
28,0.0004,7.5,0.7397894859313965,7.3
28,0.0004,7.5,0.7437887191772461,7.32
28,0.0004,7.5,0.7477831840515137,7.22
28,0.0004,7.5,0.7518100738525391,7.26
28,0.0004,7.5,0.7558367252349854,7.32
28,0.0004,7.5,0.7598562240600586,7.29
28,0.0004,7.5,0.7638444900512695,7.28
28,0.0004,7.5,0.7677905559539795,7.32
28,0.0004,7.5,0.7717146873474121,7.32
28,0.0004,7.5,0.7756826877593994,7.3500000000000005
28,0.0004,7.5,0.7797582149505615,7.36
28,0.0004,7.5,0.7838640213012695,7.34
28,0.0004,7.5,0.7878255844116211,7.34
28,0.0004,7.5,0.7918355464935303,7.41
28,0.0004,7.5,0.7958641052246094,7.3500000000000005
28,0.0004,7.5,0.799860954284668,7.390000000000001
28,0.0004,7.5,0.8038604259490967,7.34
28,0.0004,7.5,0.8078646659851074,7.36
28,0.0004,7.5,0.8118793964385986,7.3500000000000005
28,0.0004,7.5,0.8159115314483643,7.36
28,0.0004,7.5,0.8198425769805908,7.38
28,0.0004,7.5,0.823695182800293,7.390000000000001
28,0.0004,7.5,0.8275527954101562,7.36
28,0.0004,7.5,0.8315153121948242,7.34
28,0.0004,7.5,0.8355929851531982,7.38
28,0.0004,7.5,0.8397831916809082,7.41
28,0.0004,7.5,0.8437409400939941,7.44
28,0.0004,7.5,0.8477892875671387,7.37
28,0.0004,7.5,0.8518052101135254,7.38
28,0.0004,7.5,0.8558037281036377,7.41
28,0.0004,7.5,0.859788179397583,7.38
28,0.0004,7.5,0.8636853694915771,7.41
28,0.0004,7.5,0.8678085803985596,7.4
28,0.0004,7.5,0.8716349601745605,7.41
28,0.0004,7.5,0.8755362033843994,7.51
28,0.0004,7.5,0.8795347213745117,7.38
28,0.0004,7.5,0.8836843967437744,7.44
28,0.0004,7.5,0.887763261795044,7.41
28,0.0004,7.5,0.8918085098266602,7.41
28,0.0004,7.5,0.8957068920135498,7.46
28,0.0004,7.5,0.8998537063598633,7.46
28,0.0004,7.5,0.9038341045379639,7.390000000000001
28,0.0004,7.5,0.9078397750854492,7.43
28,0.0004,7.5,0.9118466377258301,7.41
28,0.0004,7.5,0.9158298969268799,7.44
28,0.0004,7.5,0.9198634624481201,7.4
28,0.0004,7.5,0.9234600067138672,7.45
28,0.0004,7.5,0.927626371383667,7.44
28,0.0004,7.5,0.931715726852417,7.5
28,0.0004,7.5,0.9358031749725342,7.46
28,0.0004,7.5,0.9398715496063232,7.41
28,0.0004,7.5,0.9438607692718506,7.44
28,0.0004,7.5,0.9477598667144775,7.47
28,0.0004,7.5,0.9519181251525879,7.44
28,0.0004,7.5,0.9559357166290283,7.4
28,0.0004,7.5,0.9599184989929199,7.41
28,0.0004,7.5,0.9638903141021729,7.45
28,0.0004,7.5,0.9678940773010254,7.36
28,0.0004,7.5,0.9718971252441406,7.33
28,0.0004,7.5,0.9759221076965332,7.43
28,0.0004,7.5,0.9798738956451416,7.36
28,0.0004,7.5,0.9836428165435791,7.44
28,0.0004,7.5,0.9875760078430176,7.3
28,0.0004,7.5,0.9915192127227783,7.32
28,0.0004,7.5,0.9955158233642578,7.48
28,0.0004,7.5,0.9995205402374268,7.45
28,0.0004,7.5,1.003389835357666,7.34
28,0.0004,7.5,1.007596492767334,7.19
28,0.0004,7.5,1.0115807056427002,7.33
28,0.0004,7.5,1.015570878982544,7.38
28,0.0004,7.5,1.0195188522338867,7.5200000000000005
28,0.0004,7.5,1.0233261585235596,7.390000000000001
28,0.0004,7.5,1.0263278484344482,7.42
28,0.0004,7.5,1.0293240547180176,7.44
28,0.0004,7.5,1.0323026180267334,7.53
28,0.0004,7.5,1.035308837890625,7.44
28,0.0004,7.5,1.0383272171020508,7.5
28,0.0004,7.5,1.04136061668396,7.45
28,0.0004,7.5,1.0443782806396484,7.44
28,0.0004,7.5,1.048386812210083,7.4
28,0.0004,7.5,1.05238938331604,7.37
28,0.0004,7.5,1.0568463802337646,7.42
28,0.0004,7.5,1.0608396530151367,7.3100000000000005
28,0.0004,7.5,1.0648348331451416,7.28
28,0.0004,7.5,1.068955898284912,7.45
28,0.0004,7.5,1.072450876235962,7.51
28,0.0004,7.5,1.076949119567871,7.55
28,0.0004,7.5,1.080939531326294,7.45
28,0.0004,7.5,1.084848165512085,7.49
28,0.0004,7.5,1.088850498199463,7.390000000000001
28,0.0004,7.5,1.0928292274475098,7.390000000000001
28,0.0004,7.5,1.0968616008758545,7.46
28,0.0004,7.5,1.1008453369140625,7.54
28,0.0004,7.5,1.1048431396484375,7.5
28,0.0004,7.5,1.1088933944702148,7.49
28,0.0004,7.5,1.1128530502319336,7.43
28,0.0004,7.5,1.1168546676635742,7.36
28,0.0004,7.5,1.120821237564087,7.37
28,0.0004,7.5,1.1246328353881836,7.58
28,0.0004,7.5,1.1286468505859375,7.48
28,0.0004,7.5,1.132502794265747,7.55
28,0.0004,7.5,1.1365201473236084,7.4
28,0.0004,7.5,1.140620470046997,7.5
28,0.0004,7.5,1.1446373462677002,7.42
28,0.0004,7.5,1.1485466957092285,7.24
28,0.0004,7.5,1.1525602340698242,7.42
28,0.0004,7.5,1.1565260887145996,7.3500000000000005
28,0.0004,7.5,1.1606082916259766,7.5200000000000005
28,0.0004,7.5,1.1647868156433105,7.38
28,0.0004,7.5,1.1687679290771484,7.38
28,0.0004,7.5,1.1725413799285889,7.28
28,0.0004,7.5,1.176389455795288,7.5600000000000005
28,0.0004,7.5,1.1804499626159668,7.48
28,0.0004,7.5,1.1848669052124023,7.5
28,0.0004,7.5,1.1888401508331299,7.5200000000000005
28,0.0004,7.5,1.1928660869598389,7.48
28,0.0004,7.5,1.1968679428100586,7.47
28,0.0004,7.5,1.2007715702056885,7.46
28,0.0004,7.5,1.2048439979553223,7.48
28,0.0004,7.5,1.2088334560394287,7.55
28,0.0004,7.5,1.2128417491912842,7.54
28,0.0004,7.5,1.216811180114746,7.57
28,0.0004,7.5,1.2208185195922852,7.6000000000000005
28,0.0004,7.5,1.2249290943145752,7.5600000000000005
28,0.0004,7.5,1.228628158569336,7.390000000000001
28,0.0004,7.5,1.2325353622436523,7.58
28,0.0004,7.5,1.2366070747375488,7.5600000000000005
28,0.0004,7.5,1.2407500743865967,7.49
28,0.0004,7.5,1.2447738647460938,7.58
28,0.0004,7.5,1.2487854957580566,7.36
28,0.0004,7.5,1.252854824066162,7.34
28,0.0004,7.5,1.2568469047546387,7.48
28,0.0004,7.5,1.2608599662780762,7.43
28,0.0004,7.5,1.2648015022277832,7.46
28,0.0004,7.5,1.2688379287719727,7.37
28,0.0004,7.5,1.2727954387664795,7.5
28,0.0004,7.5,1.2768430709838867,7.38
28,0.0004,7.5,1.2808330059051514,7.5
28,0.0004,7.5,1.2848358154296875,7.44
28,0.0004,7.5,1.2887985706329346,7.45
28,0.0004,7.5,1.292844533920288,7.58
28,0.0004,7.5,1.296870470046997,7.44
28,0.0004,7.5,1.3008472919464111,7.53
28,0.0004,7.5,1.304854154586792,7.55
28,0.0004,7.5,1.3088366985321045,7.37
28,0.0004,7.5,1.3128454685211182,7.5200000000000005
28,0.0004,7.5,1.3168482780456543,7.53
28,0.0004,7.5,1.3207941055297852,7.43
28,0.0004,7.5,1.324664831161499,7.3
28,0.0004,7.5,1.328587293624878,7.5600000000000005
28,0.0004,7.5,1.3325331211090088,7.43
28,0.0004,7.5,1.336693525314331,7.5200000000000005
28,0.0004,7.5,1.340804100036621,7.5
28,0.0004,7.5,1.3447120189666748,7.49
28,0.0004,7.5,1.3487751483917236,7.390000000000001
28,0.0004,7.5,1.3527038097381592,7.53
28,0.0004,7.5,1.356780767440796,7.44
28,0.0004,7.5,1.3607611656188965,7.48
28,0.0004,7.5,1.36478853225708,7.42
28,0.0004,7.5,1.3687505722045898,7.5200000000000005
28,0.0004,7.5,1.3726131916046143,7.57
28,0.0004,7.5,1.3765017986297607,7.42
28,0.0004,7.5,1.380596399307251,7.48
28,0.0004,7.5,1.3846135139465332,7.42
28,0.0004,7.5,1.3887193202972412,7.47
28,0.0004,7.5,1.392789602279663,7.47
28,0.0004,7.5,1.3966987133026123,7.51
28,0.0004,7.5,1.400693655014038,7.3
28,0.0004,7.5,1.404778242111206,7.36
28,0.0004,7.5,1.4088134765625,7.390000000000001
28,0.0004,7.5,1.41282320022583,7.33
28,0.0004,7.5,1.4168477058410645,7.62
28,0.0004,7.5,1.4206454753875732,7.61
28,0.0004,7.5,1.4247784614562988,7.5200000000000005
28,0.0004,7.5,1.4287800788879395,7.51
28,0.0004,7.5,1.4325625896453857,7.51
28,0.0004,7.5,1.436485767364502,7.66
28,0.0004,7.5,1.440687894821167,7.47
28,0.0004,7.5,1.444751262664795,7.44
28,0.0004,7.5,1.4487876892089844,7.62
28,0.0004,7.5,1.4527833461761475,7.54
28,0.0004,7.5,1.4567885398864746,7.5200000000000005
28,0.0004,7.5,1.4607915878295898,7.2700000000000005
28,0.0004,7.5,1.4647853374481201,7.49
28,0.0004,7.5,1.4687981605529785,7.390000000000001
28,0.0004,7.5,1.4727354049682617,7.57
28,0.0004,7.5,1.4767916202545166,7.4
28,0.0004,7.5,1.4807898998260498,7.5200000000000005
28,0.0004,7.5,1.4847919940948486,7.47
28,0.0004,7.5,1.4887874126434326,7.4
28,0.0004,7.5,1.4927937984466553,7.49
28,0.0004,7.5,1.4968369007110596,7.47
29,0.0004,10.0,2.6226043701171875e-06,4.98
29,0.0004,10.0,0.007792472839355469,4.86
29,0.0004,10.0,0.011820077896118164,4.92
29,0.0004,10.0,0.015720367431640625,4.78
29,0.0004,10.0,0.0196530818939209,5.0200000000000005
29,0.0004,10.0,0.023838281631469727,4.99
29,0.0004,10.0,0.02785515785217285,4.93
29,0.0004,10.0,0.031836748123168945,4.97
29,0.0004,10.0,0.03584647178649902,4.95
29,0.0004,10.0,0.03984951972961426,4.87
29,0.0004,10.0,0.04385209083557129,4.93
29,0.0004,10.0,0.047853946685791016,4.99
29,0.0004,10.0,0.051847219467163086,4.95
29,0.0004,10.0,0.0558469295501709,4.84
29,0.0004,10.0,0.05985140800476074,4.9
29,0.0004,10.0,0.06369709968566895,5.07
29,0.0004,10.0,0.06743645668029785,5.04
29,0.0004,10.0,0.07187199592590332,4.91
29,0.0004,10.0,0.07555246353149414,4.96
29,0.0004,10.0,0.07951927185058594,4.93
29,0.0004,10.0,0.08356714248657227,4.94
29,0.0004,10.0,0.08782076835632324,4.86
29,0.0004,10.0,0.09184002876281738,4.98
29,0.0004,10.0,0.09583163261413574,5.04
29,0.0004,10.0,0.09983134269714355,4.95
29,0.0004,10.0,0.10386466979980469,4.88
29,0.0004,10.0,0.10784435272216797,4.96
29,0.0004,10.0,0.11182141304016113,4.89
29,0.0004,10.0,0.11564040184020996,4.92
29,0.0004,10.0,0.11953377723693848,5.0
29,0.0004,10.0,0.12362456321716309,5.12
29,0.0004,10.0,0.12775683403015137,5.0
29,0.0004,10.0,0.1317300796508789,4.91
29,0.0004,10.0,0.13581490516662598,4.98
29,0.0004,10.0,0.1398024559020996,5.04
29,0.0004,10.0,0.1438159942626953,5.0200000000000005
29,0.0004,10.0,0.14785122871398926,4.92
29,0.0004,10.0,0.15183115005493164,4.91
29,0.0004,10.0,0.15583229064941406,5.0
29,0.0004,10.0,0.1598374843597412,5.13
29,0.0004,10.0,0.16373538970947266,5.0200000000000005
29,0.0004,10.0,0.16782569885253906,4.93
29,0.0004,10.0,0.17182326316833496,5.03
29,0.0004,10.0,0.17560768127441406,5.09
29,0.0004,10.0,0.17951536178588867,5.0
29,0.0004,10.0,0.18370699882507324,4.91
29,0.0004,10.0,0.1877882480621338,4.95
29,0.0004,10.0,0.1917707920074463,4.99
29,0.0004,10.0,0.1958022117614746,4.89
29,0.0004,10.0,0.1998145580291748,4.93
29,0.0004,10.0,0.20383286476135254,4.97
29,0.0004,10.0,0.2078402042388916,4.83
29,0.0004,10.0,0.21179533004760742,5.0
29,0.0004,10.0,0.21565771102905273,5.0
29,0.0004,10.0,0.21979475021362305,5.08
29,0.0004,10.0,0.22382616996765137,4.96
29,0.0004,10.0,0.2278292179107666,4.97
29,0.0004,10.0,0.2318265438079834,4.97
29,0.0004,10.0,0.23583030700683594,5.03
29,0.0004,10.0,0.2398242950439453,4.94
29,0.0004,10.0,0.24381613731384277,5.03
29,0.0004,10.0,0.2478194236755371,5.0200000000000005
29,0.0004,10.0,0.2518284320831299,4.93
29,0.0004,10.0,0.2557976245880127,4.93
29,0.0004,10.0,0.2597811222076416,5.05
29,0.0004,10.0,0.26386308670043945,4.96
29,0.0004,10.0,0.267810583114624,5.15
29,0.0004,10.0,0.271808385848999,5.0200000000000005
29,0.0004,10.0,0.2757606506347656,5.0200000000000005
29,0.0004,10.0,0.2794008255004883,4.99
29,0.0004,10.0,0.28354978561401367,5.0
29,0.0004,10.0,0.2877790927886963,5.04
29,0.0004,10.0,0.2918126583099365,5.04
29,0.0004,10.0,0.2958652973175049,4.99
29,0.0004,10.0,0.29984426498413086,4.94
29,0.0004,10.0,0.3038473129272461,5.04
29,0.0004,10.0,0.3078444004058838,4.98
29,0.0004,10.0,0.31186723709106445,4.96
29,0.0004,10.0,0.3156623840332031,5.0600000000000005
29,0.0004,10.0,0.31966423988342285,5.07
29,0.0004,10.0,0.3238530158996582,4.9
29,0.0004,10.0,0.32782793045043945,4.97
29,0.0004,10.0,0.33182692527770996,4.94
29,0.0004,10.0,0.3358316421508789,4.97
29,0.0004,10.0,0.33985424041748047,5.05
29,0.0004,10.0,0.34383440017700195,5.0
29,0.0004,10.0,0.3478391170501709,5.0
29,0.0004,10.0,0.3518228530883789,4.91
29,0.0004,10.0,0.3558194637298584,4.94
29,0.0004,10.0,0.35982799530029297,5.11
29,0.0004,10.0,0.36374974250793457,5.01
29,0.0004,10.0,0.3678321838378906,5.03
29,0.0004,10.0,0.3718290328979492,5.0600000000000005
29,0.0004,10.0,0.3757624626159668,4.89
29,0.0004,10.0,0.37958383560180664,4.97
29,0.0004,10.0,0.38348865509033203,4.98
29,0.0004,10.0,0.3874340057373047,5.0200000000000005
29,0.0004,10.0,0.391385555267334,4.91
29,0.0004,10.0,0.39542365074157715,4.97
29,0.0004,10.0,0.39948368072509766,4.97
29,0.0004,10.0,0.403444766998291,4.8500000000000005
29,0.0004,10.0,0.40744900703430176,4.92
29,0.0004,10.0,0.41146302223205566,5.01
29,0.0004,10.0,0.41567444801330566,5.0600000000000005
29,0.0004,10.0,0.41970324516296387,5.01
29,0.0004,10.0,0.42385435104370117,5.05
29,0.0004,10.0,0.4278733730316162,4.92
29,0.0004,10.0,0.4318242073059082,5.0
29,0.0004,10.0,0.4358251094818115,4.93
29,0.0004,10.0,0.4398365020751953,5.07
29,0.0004,10.0,0.443845272064209,5.03
29,0.0004,10.0,0.4478299617767334,4.97
29,0.0004,10.0,0.4518601894378662,5.03
29,0.0004,10.0,0.45584630966186523,4.93
29,0.0004,10.0,0.4598519802093506,5.0600000000000005
29,0.0004,10.0,0.46373891830444336,5.0
29,0.0004,10.0,0.4676070213317871,5.03
29,0.0004,10.0,0.47165989875793457,4.92
29,0.0004,10.0,0.4757511615753174,5.0600000000000005
29,0.0004,10.0,0.47943735122680664,5.1000000000000005
29,0.0004,10.0,0.4835660457611084,5.07
29,0.0004,10.0,0.4876070022583008,4.98
29,0.0004,10.0,0.49182558059692383,5.01
29,0.0004,10.0,0.4957468509674072,4.98
29,0.0004,10.0,0.4998774528503418,5.03
29,0.0004,10.0,0.5038654804229736,5.21
29,0.0004,10.0,0.5119156837463379,5.39
29,0.0004,10.0,0.5157043933868408,5.47
29,0.0004,10.0,0.5199017524719238,5.69
29,0.0004,10.0,0.5238907337188721,5.88
29,0.0004,10.0,0.5278992652893066,5.92
29,0.0004,10.0,0.5318844318389893,6.19
29,0.0004,10.0,0.5358555316925049,6.36
29,0.0004,10.0,0.5398929119110107,6.41
29,0.0004,10.0,0.5438909530639648,6.66
29,0.0004,10.0,0.54791259765625,6.68
29,0.0004,10.0,0.5519027709960938,6.890000000000001
29,0.0004,10.0,0.5558698177337646,7.04
29,0.0004,10.0,0.5596919059753418,7.11
29,0.0004,10.0,0.5634851455688477,7.22
29,0.0004,10.0,0.5675482749938965,7.38
29,0.0004,10.0,0.5716123580932617,7.23
29,0.0004,10.0,0.5757250785827637,7.4
29,0.0004,10.0,0.5795390605926514,7.6000000000000005
29,0.0004,10.0,0.5835270881652832,7.63
29,0.0004,10.0,0.5876560211181641,7.66
29,0.0004,10.0,0.5916249752044678,7.88
29,0.0004,10.0,0.5958514213562012,7.92
29,0.0004,10.0,0.5998592376708984,8.120000000000001
29,0.0004,10.0,0.603870153427124,7.98
29,0.0004,10.0,0.6078393459320068,8.25
29,0.0004,10.0,0.6118853092193604,8.15
29,0.0004,10.0,0.6156470775604248,8.21
29,0.0004,10.0,0.619495153427124,8.19
29,0.0004,10.0,0.6235830783843994,8.31
29,0.0004,10.0,0.6276423931121826,8.36
29,0.0004,10.0,0.6317038536071777,8.41
29,0.0004,10.0,0.6358625888824463,8.6
29,0.0004,10.0,0.6397182941436768,8.68
29,0.0004,10.0,0.6438796520233154,8.76
29,0.0004,10.0,0.6477434635162354,8.75
29,0.0004,10.0,0.6518888473510742,8.81
29,0.0004,10.0,0.6558835506439209,8.870000000000001
29,0.0004,10.0,0.6598827838897705,8.78
29,0.0004,10.0,0.6637122631072998,9.03
29,0.0004,10.0,0.6678805351257324,8.97
29,0.0004,10.0,0.671898365020752,9.040000000000001
29,0.0004,10.0,0.6758975982666016,9.19
29,0.0004,10.0,0.679607629776001,9.23
29,0.0004,10.0,0.6835017204284668,8.98
29,0.0004,10.0,0.6876282691955566,9.03
29,0.0004,10.0,0.6918463706970215,9.21
29,0.0004,10.0,0.6958799362182617,9.22
29,0.0004,10.0,0.6998741626739502,9.25
29,0.0004,10.0,0.7038753032684326,9.32
29,0.0004,10.0,0.7078869342803955,9.32
29,0.0004,10.0,0.7118854522705078,9.39
29,0.0004,10.0,0.7156949043273926,9.42
29,0.0004,10.0,0.7196319103240967,9.540000000000001
29,0.0004,10.0,0.7238621711730957,9.61
29,0.0004,10.0,0.7278847694396973,9.53
29,0.0004,10.0,0.7318613529205322,9.51
29,0.0004,10.0,0.735858678817749,9.5
29,0.0004,10.0,0.7398667335510254,9.6
29,0.0004,10.0,0.7438766956329346,9.63
29,0.0004,10.0,0.7478663921356201,9.63
29,0.0004,10.0,0.7518768310546875,9.47
29,0.0004,10.0,0.7558746337890625,9.53
29,0.0004,10.0,0.7598674297332764,9.620000000000001
29,0.0004,10.0,0.7638022899627686,9.620000000000001
29,0.0004,10.0,0.7676985263824463,9.71
29,0.0004,10.0,0.7718520164489746,9.6
29,0.0004,10.0,0.7758321762084961,9.59
29,0.0004,10.0,0.7795660495758057,9.540000000000001
29,0.0004,10.0,0.7835438251495361,9.65
29,0.0004,10.0,0.7875943183898926,9.57
29,0.0004,10.0,0.7918076515197754,9.75
29,0.0004,10.0,0.79571533203125,9.57
29,0.0004,10.0,0.7997312545776367,9.64
29,0.0004,10.0,0.8037929534912109,9.74
29,0.0004,10.0,0.8077259063720703,9.89
29,0.0004,10.0,0.8118538856506348,9.8
29,0.0004,10.0,0.8156869411468506,9.71
29,0.0004,10.0,0.819688081741333,9.950000000000001
29,0.0004,10.0,0.8238492012023926,9.91
29,0.0004,10.0,0.8278710842132568,9.65
29,0.0004,10.0,0.8319101333618164,9.8
29,0.0004,10.0,0.8358590602874756,9.88
29,0.0004,10.0,0.8398654460906982,9.81
29,0.0004,10.0,0.8438599109649658,9.950000000000001
29,0.0004,10.0,0.8478636741638184,9.86
29,0.0004,10.0,0.8518507480621338,9.88
29,0.0004,10.0,0.8558492660522461,9.88
29,0.0004,10.0,0.85988450050354,10.06
29,0.0004,10.0,0.8638327121734619,9.85
29,0.0004,10.0,0.8678934574127197,9.620000000000001
29,0.0004,10.0,0.8719189167022705,9.88
29,0.0004,10.0,0.8758869171142578,9.96
29,0.0004,10.0,0.8796403408050537,9.88
29,0.0004,10.0,0.8835265636444092,9.94
29,0.0004,10.0,0.8876450061798096,9.9
29,0.0004,10.0,0.8918349742889404,9.83
29,0.0004,10.0,0.8958327770233154,9.83
29,0.0004,10.0,0.8998813629150391,9.84
29,0.0004,10.0,0.9038941860198975,9.97
29,0.0004,10.0,0.9078822135925293,9.96
29,0.0004,10.0,0.9119031429290771,9.93
29,0.0004,10.0,0.9157106876373291,9.98
29,0.0004,10.0,0.9198794364929199,10.01
29,0.0004,10.0,0.9238615036010742,9.92
29,0.0004,10.0,0.9278571605682373,10.06
29,0.0004,10.0,0.9318680763244629,9.94
29,0.0004,10.0,0.9357883930206299,9.94
29,0.0004,10.0,0.9395556449890137,9.85
29,0.0004,10.0,0.9435091018676758,9.98
29,0.0004,10.0,0.9476852416992188,9.9
29,0.0004,10.0,0.9517505168914795,9.85
29,0.0004,10.0,0.9557781219482422,9.89
29,0.0004,10.0,0.959831714630127,10.02
29,0.0004,10.0,0.9637656211853027,9.92
29,0.0004,10.0,0.9678323268890381,9.88
29,0.0004,10.0,0.9718337059020996,10.120000000000001
29,0.0004,10.0,0.9758293628692627,10.07
29,0.0004,10.0,0.979712724685669,10.06
29,0.0004,10.0,0.9835867881774902,9.98
29,0.0004,10.0,0.9874701499938965,9.83
29,0.0004,10.0,0.9917044639587402,9.99
29,0.0004,10.0,0.9956655502319336,9.93
29,0.0004,10.0,0.999791145324707,10.01
29,0.0004,10.0,1.003828525543213,9.9
29,0.0004,10.0,1.0078380107879639,9.82
29,0.0004,10.0,1.0117840766906738,10.040000000000001
29,0.0004,10.0,1.0158107280731201,9.81
29,0.0004,10.0,1.0198252201080322,9.99
29,0.0004,10.0,1.0238091945648193,9.97
29,0.0004,10.0,1.0278661251068115,10.14
29,0.0004,10.0,1.0318384170532227,10.05
29,0.0004,10.0,1.0358381271362305,10.07
29,0.0004,10.0,1.0398428440093994,9.83
29,0.0004,10.0,1.043893814086914,9.81
29,0.0004,10.0,1.0478389263153076,9.86
29,0.0004,10.0,1.0518412590026855,10.0
29,0.0004,10.0,1.0558505058288574,9.91
29,0.0004,10.0,1.059863567352295,9.86
29,0.0004,10.0,1.06380295753479,9.950000000000001
29,0.0004,10.0,1.0678906440734863,9.89
29,0.0004,10.0,1.0718474388122559,9.88
29,0.0004,10.0,1.0758578777313232,9.88
29,0.0004,10.0,1.0797584056854248,9.89
29,0.0004,10.0,1.0835926532745361,10.01
29,0.0004,10.0,1.087463140487671,9.89
29,0.0004,10.0,1.0916545391082764,10.0
29,0.0004,10.0,1.0956895351409912,10.0
29,0.0004,10.0,1.099766492843628,9.93
29,0.0004,10.0,1.1037940979003906,10.05
29,0.0004,10.0,1.1077938079833984,9.91
29,0.0004,10.0,1.1117773056030273,9.86
29,0.0004,10.0,1.1155810356140137,10.03
29,0.0004,10.0,1.119441032409668,10.07
29,0.0004,10.0,1.1235029697418213,10.11
29,0.0004,10.0,1.127579689025879,9.98
29,0.0004,10.0,1.1317675113677979,9.950000000000001
29,0.0004,10.0,1.1358044147491455,9.93
29,0.0004,10.0,1.1397600173950195,10.1
29,0.0004,10.0,1.1437947750091553,9.93
29,0.0004,10.0,1.147653341293335,9.93
29,0.0004,10.0,1.1517562866210938,10.03
29,0.0004,10.0,1.1558172702789307,9.98
29,0.0004,10.0,1.1597936153411865,10.02
29,0.0004,10.0,1.163789987564087,9.76
29,0.0004,10.0,1.1677851676940918,10.02
29,0.0004,10.0,1.1717636585235596,9.86
29,0.0004,10.0,1.1757128238677979,9.99
29,0.0004,10.0,1.1797547340393066,9.950000000000001
29,0.0004,10.0,1.1834821701049805,10.06
29,0.0004,10.0,1.1874690055847168,10.040000000000001
29,0.0004,10.0,1.1915295124053955,9.83
29,0.0004,10.0,1.195584774017334,10.02
29,0.0004,10.0,1.1997685432434082,9.98
29,0.0004,10.0,1.2037432193756104,9.92
29,0.0004,10.0,1.2077672481536865,10.01
29,0.0004,10.0,1.2117652893066406,9.76
29,0.0004,10.0,1.2157666683197021,10.1
29,0.0004,10.0,1.2198147773742676,9.82
29,0.0004,10.0,1.223768949508667,9.99
29,0.0004,10.0,1.2277789115905762,9.89
29,0.0004,10.0,1.2317659854888916,9.97
29,0.0004,10.0,1.2357532978057861,10.02
29,0.0004,10.0,1.239635944366455,9.92
29,0.0004,10.0,1.243638277053833,9.99
29,0.0004,10.0,1.2477052211761475,9.92
29,0.0004,10.0,1.2517611980438232,9.94
29,0.0004,10.0,1.2557666301727295,10.08
29,0.0004,10.0,1.2597606182098389,9.950000000000001
29,0.0004,10.0,1.2637667655944824,10.1
29,0.0004,10.0,1.2677690982818604,10.1
29,0.0004,10.0,1.2717745304107666,9.870000000000001
29,0.0004,10.0,1.2757678031921387,10.16
29,0.0004,10.0,1.2797701358795166,10.0
29,0.0004,10.0,1.283747911453247,9.99
29,0.0004,10.0,1.2873730659484863,9.86
29,0.0004,10.0,1.2915654182434082,9.950000000000001
29,0.0004,10.0,1.2955994606018066,9.85
29,0.0004,10.0,1.2998027801513672,9.88
29,0.0004,10.0,1.3037753105163574,9.92
29,0.0004,10.0,1.3077361583709717,9.86
29,0.0004,10.0,1.3117904663085938,10.07
29,0.0004,10.0,1.3157894611358643,9.950000000000001
29,0.0004,10.0,1.3196930885314941,10.040000000000001
29,0.0004,10.0,1.3235447406768799,10.0
29,0.0004,10.0,1.3277091979980469,10.03
29,0.0004,10.0,1.3317596912384033,10.120000000000001
29,0.0004,10.0,1.335756540298462,9.96
29,0.0004,10.0,1.3398120403289795,10.040000000000001
29,0.0004,10.0,1.3438003063201904,9.99
29,0.0004,10.0,1.3477885723114014,10.040000000000001
29,0.0004,10.0,1.3517980575561523,10.07
29,0.0004,10.0,1.3557581901550293,10.07
29,0.0004,10.0,1.359800100326538,9.89
29,0.0004,10.0,1.3637681007385254,9.950000000000001
29,0.0004,10.0,1.3677685260772705,9.98
29,0.0004,10.0,1.371765375137329,9.77
29,0.0004,10.0,1.3757710456848145,9.93
29,0.0004,10.0,1.3797807693481445,9.88
29,0.0004,10.0,1.3837072849273682,10.11
29,0.0004,10.0,1.3875088691711426,9.89
29,0.0004,10.0,1.3913979530334473,9.85
29,0.0004,10.0,1.3954660892486572,9.99
29,0.0004,10.0,1.3997220993041992,9.84
29,0.0004,10.0,1.4037632942199707,9.99
29,0.0004,10.0,1.4077579975128174,9.91
29,0.0004,10.0,1.411804437637329,10.0
29,0.0004,10.0,1.415390968322754,9.93
29,0.0004,10.0,1.419323444366455,9.97
29,0.0004,10.0,1.4237630367279053,10.03
29,0.0004,10.0,1.42777681350708,9.89
29,0.0004,10.0,1.4317665100097656,10.07
29,0.0004,10.0,1.4357759952545166,9.99
29,0.0004,10.0,1.4397306442260742,10.05
29,0.0004,10.0,1.4437744617462158,10.14
29,0.0004,10.0,1.4477670192718506,9.96
29,0.0004,10.0,1.4517645835876465,10.03
29,0.0004,10.0,1.4557580947875977,10.03
29,0.0004,10.0,1.459735631942749,10.07
29,0.0004,10.0,1.4637672901153564,10.15
29,0.0004,10.0,1.4677345752716064,9.98
29,0.0004,10.0,1.471743106842041,9.700000000000001
29,0.0004,10.0,1.4757511615753174,9.8
29,0.0004,10.0,1.4797418117523193,9.97
29,0.0004,10.0,1.4836821556091309,9.99
29,0.0004,10.0,1.487457036972046,10.13
29,0.0004,10.0,1.4913036823272705,9.85
29,0.0004,10.0,1.4952983856201172,10.02
29,0.0004,10.0,1.4997060298919678,9.94
